﻿UPN,Number
adminrrrc@smrc.com.au,61893296415
adminwcf@smrc.com.au,61893296416
ajohnson@smrc.com.au,61893296417
aferris@smrc.com.au,61893296418
AKhan@smrc.com.au,61893296419
Bhonnor@smrc.com.au,61893296420
bdoherty@smrc.com.au,61893296421
cwiggins@smrc.com.au,61893296422
compliance@smrc.com.au,61893296423
dsharma@smrc.com.au,61893296424
edcentre@smrc.com.au,61893296425
EWilkerson@smrc.com.au,61893296426
fchan@smrc.com.au,61893296427
jcrowe@smrc.com.au,61893296428
adminassist@smrc.com.au,61893296429
jevans@smrc.com.au,61893296430
kswift@smrc.com.au,61893296431
mburton@smrc.com.au,61893296432
mlawrence@smrc.com.au,61893296433
stores@smrc.com.au,61893296434
nsheahan@smrc.com.au,61893296435
rgudi@smrc.com.au,61893296436
sdimmock@smrc.com.au,61893296437
adminmrf@smrc.com.au,61893296438
ttafua@smrc.com.au,61893296439
tbelcher@smrc.com.au,61893296440
tyoue@smrc.com.au,61893296441
weighbridge@smrc.com.au,61893296442
xurresti@smrc.com.au,61893296443
zpedder@smrc.com.au,61893296444
