﻿UPN,Number
am09061981@strikefuels.com.au,61732108215
ac09061982@strikefuels.com.au,61732108216
cm19011982@strikefuels.com.au,61732108217
cn04031982@strikefuels.com.au,61732108218
ch15091989@strikefuels.com.au,61732108219
dm29011981@strikefuels.com.au,61732108220
ek13031995@strikefuels.com.au,61732108221
em24111991@strikefuels.com.au,61732108222
fc15111988@strikefuels.com.au,61732108223
jp09111999@strikefuels.com.au,61732108224
jp28011961@strikefuels.com.au,61732108225
lm08111993@strikefuels.com.au,61732108226
mk25071983@strikefuels.com.au,61732108227
mb19091986@strikefuels.com.au,61732108228
sw02111986@strikefuels.com.au,61732108229
sr15121971@strikefuels.com.au,61732108230
