"DisplayName","UserPrincipalName","PhoneNumber"
"AA-Brendale","AA-Brendale@oxworks.onmicrosoft.com","tel:+61728998709"
"AA-Brendale","AA-Brendale@oxworks.onmicrosoft.com","tel:+61728998709"
"AA-Glendenning","AA-Glendenning@oxworks.onmicrosoft.com","tel:+61288694300"
"AA-Thornton","AA-Thornton@Oxworks.onmicrosoft.com","tel:+61240286321"
"AA-Smeaton","AA-Smeaton@Oxworks.onmicrosoft.com","tel:+61246473125"
"AA-Campbellfield","AA-Campbellfield@Oxworks.onmicrosoft.com","tel:+61393570105"
"AA-BibraLake","AA-BibraLake@Oxworks.onmicrosoft.com","tel:+61893957089"
"AA-Charmhaven","AA-Charmhaven@Oxworks.onmicrosoft.com",
