"DisplayName","UserPrincipalName","LineURI","EnterpriseVoiceEnabled","HostedVoiceMail"
"Stacey Rule","stacey.rule@tbtcbrisbanecity.com.au","tel:+61733259818","True","True"
"Elly Slade","elly.slade@entag.com.au","tel:+61733259819","True","True"
"Harry Dodeja","harry.dodeja@tbtcbrisbanecity.com.au","tel:+61733259820","True","True"
"Kirsty Lavender","kirsty.lavender@tbtcbrisbanecity.com.au","tel:+61733259821","True","True"
"Jordan Messenger","jordan.messenger@tbtcbrisbanecity.com.au","tel:+61733259823","True","True"
"Jake Van Den Bergh","jake.vandenbergh@entag.com.au","tel:+61733259824","True","True"
"Craig Attridge","craig.attridge@tbtcbrisbanecity.com.au","tel:+61733259827","True","True"
