DisplayName,FirstName,LastName,UPN,UsageLocation,SKU,Password
The Farm Shed - Common Area,,,ca.theshed@compassinc.org.au,AU,MCOCAP,Peace2U!
Compass Caloundra - Common Area,,,ca.compasscaloundra@compassinc.org.au,AU,MCOCAP,Peace2U!
Connections Cafe - Common Area,,,ca.connectionsstaff@compassinc.org.au,AU,MCOCAP,Peace2U!
Compass Gympie - Common Area,,,ca.compassgympie@compassinc.org.au,AU,MCOCAP,Peace2U!
Compass River Road - Common Area,,,ca.compassriverroad@compassinc.org.au,AU,MCOCAP,Peace2U!
Compass TAFE - Common Area,,,ca.compasstafe@compassinc.org.au,AU,MCOCAP,Peace2U!
