"DisplayName","UserPrinciPalName","LicensePlan","FriendlyNameofLicensePlan","ServiceName","FriendlyNameofServiceName","ProvisioningStatus"
"AA-Main","AA-Main@scancare.com.au","PHONESYSTEM_VIRTUALUSER","PHONESYSTEM_VIRTUALUSER","MCOEV_VIRTUALUSER","Skype","PendingInput"
"Shirley Laver","shirley@scancare.com.au","MCOEV","Microsoft Phone System","MCOEV","Skype","Success"
"Shirley Laver","shirley@scancare.com.au","MCOPSTNEAU2","MCOPSTNEAU2","MCOPSTNEAU","Skype","Success"
"Shirley Laver","shirley@scancare.com.au","ENTERPRISEPACK","Enterprise Plan E3","KAIZALA_O365_P3","KAIZALA_O365_P3","Success"
"Shirley Laver","shirley@scancare.com.au","ENTERPRISEPACK","Enterprise Plan E3","MICROSOFT_SEARCH","MICROSOFT_SEARCH","PendingProvisioning"
"Shirley Laver","shirley@scancare.com.au","ENTERPRISEPACK","Enterprise Plan E3","WHITEBOARD_PLAN2","WHITEBOARD_PLAN2","Success"
"Shirley Laver","shirley@scancare.com.au","ENTERPRISEPACK","Enterprise Plan E3","MIP_S_CLP1","MIP_S_CLP1","Success"
"Shirley Laver","shirley@scancare.com.au","ENTERPRISEPACK","Enterprise Plan E3","MYANALYTICS_P2","MYANALYTICS_P2","Success"
"Shirley Laver","shirley@scancare.com.au","ENTERPRISEPACK","Enterprise Plan E3","BPOS_S_TODO_2","To-Do","Success"
"Shirley Laver","shirley@scancare.com.au","ENTERPRISEPACK","Enterprise Plan E3","FORMS_PLAN_E3","Forms","Success"
"Shirley Laver","shirley@scancare.com.au","ENTERPRISEPACK","Enterprise Plan E3","STREAM_O365_E3","Stream","Success"
"Shirley Laver","shirley@scancare.com.au","ENTERPRISEPACK","Enterprise Plan E3","Deskless","Deskless","Success"
"Shirley Laver","shirley@scancare.com.au","ENTERPRISEPACK","Enterprise Plan E3","FLOW_O365_P2","Flow","Success"
"Shirley Laver","shirley@scancare.com.au","ENTERPRISEPACK","Enterprise Plan E3","POWERAPPS_O365_P2","Power Apps","Success"
"Shirley Laver","shirley@scancare.com.au","ENTERPRISEPACK","Enterprise Plan E3","TEAMS1","Teams","Success"
"Shirley Laver","shirley@scancare.com.au","ENTERPRISEPACK","Enterprise Plan E3","PROJECTWORKMANAGEMENT","Project Work Mgmt","Success"
"Shirley Laver","shirley@scancare.com.au","ENTERPRISEPACK","Enterprise Plan E3","SWAY","Sway","Success"
"Shirley Laver","shirley@scancare.com.au","ENTERPRISEPACK","Enterprise Plan E3","INTUNE_O365","Moblile Device Mgmt","PendingActivation"
"Shirley Laver","shirley@scancare.com.au","ENTERPRISEPACK","Enterprise Plan E3","YAMMER_ENTERPRISE","Yammer","Success"
"Shirley Laver","shirley@scancare.com.au","ENTERPRISEPACK","Enterprise Plan E3","RMS_S_ENTERPRISE","Azure Rights Management","Success"
"Shirley Laver","shirley@scancare.com.au","ENTERPRISEPACK","Enterprise Plan E3","OFFICESUBSCRIPTION","Office Pro+","Success"
"Shirley Laver","shirley@scancare.com.au","ENTERPRISEPACK","Enterprise Plan E3","MCOSTANDARD","Skype","Success"
"Shirley Laver","shirley@scancare.com.au","ENTERPRISEPACK","Enterprise Plan E3","SHAREPOINTWAC","Office Web Apps","Success"
"Shirley Laver","shirley@scancare.com.au","ENTERPRISEPACK","Enterprise Plan E3","SHAREPOINTENTERPRISE","SharePoint","Success"
"Shirley Laver","shirley@scancare.com.au","ENTERPRISEPACK","Enterprise Plan E3","EXCHANGE_S_ENTERPRISE","Exchange","Success"
"Peter Bass","peter.bass@scancare.com.au","MCOEV","Microsoft Phone System","MCOEV","Skype","Success"
"Peter Bass","peter.bass@scancare.com.au","MCOPSTNEAU2","MCOPSTNEAU2","MCOPSTNEAU","Skype","Success"
"Peter Bass","peter.bass@scancare.com.au","ENTERPRISEPACK","Enterprise Plan E3","KAIZALA_O365_P3","KAIZALA_O365_P3","Success"
"Peter Bass","peter.bass@scancare.com.au","ENTERPRISEPACK","Enterprise Plan E3","MICROSOFT_SEARCH","MICROSOFT_SEARCH","PendingProvisioning"
"Peter Bass","peter.bass@scancare.com.au","ENTERPRISEPACK","Enterprise Plan E3","WHITEBOARD_PLAN2","WHITEBOARD_PLAN2","Success"
"Peter Bass","peter.bass@scancare.com.au","ENTERPRISEPACK","Enterprise Plan E3","MIP_S_CLP1","MIP_S_CLP1","Success"
"Peter Bass","peter.bass@scancare.com.au","ENTERPRISEPACK","Enterprise Plan E3","MYANALYTICS_P2","MYANALYTICS_P2","Success"
"Peter Bass","peter.bass@scancare.com.au","ENTERPRISEPACK","Enterprise Plan E3","BPOS_S_TODO_2","To-Do","Success"
"Peter Bass","peter.bass@scancare.com.au","ENTERPRISEPACK","Enterprise Plan E3","FORMS_PLAN_E3","Forms","Success"
"Peter Bass","peter.bass@scancare.com.au","ENTERPRISEPACK","Enterprise Plan E3","STREAM_O365_E3","Stream","Success"
"Peter Bass","peter.bass@scancare.com.au","ENTERPRISEPACK","Enterprise Plan E3","Deskless","Deskless","Success"
"Peter Bass","peter.bass@scancare.com.au","ENTERPRISEPACK","Enterprise Plan E3","FLOW_O365_P2","Flow","Success"
"Peter Bass","peter.bass@scancare.com.au","ENTERPRISEPACK","Enterprise Plan E3","POWERAPPS_O365_P2","Power Apps","Success"
"Peter Bass","peter.bass@scancare.com.au","ENTERPRISEPACK","Enterprise Plan E3","TEAMS1","Teams","Success"
"Peter Bass","peter.bass@scancare.com.au","ENTERPRISEPACK","Enterprise Plan E3","PROJECTWORKMANAGEMENT","Project Work Mgmt","Success"
"Peter Bass","peter.bass@scancare.com.au","ENTERPRISEPACK","Enterprise Plan E3","SWAY","Sway","Success"
"Peter Bass","peter.bass@scancare.com.au","ENTERPRISEPACK","Enterprise Plan E3","INTUNE_O365","Moblile Device Mgmt","PendingActivation"
"Peter Bass","peter.bass@scancare.com.au","ENTERPRISEPACK","Enterprise Plan E3","YAMMER_ENTERPRISE","Yammer","Success"
"Peter Bass","peter.bass@scancare.com.au","ENTERPRISEPACK","Enterprise Plan E3","RMS_S_ENTERPRISE","Azure Rights Management","Success"
"Peter Bass","peter.bass@scancare.com.au","ENTERPRISEPACK","Enterprise Plan E3","OFFICESUBSCRIPTION","Office Pro+","Success"
"Peter Bass","peter.bass@scancare.com.au","ENTERPRISEPACK","Enterprise Plan E3","MCOSTANDARD","Skype","Success"
"Peter Bass","peter.bass@scancare.com.au","ENTERPRISEPACK","Enterprise Plan E3","SHAREPOINTWAC","Office Web Apps","Success"
"Peter Bass","peter.bass@scancare.com.au","ENTERPRISEPACK","Enterprise Plan E3","SHAREPOINTENTERPRISE","SharePoint","Success"
"Peter Bass","peter.bass@scancare.com.au","ENTERPRISEPACK","Enterprise Plan E3","EXCHANGE_S_ENTERPRISE","Exchange","Success"
"Jemma Smith","jemma.smith@scancare.com.au","MCOEV","Microsoft Phone System","MCOEV","Skype","Success"
"Jemma Smith","jemma.smith@scancare.com.au","MCOPSTNEAU2","MCOPSTNEAU2","MCOPSTNEAU","Skype","Success"
"Jemma Smith","jemma.smith@scancare.com.au","ENTERPRISEPACK","Enterprise Plan E3","KAIZALA_O365_P3","KAIZALA_O365_P3","Success"
"Jemma Smith","jemma.smith@scancare.com.au","ENTERPRISEPACK","Enterprise Plan E3","MICROSOFT_SEARCH","MICROSOFT_SEARCH","PendingProvisioning"
"Jemma Smith","jemma.smith@scancare.com.au","ENTERPRISEPACK","Enterprise Plan E3","WHITEBOARD_PLAN2","WHITEBOARD_PLAN2","Success"
"Jemma Smith","jemma.smith@scancare.com.au","ENTERPRISEPACK","Enterprise Plan E3","MIP_S_CLP1","MIP_S_CLP1","Success"
"Jemma Smith","jemma.smith@scancare.com.au","ENTERPRISEPACK","Enterprise Plan E3","MYANALYTICS_P2","MYANALYTICS_P2","Success"
"Jemma Smith","jemma.smith@scancare.com.au","ENTERPRISEPACK","Enterprise Plan E3","BPOS_S_TODO_2","To-Do","Success"
"Jemma Smith","jemma.smith@scancare.com.au","ENTERPRISEPACK","Enterprise Plan E3","FORMS_PLAN_E3","Forms","Success"
"Jemma Smith","jemma.smith@scancare.com.au","ENTERPRISEPACK","Enterprise Plan E3","STREAM_O365_E3","Stream","Success"
"Jemma Smith","jemma.smith@scancare.com.au","ENTERPRISEPACK","Enterprise Plan E3","Deskless","Deskless","Success"
"Jemma Smith","jemma.smith@scancare.com.au","ENTERPRISEPACK","Enterprise Plan E3","FLOW_O365_P2","Flow","Success"
"Jemma Smith","jemma.smith@scancare.com.au","ENTERPRISEPACK","Enterprise Plan E3","POWERAPPS_O365_P2","Power Apps","Success"
"Jemma Smith","jemma.smith@scancare.com.au","ENTERPRISEPACK","Enterprise Plan E3","TEAMS1","Teams","Success"
"Jemma Smith","jemma.smith@scancare.com.au","ENTERPRISEPACK","Enterprise Plan E3","PROJECTWORKMANAGEMENT","Project Work Mgmt","Success"
"Jemma Smith","jemma.smith@scancare.com.au","ENTERPRISEPACK","Enterprise Plan E3","SWAY","Sway","Success"
"Jemma Smith","jemma.smith@scancare.com.au","ENTERPRISEPACK","Enterprise Plan E3","INTUNE_O365","Moblile Device Mgmt","PendingActivation"
"Jemma Smith","jemma.smith@scancare.com.au","ENTERPRISEPACK","Enterprise Plan E3","YAMMER_ENTERPRISE","Yammer","Success"
"Jemma Smith","jemma.smith@scancare.com.au","ENTERPRISEPACK","Enterprise Plan E3","RMS_S_ENTERPRISE","Azure Rights Management","Success"
"Jemma Smith","jemma.smith@scancare.com.au","ENTERPRISEPACK","Enterprise Plan E3","OFFICESUBSCRIPTION","Office Pro+","Success"
"Jemma Smith","jemma.smith@scancare.com.au","ENTERPRISEPACK","Enterprise Plan E3","MCOSTANDARD","Skype","Success"
"Jemma Smith","jemma.smith@scancare.com.au","ENTERPRISEPACK","Enterprise Plan E3","SHAREPOINTWAC","Office Web Apps","Success"
"Jemma Smith","jemma.smith@scancare.com.au","ENTERPRISEPACK","Enterprise Plan E3","SHAREPOINTENTERPRISE","SharePoint","Success"
"Jemma Smith","jemma.smith@scancare.com.au","ENTERPRISEPACK","Enterprise Plan E3","EXCHANGE_S_ENTERPRISE","Exchange","Success"
"Jemma Smith","jemma.smith@scancare.com.au","FLOW_FREE","Microsoft Flow Free","EXCHANGE_S_FOUNDATION","Exchange","PendingProvisioning"
"Jemma Smith","jemma.smith@scancare.com.au","FLOW_FREE","Microsoft Flow Free","DYN365_CDS_VIRAL","DYN365_CDS_VIRAL","Success"
"Jemma Smith","jemma.smith@scancare.com.au","FLOW_FREE","Microsoft Flow Free","FLOW_P2_VIRAL","Flow","Success"
"Gordon Elliott","gordon.elliott@scancare.com.au","O365_BUSINESS_PREMIUM","Office 365 Business Premium","MICROSOFT_SEARCH","MICROSOFT_SEARCH","PendingProvisioning"
"Gordon Elliott","gordon.elliott@scancare.com.au","O365_BUSINESS_PREMIUM","Office 365 Business Premium","WHITEBOARD_PLAN1","WHITEBOARD_PLAN1","PendingProvisioning"
"Gordon Elliott","gordon.elliott@scancare.com.au","O365_BUSINESS_PREMIUM","Office 365 Business Premium","MYANALYTICS_P2","MYANALYTICS_P2","Success"
"Gordon Elliott","gordon.elliott@scancare.com.au","O365_BUSINESS_PREMIUM","Office 365 Business Premium","DYN365BC_MS_INVOICING","DYN365BC_MS_INVOICING","Success"
"Gordon Elliott","gordon.elliott@scancare.com.au","O365_BUSINESS_PREMIUM","Office 365 Business Premium","KAIZALA_O365_P2","KAIZALA_O365_P2","Success"
"Gordon Elliott","gordon.elliott@scancare.com.au","O365_BUSINESS_PREMIUM","Office 365 Business Premium","STREAM_O365_SMB","Stream","Success"
"Gordon Elliott","gordon.elliott@scancare.com.au","O365_BUSINESS_PREMIUM","Office 365 Business Premium","Deskless","Deskless","Success"
"Gordon Elliott","gordon.elliott@scancare.com.au","O365_BUSINESS_PREMIUM","Office 365 Business Premium","BPOS_S_TODO_1","To-Do","Success"
"Gordon Elliott","gordon.elliott@scancare.com.au","O365_BUSINESS_PREMIUM","Office 365 Business Premium","MICROSOFTBOOKINGS","MICROSOFTBOOKINGS","Success"
"Gordon Elliott","gordon.elliott@scancare.com.au","O365_BUSINESS_PREMIUM","Office 365 Business Premium","FORMS_PLAN_E1","Forms","Success"
"Gordon Elliott","gordon.elliott@scancare.com.au","O365_BUSINESS_PREMIUM","Office 365 Business Premium","FLOW_O365_P1","Flow","Success"
"Gordon Elliott","gordon.elliott@scancare.com.au","O365_BUSINESS_PREMIUM","Office 365 Business Premium","POWERAPPS_O365_P1","Power Apps","Success"
"Gordon Elliott","gordon.elliott@scancare.com.au","O365_BUSINESS_PREMIUM","Office 365 Business Premium","O365_SB_Relationship_Management","O365_SB_Relationship_Management","Success"
"Gordon Elliott","gordon.elliott@scancare.com.au","O365_BUSINESS_PREMIUM","Office 365 Business Premium","TEAMS1","Teams","Success"
"Gordon Elliott","gordon.elliott@scancare.com.au","O365_BUSINESS_PREMIUM","Office 365 Business Premium","PROJECTWORKMANAGEMENT","Project Work Mgmt","Success"
"Gordon Elliott","gordon.elliott@scancare.com.au","O365_BUSINESS_PREMIUM","Office 365 Business Premium","SWAY","Sway","Success"
"Gordon Elliott","gordon.elliott@scancare.com.au","O365_BUSINESS_PREMIUM","Office 365 Business Premium","INTUNE_O365","Moblile Device Mgmt","PendingActivation"
"Gordon Elliott","gordon.elliott@scancare.com.au","O365_BUSINESS_PREMIUM","Office 365 Business Premium","SHAREPOINTWAC","Office Web Apps","Success"
"Gordon Elliott","gordon.elliott@scancare.com.au","O365_BUSINESS_PREMIUM","Office 365 Business Premium","OFFICE_BUSINESS","Office","Success"
"Gordon Elliott","gordon.elliott@scancare.com.au","O365_BUSINESS_PREMIUM","Office 365 Business Premium","YAMMER_ENTERPRISE","Yammer","Success"
"Gordon Elliott","gordon.elliott@scancare.com.au","O365_BUSINESS_PREMIUM","Office 365 Business Premium","EXCHANGE_S_STANDARD","Exchange","Success"
"Gordon Elliott","gordon.elliott@scancare.com.au","O365_BUSINESS_PREMIUM","Office 365 Business Premium","MCOSTANDARD","Skype","Success"
"Gordon Elliott","gordon.elliott@scancare.com.au","O365_BUSINESS_PREMIUM","Office 365 Business Premium","SHAREPOINTSTANDARD","SharePoint","Success"
"Michael Stanton","michael@scancare.com.au","ENTERPRISEPACK","Enterprise Plan E3","KAIZALA_O365_P3","KAIZALA_O365_P3","Success"
"Michael Stanton","michael@scancare.com.au","ENTERPRISEPACK","Enterprise Plan E3","MICROSOFT_SEARCH","MICROSOFT_SEARCH","PendingProvisioning"
"Michael Stanton","michael@scancare.com.au","ENTERPRISEPACK","Enterprise Plan E3","WHITEBOARD_PLAN2","WHITEBOARD_PLAN2","Success"
"Michael Stanton","michael@scancare.com.au","ENTERPRISEPACK","Enterprise Plan E3","MIP_S_CLP1","MIP_S_CLP1","Success"
"Michael Stanton","michael@scancare.com.au","ENTERPRISEPACK","Enterprise Plan E3","MYANALYTICS_P2","MYANALYTICS_P2","Success"
"Michael Stanton","michael@scancare.com.au","ENTERPRISEPACK","Enterprise Plan E3","BPOS_S_TODO_2","To-Do","Success"
"Michael Stanton","michael@scancare.com.au","ENTERPRISEPACK","Enterprise Plan E3","FORMS_PLAN_E3","Forms","Success"
"Michael Stanton","michael@scancare.com.au","ENTERPRISEPACK","Enterprise Plan E3","STREAM_O365_E3","Stream","Success"
"Michael Stanton","michael@scancare.com.au","ENTERPRISEPACK","Enterprise Plan E3","Deskless","Deskless","Success"
"Michael Stanton","michael@scancare.com.au","ENTERPRISEPACK","Enterprise Plan E3","FLOW_O365_P2","Flow","Success"
"Michael Stanton","michael@scancare.com.au","ENTERPRISEPACK","Enterprise Plan E3","POWERAPPS_O365_P2","Power Apps","Success"
"Michael Stanton","michael@scancare.com.au","ENTERPRISEPACK","Enterprise Plan E3","TEAMS1","Teams","Success"
"Michael Stanton","michael@scancare.com.au","ENTERPRISEPACK","Enterprise Plan E3","PROJECTWORKMANAGEMENT","Project Work Mgmt","Success"
"Michael Stanton","michael@scancare.com.au","ENTERPRISEPACK","Enterprise Plan E3","SWAY","Sway","Success"
"Michael Stanton","michael@scancare.com.au","ENTERPRISEPACK","Enterprise Plan E3","INTUNE_O365","Moblile Device Mgmt","PendingActivation"
"Michael Stanton","michael@scancare.com.au","ENTERPRISEPACK","Enterprise Plan E3","YAMMER_ENTERPRISE","Yammer","Success"
"Michael Stanton","michael@scancare.com.au","ENTERPRISEPACK","Enterprise Plan E3","RMS_S_ENTERPRISE","Azure Rights Management","Success"
"Michael Stanton","michael@scancare.com.au","ENTERPRISEPACK","Enterprise Plan E3","OFFICESUBSCRIPTION","Office Pro+","Success"
"Michael Stanton","michael@scancare.com.au","ENTERPRISEPACK","Enterprise Plan E3","MCOSTANDARD","Skype","Success"
"Michael Stanton","michael@scancare.com.au","ENTERPRISEPACK","Enterprise Plan E3","SHAREPOINTWAC","Office Web Apps","Success"
"Michael Stanton","michael@scancare.com.au","ENTERPRISEPACK","Enterprise Plan E3","SHAREPOINTENTERPRISE","SharePoint","Success"
"Michael Stanton","michael@scancare.com.au","ENTERPRISEPACK","Enterprise Plan E3","EXCHANGE_S_ENTERPRISE","Exchange","Success"
"Michael Stanton","michael@scancare.com.au","MCOPSTNEAU2","MCOPSTNEAU2","MCOPSTNEAU","Skype","Success"
"Michael Stanton","michael@scancare.com.au","MCOEV","Microsoft Phone System","MCOEV","Skype","Success"
"Michael Stanton","michael@scancare.com.au","POWERAPPS_VIRAL","POWERAPPS_VIRAL","EXCHANGE_S_FOUNDATION","Exchange","PendingProvisioning"
"Michael Stanton","michael@scancare.com.au","POWERAPPS_VIRAL","POWERAPPS_VIRAL","FLOW_P2_VIRAL_REAL","Flow","Success"
"Michael Stanton","michael@scancare.com.au","POWERAPPS_VIRAL","POWERAPPS_VIRAL","DYN365_CDS_VIRAL","DYN365_CDS_VIRAL","Success"
"Michael Stanton","michael@scancare.com.au","POWERAPPS_VIRAL","POWERAPPS_VIRAL","POWERAPPS_P2_VIRAL","Power Apps","Success"
"Michael Stanton","michael@scancare.com.au","POWERAPPS_VIRAL","POWERAPPS_VIRAL","FLOW_P2_VIRAL","Flow","Success"
"Jasper Freitag","jasper.freitag@scancare.com.au","MCOEV","Microsoft Phone System","MCOEV","Skype","Success"
"Jasper Freitag","jasper.freitag@scancare.com.au","MCOPSTNEAU2","MCOPSTNEAU2","MCOPSTNEAU","Skype","Success"
"Jasper Freitag","jasper.freitag@scancare.com.au","ENTERPRISEPACK","Enterprise Plan E3","KAIZALA_O365_P3","KAIZALA_O365_P3","Success"
"Jasper Freitag","jasper.freitag@scancare.com.au","ENTERPRISEPACK","Enterprise Plan E3","MICROSOFT_SEARCH","MICROSOFT_SEARCH","PendingProvisioning"
"Jasper Freitag","jasper.freitag@scancare.com.au","ENTERPRISEPACK","Enterprise Plan E3","WHITEBOARD_PLAN2","WHITEBOARD_PLAN2","Success"
"Jasper Freitag","jasper.freitag@scancare.com.au","ENTERPRISEPACK","Enterprise Plan E3","MIP_S_CLP1","MIP_S_CLP1","Success"
"Jasper Freitag","jasper.freitag@scancare.com.au","ENTERPRISEPACK","Enterprise Plan E3","MYANALYTICS_P2","MYANALYTICS_P2","Success"
"Jasper Freitag","jasper.freitag@scancare.com.au","ENTERPRISEPACK","Enterprise Plan E3","BPOS_S_TODO_2","To-Do","Success"
"Jasper Freitag","jasper.freitag@scancare.com.au","ENTERPRISEPACK","Enterprise Plan E3","FORMS_PLAN_E3","Forms","Success"
"Jasper Freitag","jasper.freitag@scancare.com.au","ENTERPRISEPACK","Enterprise Plan E3","STREAM_O365_E3","Stream","Success"
"Jasper Freitag","jasper.freitag@scancare.com.au","ENTERPRISEPACK","Enterprise Plan E3","Deskless","Deskless","Success"
"Jasper Freitag","jasper.freitag@scancare.com.au","ENTERPRISEPACK","Enterprise Plan E3","FLOW_O365_P2","Flow","Success"
"Jasper Freitag","jasper.freitag@scancare.com.au","ENTERPRISEPACK","Enterprise Plan E3","POWERAPPS_O365_P2","Power Apps","Success"
"Jasper Freitag","jasper.freitag@scancare.com.au","ENTERPRISEPACK","Enterprise Plan E3","TEAMS1","Teams","Success"
"Jasper Freitag","jasper.freitag@scancare.com.au","ENTERPRISEPACK","Enterprise Plan E3","PROJECTWORKMANAGEMENT","Project Work Mgmt","Success"
"Jasper Freitag","jasper.freitag@scancare.com.au","ENTERPRISEPACK","Enterprise Plan E3","SWAY","Sway","Success"
"Jasper Freitag","jasper.freitag@scancare.com.au","ENTERPRISEPACK","Enterprise Plan E3","INTUNE_O365","Moblile Device Mgmt","PendingActivation"
"Jasper Freitag","jasper.freitag@scancare.com.au","ENTERPRISEPACK","Enterprise Plan E3","YAMMER_ENTERPRISE","Yammer","Success"
"Jasper Freitag","jasper.freitag@scancare.com.au","ENTERPRISEPACK","Enterprise Plan E3","RMS_S_ENTERPRISE","Azure Rights Management","Success"
"Jasper Freitag","jasper.freitag@scancare.com.au","ENTERPRISEPACK","Enterprise Plan E3","OFFICESUBSCRIPTION","Office Pro+","Success"
"Jasper Freitag","jasper.freitag@scancare.com.au","ENTERPRISEPACK","Enterprise Plan E3","MCOSTANDARD","Skype","Success"
"Jasper Freitag","jasper.freitag@scancare.com.au","ENTERPRISEPACK","Enterprise Plan E3","SHAREPOINTWAC","Office Web Apps","Success"
"Jasper Freitag","jasper.freitag@scancare.com.au","ENTERPRISEPACK","Enterprise Plan E3","SHAREPOINTENTERPRISE","SharePoint","Success"
"Jasper Freitag","jasper.freitag@scancare.com.au","ENTERPRISEPACK","Enterprise Plan E3","EXCHANGE_S_ENTERPRISE","Exchange","Success"
"Jasper Freitag","jasper.freitag@scancare.com.au","FLOW_FREE","Microsoft Flow Free","EXCHANGE_S_FOUNDATION","Exchange","PendingProvisioning"
"Jasper Freitag","jasper.freitag@scancare.com.au","FLOW_FREE","Microsoft Flow Free","DYN365_CDS_VIRAL","DYN365_CDS_VIRAL","Success"
"Jasper Freitag","jasper.freitag@scancare.com.au","FLOW_FREE","Microsoft Flow Free","FLOW_P2_VIRAL","Flow","Success"
"Andrew Makepeace","andrew@scancare.com.au","MCOEV","Microsoft Phone System","MCOEV","Skype","Success"
"Andrew Makepeace","andrew@scancare.com.au","MCOPSTNEAU2","MCOPSTNEAU2","MCOPSTNEAU","Skype","Success"
"Andrew Makepeace","andrew@scancare.com.au","ENTERPRISEPACK","Enterprise Plan E3","KAIZALA_O365_P3","KAIZALA_O365_P3","Success"
"Andrew Makepeace","andrew@scancare.com.au","ENTERPRISEPACK","Enterprise Plan E3","MICROSOFT_SEARCH","MICROSOFT_SEARCH","PendingProvisioning"
"Andrew Makepeace","andrew@scancare.com.au","ENTERPRISEPACK","Enterprise Plan E3","WHITEBOARD_PLAN2","WHITEBOARD_PLAN2","Success"
"Andrew Makepeace","andrew@scancare.com.au","ENTERPRISEPACK","Enterprise Plan E3","MIP_S_CLP1","MIP_S_CLP1","Success"
"Andrew Makepeace","andrew@scancare.com.au","ENTERPRISEPACK","Enterprise Plan E3","MYANALYTICS_P2","MYANALYTICS_P2","Success"
"Andrew Makepeace","andrew@scancare.com.au","ENTERPRISEPACK","Enterprise Plan E3","BPOS_S_TODO_2","To-Do","Success"
"Andrew Makepeace","andrew@scancare.com.au","ENTERPRISEPACK","Enterprise Plan E3","FORMS_PLAN_E3","Forms","Success"
"Andrew Makepeace","andrew@scancare.com.au","ENTERPRISEPACK","Enterprise Plan E3","STREAM_O365_E3","Stream","Success"
"Andrew Makepeace","andrew@scancare.com.au","ENTERPRISEPACK","Enterprise Plan E3","Deskless","Deskless","Success"
"Andrew Makepeace","andrew@scancare.com.au","ENTERPRISEPACK","Enterprise Plan E3","FLOW_O365_P2","Flow","Success"
"Andrew Makepeace","andrew@scancare.com.au","ENTERPRISEPACK","Enterprise Plan E3","POWERAPPS_O365_P2","Power Apps","Success"
"Andrew Makepeace","andrew@scancare.com.au","ENTERPRISEPACK","Enterprise Plan E3","TEAMS1","Teams","Success"
"Andrew Makepeace","andrew@scancare.com.au","ENTERPRISEPACK","Enterprise Plan E3","PROJECTWORKMANAGEMENT","Project Work Mgmt","Success"
"Andrew Makepeace","andrew@scancare.com.au","ENTERPRISEPACK","Enterprise Plan E3","SWAY","Sway","Success"
"Andrew Makepeace","andrew@scancare.com.au","ENTERPRISEPACK","Enterprise Plan E3","INTUNE_O365","Moblile Device Mgmt","PendingActivation"
"Andrew Makepeace","andrew@scancare.com.au","ENTERPRISEPACK","Enterprise Plan E3","YAMMER_ENTERPRISE","Yammer","Success"
"Andrew Makepeace","andrew@scancare.com.au","ENTERPRISEPACK","Enterprise Plan E3","RMS_S_ENTERPRISE","Azure Rights Management","Success"
"Andrew Makepeace","andrew@scancare.com.au","ENTERPRISEPACK","Enterprise Plan E3","OFFICESUBSCRIPTION","Office Pro+","Success"
"Andrew Makepeace","andrew@scancare.com.au","ENTERPRISEPACK","Enterprise Plan E3","MCOSTANDARD","Skype","Success"
"Andrew Makepeace","andrew@scancare.com.au","ENTERPRISEPACK","Enterprise Plan E3","SHAREPOINTWAC","Office Web Apps","Success"
"Andrew Makepeace","andrew@scancare.com.au","ENTERPRISEPACK","Enterprise Plan E3","SHAREPOINTENTERPRISE","SharePoint","Success"
"Andrew Makepeace","andrew@scancare.com.au","ENTERPRISEPACK","Enterprise Plan E3","EXCHANGE_S_ENTERPRISE","Exchange","Success"
"ScanCARE Voicemail","scvm@scancare.com.au","MCOEV","Microsoft Phone System","MCOEV","Skype","Success"
"ScanCARE Voicemail","scvm@scancare.com.au","DESKLESSPACK","Office 365 (Plan K1)","KAIZALA_O365_P1","KAIZALA_O365_P1","Disabled"
"ScanCARE Voicemail","scvm@scancare.com.au","DESKLESSPACK","Office 365 (Plan K1)","MICROSOFT_SEARCH","MICROSOFT_SEARCH","PendingProvisioning"
"ScanCARE Voicemail","scvm@scancare.com.au","DESKLESSPACK","Office 365 (Plan K1)","WHITEBOARD_FIRSTLINE1","WHITEBOARD_FIRSTLINE1","Disabled"
"ScanCARE Voicemail","scvm@scancare.com.au","DESKLESSPACK","Office 365 (Plan K1)","OFFICEMOBILE_SUBSCRIPTION","Office","Disabled"
"ScanCARE Voicemail","scvm@scancare.com.au","DESKLESSPACK","Office 365 (Plan K1)","BPOS_S_TODO_FIRSTLINE","To-Do","Disabled"
"ScanCARE Voicemail","scvm@scancare.com.au","DESKLESSPACK","Office 365 (Plan K1)","FORMS_PLAN_K","Forms","Disabled"
"ScanCARE Voicemail","scvm@scancare.com.au","DESKLESSPACK","Office 365 (Plan K1)","STREAM_O365_K","Stream","Disabled"
"ScanCARE Voicemail","scvm@scancare.com.au","DESKLESSPACK","Office 365 (Plan K1)","FLOW_O365_S1","Flow","Disabled"
"ScanCARE Voicemail","scvm@scancare.com.au","DESKLESSPACK","Office 365 (Plan K1)","POWERAPPS_O365_S1","Power Apps","Disabled"
"ScanCARE Voicemail","scvm@scancare.com.au","DESKLESSPACK","Office 365 (Plan K1)","TEAMS1","Teams","Success"
"ScanCARE Voicemail","scvm@scancare.com.au","DESKLESSPACK","Office 365 (Plan K1)","Deskless","Deskless","Disabled"
"ScanCARE Voicemail","scvm@scancare.com.au","DESKLESSPACK","Office 365 (Plan K1)","MCOIMP","Skype","Success"
"ScanCARE Voicemail","scvm@scancare.com.au","DESKLESSPACK","Office 365 (Plan K1)","SHAREPOINTWAC","Office Web Apps","Success"
"ScanCARE Voicemail","scvm@scancare.com.au","DESKLESSPACK","Office 365 (Plan K1)","SWAY","Sway","Disabled"
"ScanCARE Voicemail","scvm@scancare.com.au","DESKLESSPACK","Office 365 (Plan K1)","INTUNE_O365","Moblile Device Mgmt","PendingActivation"
"ScanCARE Voicemail","scvm@scancare.com.au","DESKLESSPACK","Office 365 (Plan K1)","YAMMER_ENTERPRISE","Yammer","Disabled"
"ScanCARE Voicemail","scvm@scancare.com.au","DESKLESSPACK","Office 365 (Plan K1)","SHAREPOINTDESKLESS","Deskless","Success"
"ScanCARE Voicemail","scvm@scancare.com.au","DESKLESSPACK","Office 365 (Plan K1)","EXCHANGE_S_DESKLESS","Deskless","Success"
"Scancare Fax","fax@scancare.com.au","O365_BUSINESS_PREMIUM","Office 365 Business Premium","MICROSOFT_SEARCH","MICROSOFT_SEARCH","PendingProvisioning"
"Scancare Fax","fax@scancare.com.au","O365_BUSINESS_PREMIUM","Office 365 Business Premium","WHITEBOARD_PLAN1","WHITEBOARD_PLAN1","PendingProvisioning"
"Scancare Fax","fax@scancare.com.au","O365_BUSINESS_PREMIUM","Office 365 Business Premium","MYANALYTICS_P2","MYANALYTICS_P2","Success"
"Scancare Fax","fax@scancare.com.au","O365_BUSINESS_PREMIUM","Office 365 Business Premium","DYN365BC_MS_INVOICING","DYN365BC_MS_INVOICING","Success"
"Scancare Fax","fax@scancare.com.au","O365_BUSINESS_PREMIUM","Office 365 Business Premium","KAIZALA_O365_P2","KAIZALA_O365_P2","Success"
"Scancare Fax","fax@scancare.com.au","O365_BUSINESS_PREMIUM","Office 365 Business Premium","STREAM_O365_SMB","Stream","Success"
"Scancare Fax","fax@scancare.com.au","O365_BUSINESS_PREMIUM","Office 365 Business Premium","Deskless","Deskless","Success"
"Scancare Fax","fax@scancare.com.au","O365_BUSINESS_PREMIUM","Office 365 Business Premium","BPOS_S_TODO_1","To-Do","Success"
"Scancare Fax","fax@scancare.com.au","O365_BUSINESS_PREMIUM","Office 365 Business Premium","MICROSOFTBOOKINGS","MICROSOFTBOOKINGS","Success"
"Scancare Fax","fax@scancare.com.au","O365_BUSINESS_PREMIUM","Office 365 Business Premium","FORMS_PLAN_E1","Forms","Success"
"Scancare Fax","fax@scancare.com.au","O365_BUSINESS_PREMIUM","Office 365 Business Premium","FLOW_O365_P1","Flow","Success"
"Scancare Fax","fax@scancare.com.au","O365_BUSINESS_PREMIUM","Office 365 Business Premium","POWERAPPS_O365_P1","Power Apps","Success"
"Scancare Fax","fax@scancare.com.au","O365_BUSINESS_PREMIUM","Office 365 Business Premium","O365_SB_Relationship_Management","O365_SB_Relationship_Management","Success"
"Scancare Fax","fax@scancare.com.au","O365_BUSINESS_PREMIUM","Office 365 Business Premium","TEAMS1","Teams","Success"
"Scancare Fax","fax@scancare.com.au","O365_BUSINESS_PREMIUM","Office 365 Business Premium","PROJECTWORKMANAGEMENT","Project Work Mgmt","Success"
"Scancare Fax","fax@scancare.com.au","O365_BUSINESS_PREMIUM","Office 365 Business Premium","SWAY","Sway","Success"
"Scancare Fax","fax@scancare.com.au","O365_BUSINESS_PREMIUM","Office 365 Business Premium","INTUNE_O365","Moblile Device Mgmt","PendingActivation"
"Scancare Fax","fax@scancare.com.au","O365_BUSINESS_PREMIUM","Office 365 Business Premium","SHAREPOINTWAC","Office Web Apps","Success"
"Scancare Fax","fax@scancare.com.au","O365_BUSINESS_PREMIUM","Office 365 Business Premium","OFFICE_BUSINESS","Office","Success"
"Scancare Fax","fax@scancare.com.au","O365_BUSINESS_PREMIUM","Office 365 Business Premium","YAMMER_ENTERPRISE","Yammer","Success"
"Scancare Fax","fax@scancare.com.au","O365_BUSINESS_PREMIUM","Office 365 Business Premium","EXCHANGE_S_STANDARD","Exchange","Success"
"Scancare Fax","fax@scancare.com.au","O365_BUSINESS_PREMIUM","Office 365 Business Premium","MCOSTANDARD","Skype","Success"
"Scancare Fax","fax@scancare.com.au","O365_BUSINESS_PREMIUM","Office 365 Business Premium","SHAREPOINTSTANDARD","SharePoint","Success"
"Fax Redirection","FaxRedirection@scancare.com.au","MCOPSTNEAU2","MCOPSTNEAU2","MCOPSTNEAU","Skype","Success"
"Fax Redirection","FaxRedirection@scancare.com.au","MCOCAP","MCOCAP","TEAMS1","Teams","Success"
"Fax Redirection","FaxRedirection@scancare.com.au","MCOCAP","MCOCAP","MCOEV","Skype","Success"
"Fax Redirection","FaxRedirection@scancare.com.au","MCOCAP","MCOCAP","MCOSTANDARD","Skype","Success"
"Tickets System","tickets@scancare.com.au","O365_BUSINESS_PREMIUM","Office 365 Business Premium","MICROSOFT_SEARCH","MICROSOFT_SEARCH","PendingProvisioning"
"Tickets System","tickets@scancare.com.au","O365_BUSINESS_PREMIUM","Office 365 Business Premium","WHITEBOARD_PLAN1","WHITEBOARD_PLAN1","PendingProvisioning"
"Tickets System","tickets@scancare.com.au","O365_BUSINESS_PREMIUM","Office 365 Business Premium","MYANALYTICS_P2","MYANALYTICS_P2","Success"
"Tickets System","tickets@scancare.com.au","O365_BUSINESS_PREMIUM","Office 365 Business Premium","DYN365BC_MS_INVOICING","DYN365BC_MS_INVOICING","Success"
"Tickets System","tickets@scancare.com.au","O365_BUSINESS_PREMIUM","Office 365 Business Premium","KAIZALA_O365_P2","KAIZALA_O365_P2","Success"
"Tickets System","tickets@scancare.com.au","O365_BUSINESS_PREMIUM","Office 365 Business Premium","STREAM_O365_SMB","Stream","Success"
"Tickets System","tickets@scancare.com.au","O365_BUSINESS_PREMIUM","Office 365 Business Premium","Deskless","Deskless","Success"
"Tickets System","tickets@scancare.com.au","O365_BUSINESS_PREMIUM","Office 365 Business Premium","BPOS_S_TODO_1","To-Do","Success"
"Tickets System","tickets@scancare.com.au","O365_BUSINESS_PREMIUM","Office 365 Business Premium","MICROSOFTBOOKINGS","MICROSOFTBOOKINGS","Success"
"Tickets System","tickets@scancare.com.au","O365_BUSINESS_PREMIUM","Office 365 Business Premium","FORMS_PLAN_E1","Forms","Success"
"Tickets System","tickets@scancare.com.au","O365_BUSINESS_PREMIUM","Office 365 Business Premium","FLOW_O365_P1","Flow","Success"
"Tickets System","tickets@scancare.com.au","O365_BUSINESS_PREMIUM","Office 365 Business Premium","POWERAPPS_O365_P1","Power Apps","Success"
"Tickets System","tickets@scancare.com.au","O365_BUSINESS_PREMIUM","Office 365 Business Premium","O365_SB_Relationship_Management","O365_SB_Relationship_Management","Success"
"Tickets System","tickets@scancare.com.au","O365_BUSINESS_PREMIUM","Office 365 Business Premium","TEAMS1","Teams","Success"
"Tickets System","tickets@scancare.com.au","O365_BUSINESS_PREMIUM","Office 365 Business Premium","PROJECTWORKMANAGEMENT","Project Work Mgmt","Success"
"Tickets System","tickets@scancare.com.au","O365_BUSINESS_PREMIUM","Office 365 Business Premium","SWAY","Sway","Success"
"Tickets System","tickets@scancare.com.au","O365_BUSINESS_PREMIUM","Office 365 Business Premium","INTUNE_O365","Moblile Device Mgmt","PendingActivation"
"Tickets System","tickets@scancare.com.au","O365_BUSINESS_PREMIUM","Office 365 Business Premium","SHAREPOINTWAC","Office Web Apps","Success"
"Tickets System","tickets@scancare.com.au","O365_BUSINESS_PREMIUM","Office 365 Business Premium","OFFICE_BUSINESS","Office","Success"
"Tickets System","tickets@scancare.com.au","O365_BUSINESS_PREMIUM","Office 365 Business Premium","YAMMER_ENTERPRISE","Yammer","Success"
"Tickets System","tickets@scancare.com.au","O365_BUSINESS_PREMIUM","Office 365 Business Premium","EXCHANGE_S_STANDARD","Exchange","Success"
"Tickets System","tickets@scancare.com.au","O365_BUSINESS_PREMIUM","Office 365 Business Premium","MCOSTANDARD","Skype","Success"
"Tickets System","tickets@scancare.com.au","O365_BUSINESS_PREMIUM","Office 365 Business Premium","SHAREPOINTSTANDARD","SharePoint","Success"
"Network Admin","netadmin@scancare.com.au","O365_BUSINESS_PREMIUM","Office 365 Business Premium","MICROSOFT_SEARCH","MICROSOFT_SEARCH","PendingProvisioning"
"Network Admin","netadmin@scancare.com.au","O365_BUSINESS_PREMIUM","Office 365 Business Premium","WHITEBOARD_PLAN1","WHITEBOARD_PLAN1","PendingProvisioning"
"Network Admin","netadmin@scancare.com.au","O365_BUSINESS_PREMIUM","Office 365 Business Premium","MYANALYTICS_P2","MYANALYTICS_P2","Success"
"Network Admin","netadmin@scancare.com.au","O365_BUSINESS_PREMIUM","Office 365 Business Premium","DYN365BC_MS_INVOICING","DYN365BC_MS_INVOICING","Success"
"Network Admin","netadmin@scancare.com.au","O365_BUSINESS_PREMIUM","Office 365 Business Premium","KAIZALA_O365_P2","KAIZALA_O365_P2","Success"
"Network Admin","netadmin@scancare.com.au","O365_BUSINESS_PREMIUM","Office 365 Business Premium","STREAM_O365_SMB","Stream","Success"
"Network Admin","netadmin@scancare.com.au","O365_BUSINESS_PREMIUM","Office 365 Business Premium","Deskless","Deskless","Success"
"Network Admin","netadmin@scancare.com.au","O365_BUSINESS_PREMIUM","Office 365 Business Premium","BPOS_S_TODO_1","To-Do","Success"
"Network Admin","netadmin@scancare.com.au","O365_BUSINESS_PREMIUM","Office 365 Business Premium","MICROSOFTBOOKINGS","MICROSOFTBOOKINGS","Success"
"Network Admin","netadmin@scancare.com.au","O365_BUSINESS_PREMIUM","Office 365 Business Premium","FORMS_PLAN_E1","Forms","Success"
"Network Admin","netadmin@scancare.com.au","O365_BUSINESS_PREMIUM","Office 365 Business Premium","FLOW_O365_P1","Flow","Success"
"Network Admin","netadmin@scancare.com.au","O365_BUSINESS_PREMIUM","Office 365 Business Premium","POWERAPPS_O365_P1","Power Apps","Success"
"Network Admin","netadmin@scancare.com.au","O365_BUSINESS_PREMIUM","Office 365 Business Premium","O365_SB_Relationship_Management","O365_SB_Relationship_Management","Success"
"Network Admin","netadmin@scancare.com.au","O365_BUSINESS_PREMIUM","Office 365 Business Premium","TEAMS1","Teams","Success"
"Network Admin","netadmin@scancare.com.au","O365_BUSINESS_PREMIUM","Office 365 Business Premium","PROJECTWORKMANAGEMENT","Project Work Mgmt","Success"
"Network Admin","netadmin@scancare.com.au","O365_BUSINESS_PREMIUM","Office 365 Business Premium","SWAY","Sway","Success"
"Network Admin","netadmin@scancare.com.au","O365_BUSINESS_PREMIUM","Office 365 Business Premium","INTUNE_O365","Moblile Device Mgmt","PendingActivation"
"Network Admin","netadmin@scancare.com.au","O365_BUSINESS_PREMIUM","Office 365 Business Premium","SHAREPOINTWAC","Office Web Apps","Success"
"Network Admin","netadmin@scancare.com.au","O365_BUSINESS_PREMIUM","Office 365 Business Premium","OFFICE_BUSINESS","Office","Success"
"Network Admin","netadmin@scancare.com.au","O365_BUSINESS_PREMIUM","Office 365 Business Premium","YAMMER_ENTERPRISE","Yammer","Success"
"Network Admin","netadmin@scancare.com.au","O365_BUSINESS_PREMIUM","Office 365 Business Premium","EXCHANGE_S_STANDARD","Exchange","Success"
"Network Admin","netadmin@scancare.com.au","O365_BUSINESS_PREMIUM","Office 365 Business Premium","MCOSTANDARD","Skype","Success"
"Network Admin","netadmin@scancare.com.au","O365_BUSINESS_PREMIUM","Office 365 Business Premium","SHAREPOINTSTANDARD","SharePoint","Success"
"Dion Purnell","dion@scancare.com.au","ENTERPRISEPACK","Enterprise Plan E3","KAIZALA_O365_P3","KAIZALA_O365_P3","Success"
"Dion Purnell","dion@scancare.com.au","ENTERPRISEPACK","Enterprise Plan E3","MICROSOFT_SEARCH","MICROSOFT_SEARCH","PendingProvisioning"
"Dion Purnell","dion@scancare.com.au","ENTERPRISEPACK","Enterprise Plan E3","WHITEBOARD_PLAN2","WHITEBOARD_PLAN2","Success"
"Dion Purnell","dion@scancare.com.au","ENTERPRISEPACK","Enterprise Plan E3","MIP_S_CLP1","MIP_S_CLP1","Success"
"Dion Purnell","dion@scancare.com.au","ENTERPRISEPACK","Enterprise Plan E3","MYANALYTICS_P2","MYANALYTICS_P2","Success"
"Dion Purnell","dion@scancare.com.au","ENTERPRISEPACK","Enterprise Plan E3","BPOS_S_TODO_2","To-Do","Success"
"Dion Purnell","dion@scancare.com.au","ENTERPRISEPACK","Enterprise Plan E3","FORMS_PLAN_E3","Forms","Success"
"Dion Purnell","dion@scancare.com.au","ENTERPRISEPACK","Enterprise Plan E3","STREAM_O365_E3","Stream","Success"
"Dion Purnell","dion@scancare.com.au","ENTERPRISEPACK","Enterprise Plan E3","Deskless","Deskless","Success"
"Dion Purnell","dion@scancare.com.au","ENTERPRISEPACK","Enterprise Plan E3","FLOW_O365_P2","Flow","Success"
"Dion Purnell","dion@scancare.com.au","ENTERPRISEPACK","Enterprise Plan E3","POWERAPPS_O365_P2","Power Apps","Success"
"Dion Purnell","dion@scancare.com.au","ENTERPRISEPACK","Enterprise Plan E3","TEAMS1","Teams","Success"
"Dion Purnell","dion@scancare.com.au","ENTERPRISEPACK","Enterprise Plan E3","PROJECTWORKMANAGEMENT","Project Work Mgmt","Success"
"Dion Purnell","dion@scancare.com.au","ENTERPRISEPACK","Enterprise Plan E3","SWAY","Sway","Success"
"Dion Purnell","dion@scancare.com.au","ENTERPRISEPACK","Enterprise Plan E3","INTUNE_O365","Moblile Device Mgmt","PendingActivation"
"Dion Purnell","dion@scancare.com.au","ENTERPRISEPACK","Enterprise Plan E3","YAMMER_ENTERPRISE","Yammer","Success"
"Dion Purnell","dion@scancare.com.au","ENTERPRISEPACK","Enterprise Plan E3","RMS_S_ENTERPRISE","Azure Rights Management","Success"
"Dion Purnell","dion@scancare.com.au","ENTERPRISEPACK","Enterprise Plan E3","OFFICESUBSCRIPTION","Office Pro+","Success"
"Dion Purnell","dion@scancare.com.au","ENTERPRISEPACK","Enterprise Plan E3","MCOSTANDARD","Skype","Success"
"Dion Purnell","dion@scancare.com.au","ENTERPRISEPACK","Enterprise Plan E3","SHAREPOINTWAC","Office Web Apps","Success"
"Dion Purnell","dion@scancare.com.au","ENTERPRISEPACK","Enterprise Plan E3","SHAREPOINTENTERPRISE","SharePoint","Success"
"Dion Purnell","dion@scancare.com.au","ENTERPRISEPACK","Enterprise Plan E3","EXCHANGE_S_ENTERPRISE","Exchange","Success"
"Dion Purnell","dion@scancare.com.au","MCOPSTNEAU2","MCOPSTNEAU2","MCOPSTNEAU","Skype","Success"
"Dion Purnell","dion@scancare.com.au","MCOEV","Microsoft Phone System","MCOEV","Skype","Success"
"Dion Purnell","dion@scancare.com.au","FLOW_FREE","Microsoft Flow Free","EXCHANGE_S_FOUNDATION","Exchange","PendingProvisioning"
"Dion Purnell","dion@scancare.com.au","FLOW_FREE","Microsoft Flow Free","DYN365_CDS_VIRAL","DYN365_CDS_VIRAL","Success"
"Dion Purnell","dion@scancare.com.au","FLOW_FREE","Microsoft Flow Free","FLOW_P2_VIRAL","Flow","Success"
"Jason Hardman","jason.hardman@scancare.com.au","MCOEV","Microsoft Phone System","MCOEV","Skype","Success"
"Jason Hardman","jason.hardman@scancare.com.au","MCOPSTNEAU2","MCOPSTNEAU2","MCOPSTNEAU","Skype","Success"
"Jason Hardman","jason.hardman@scancare.com.au","ENTERPRISEPACK","Enterprise Plan E3","KAIZALA_O365_P3","KAIZALA_O365_P3","Success"
"Jason Hardman","jason.hardman@scancare.com.au","ENTERPRISEPACK","Enterprise Plan E3","MICROSOFT_SEARCH","MICROSOFT_SEARCH","PendingProvisioning"
"Jason Hardman","jason.hardman@scancare.com.au","ENTERPRISEPACK","Enterprise Plan E3","WHITEBOARD_PLAN2","WHITEBOARD_PLAN2","Success"
"Jason Hardman","jason.hardman@scancare.com.au","ENTERPRISEPACK","Enterprise Plan E3","MIP_S_CLP1","MIP_S_CLP1","Success"
"Jason Hardman","jason.hardman@scancare.com.au","ENTERPRISEPACK","Enterprise Plan E3","MYANALYTICS_P2","MYANALYTICS_P2","Success"
"Jason Hardman","jason.hardman@scancare.com.au","ENTERPRISEPACK","Enterprise Plan E3","BPOS_S_TODO_2","To-Do","Success"
"Jason Hardman","jason.hardman@scancare.com.au","ENTERPRISEPACK","Enterprise Plan E3","FORMS_PLAN_E3","Forms","Success"
"Jason Hardman","jason.hardman@scancare.com.au","ENTERPRISEPACK","Enterprise Plan E3","STREAM_O365_E3","Stream","Success"
"Jason Hardman","jason.hardman@scancare.com.au","ENTERPRISEPACK","Enterprise Plan E3","Deskless","Deskless","Success"
"Jason Hardman","jason.hardman@scancare.com.au","ENTERPRISEPACK","Enterprise Plan E3","FLOW_O365_P2","Flow","Success"
"Jason Hardman","jason.hardman@scancare.com.au","ENTERPRISEPACK","Enterprise Plan E3","POWERAPPS_O365_P2","Power Apps","Success"
"Jason Hardman","jason.hardman@scancare.com.au","ENTERPRISEPACK","Enterprise Plan E3","TEAMS1","Teams","Success"
"Jason Hardman","jason.hardman@scancare.com.au","ENTERPRISEPACK","Enterprise Plan E3","PROJECTWORKMANAGEMENT","Project Work Mgmt","Success"
"Jason Hardman","jason.hardman@scancare.com.au","ENTERPRISEPACK","Enterprise Plan E3","SWAY","Sway","Success"
"Jason Hardman","jason.hardman@scancare.com.au","ENTERPRISEPACK","Enterprise Plan E3","INTUNE_O365","Moblile Device Mgmt","PendingActivation"
"Jason Hardman","jason.hardman@scancare.com.au","ENTERPRISEPACK","Enterprise Plan E3","YAMMER_ENTERPRISE","Yammer","Success"
"Jason Hardman","jason.hardman@scancare.com.au","ENTERPRISEPACK","Enterprise Plan E3","RMS_S_ENTERPRISE","Azure Rights Management","Success"
"Jason Hardman","jason.hardman@scancare.com.au","ENTERPRISEPACK","Enterprise Plan E3","OFFICESUBSCRIPTION","Office Pro+","Success"
"Jason Hardman","jason.hardman@scancare.com.au","ENTERPRISEPACK","Enterprise Plan E3","MCOSTANDARD","Skype","Success"
"Jason Hardman","jason.hardman@scancare.com.au","ENTERPRISEPACK","Enterprise Plan E3","SHAREPOINTWAC","Office Web Apps","Success"
"Jason Hardman","jason.hardman@scancare.com.au","ENTERPRISEPACK","Enterprise Plan E3","SHAREPOINTENTERPRISE","SharePoint","Success"
"Jason Hardman","jason.hardman@scancare.com.au","ENTERPRISEPACK","Enterprise Plan E3","EXCHANGE_S_ENTERPRISE","Exchange","Success"
"Nathaniel Vann","nat@scancare.com.au","MCOEV","Microsoft Phone System","MCOEV","Skype","Success"
"Nathaniel Vann","nat@scancare.com.au","MCOPSTNEAU2","MCOPSTNEAU2","MCOPSTNEAU","Skype","Success"
"Nathaniel Vann","nat@scancare.com.au","ENTERPRISEPACK","Enterprise Plan E3","KAIZALA_O365_P3","KAIZALA_O365_P3","Success"
"Nathaniel Vann","nat@scancare.com.au","ENTERPRISEPACK","Enterprise Plan E3","MICROSOFT_SEARCH","MICROSOFT_SEARCH","PendingProvisioning"
"Nathaniel Vann","nat@scancare.com.au","ENTERPRISEPACK","Enterprise Plan E3","WHITEBOARD_PLAN2","WHITEBOARD_PLAN2","Success"
"Nathaniel Vann","nat@scancare.com.au","ENTERPRISEPACK","Enterprise Plan E3","MIP_S_CLP1","MIP_S_CLP1","Success"
"Nathaniel Vann","nat@scancare.com.au","ENTERPRISEPACK","Enterprise Plan E3","MYANALYTICS_P2","MYANALYTICS_P2","Success"
"Nathaniel Vann","nat@scancare.com.au","ENTERPRISEPACK","Enterprise Plan E3","BPOS_S_TODO_2","To-Do","Success"
"Nathaniel Vann","nat@scancare.com.au","ENTERPRISEPACK","Enterprise Plan E3","FORMS_PLAN_E3","Forms","Success"
"Nathaniel Vann","nat@scancare.com.au","ENTERPRISEPACK","Enterprise Plan E3","STREAM_O365_E3","Stream","Success"
"Nathaniel Vann","nat@scancare.com.au","ENTERPRISEPACK","Enterprise Plan E3","Deskless","Deskless","Success"
"Nathaniel Vann","nat@scancare.com.au","ENTERPRISEPACK","Enterprise Plan E3","FLOW_O365_P2","Flow","Success"
"Nathaniel Vann","nat@scancare.com.au","ENTERPRISEPACK","Enterprise Plan E3","POWERAPPS_O365_P2","Power Apps","Success"
"Nathaniel Vann","nat@scancare.com.au","ENTERPRISEPACK","Enterprise Plan E3","TEAMS1","Teams","Success"
"Nathaniel Vann","nat@scancare.com.au","ENTERPRISEPACK","Enterprise Plan E3","PROJECTWORKMANAGEMENT","Project Work Mgmt","Success"
"Nathaniel Vann","nat@scancare.com.au","ENTERPRISEPACK","Enterprise Plan E3","SWAY","Sway","Success"
"Nathaniel Vann","nat@scancare.com.au","ENTERPRISEPACK","Enterprise Plan E3","INTUNE_O365","Moblile Device Mgmt","PendingActivation"
"Nathaniel Vann","nat@scancare.com.au","ENTERPRISEPACK","Enterprise Plan E3","YAMMER_ENTERPRISE","Yammer","Success"
"Nathaniel Vann","nat@scancare.com.au","ENTERPRISEPACK","Enterprise Plan E3","RMS_S_ENTERPRISE","Azure Rights Management","Success"
"Nathaniel Vann","nat@scancare.com.au","ENTERPRISEPACK","Enterprise Plan E3","OFFICESUBSCRIPTION","Office Pro+","Success"
"Nathaniel Vann","nat@scancare.com.au","ENTERPRISEPACK","Enterprise Plan E3","MCOSTANDARD","Skype","Success"
"Nathaniel Vann","nat@scancare.com.au","ENTERPRISEPACK","Enterprise Plan E3","SHAREPOINTWAC","Office Web Apps","Success"
"Nathaniel Vann","nat@scancare.com.au","ENTERPRISEPACK","Enterprise Plan E3","SHAREPOINTENTERPRISE","SharePoint","Success"
"Nathaniel Vann","nat@scancare.com.au","ENTERPRISEPACK","Enterprise Plan E3","EXCHANGE_S_ENTERPRISE","Exchange","Success"
"Nathaniel Vann","nat@scancare.com.au","FLOW_FREE","Microsoft Flow Free","EXCHANGE_S_FOUNDATION","Exchange","PendingProvisioning"
"Nathaniel Vann","nat@scancare.com.au","FLOW_FREE","Microsoft Flow Free","DYN365_CDS_VIRAL","DYN365_CDS_VIRAL","Success"
"Nathaniel Vann","nat@scancare.com.au","FLOW_FREE","Microsoft Flow Free","FLOW_P2_VIRAL","Flow","Success"
