"Displayname","UserPrincipalName","LicensePlanWithEnabledService","FriendlyNameOfLicensePlanAndEnabledService"
"Milena Gongora","milena@qff.org.au","SPE_E5[All services],MCOPSTNEAU2[All services]","Microsoft 365 E5[All services],MCOPSTNEAU2[All services]"
"Georgina Davis","Georgina@qff.org.au","SPE_E5[All services],MCOPSTNEAU2[All services],FLOW_FREE[All services]","Microsoft 365 E5[All services],MCOPSTNEAU2[All services],Microsoft Flow Free[All services]"
"Kerry Battersby","Kerry@qff.org.au","SPE_E5[All services],MCOPSTNEAU2[All services]","Microsoft 365 E5[All services],MCOPSTNEAU2[All services]"
"Queensland Farmers' Federation","qfarmers@qff.org.au","MCOPSTNEAU2[All services],SPE_E5[All services]","MCOPSTNEAU2[All services],Microsoft 365 E5[All services]"
"Diana Saunders","Diana@qff.org.au","SPE_E5[All services],MCOPSTNEAU2[All services],FLOW_FREE[All services]","Microsoft 365 E5[All services],MCOPSTNEAU2[All services],Microsoft Flow Free[All services]"
"John Hay","john@qff.org.au","SPE_E5[All services],MCOPSTNEAU2[All services]","Microsoft 365 E5[All services],MCOPSTNEAU2[All services]"
"Sharon Denny","sharon@qff.org.au","MCOPSTNEAU2[All services],SPE_E5[All services]","MCOPSTNEAU2[All services],Microsoft 365 E5[All services]"
"Rebecca Tkal","rebecca@qff.org.au","SPE_E5[All services],MCOPSTNEAU2[All services]","Microsoft 365 E5[All services],MCOPSTNEAU2[All services]"
"Ian Johnson","ian@qff.org.au","ENTERPRISEPACK[All services]","Enterprise Plan E3[All services]"
"Adam Knapp","adam@qff.org.au","SPE_E5[All services],MCOPSTNEAU2[All services],FLOW_FREE[All services]","Microsoft 365 E5[All services],MCOPSTNEAU2[All services],Microsoft Flow Free[All services]"
"Mick Capelin","Mick@qff.org.au","FLOW_FREE[All services],ENTERPRISEPACK[All services]","Microsoft Flow Free[All services],Enterprise Plan E3[All services]"
"Andrew Chamberlin","andrew@qff.org.au","SPE_E5[All services],MCOPSTNEAU2[All services]","Microsoft 365 E5[All services],MCOPSTNEAU2[All services]"
"Kevin Bowden","kevin@qff.org.au","ENTERPRISEPACK[All services]","Enterprise Plan E3[All services]"
"Jim Collings","Jim@qff.org.au","ENTERPRISEPACK[All services]","Enterprise Plan E3[All services]"
"Peter Perkins","peter@qff.org.au","SPE_E5[All services],MCOPSTNEAU2[All services]","Microsoft 365 E5[All services],MCOPSTNEAU2[All services]"
"Travis Tobin","Travis@qff.org.au","MCOPSTNEAU2[All services],SPE_E5[All services],FLOW_FREE[All services]","MCOPSTNEAU2[All services],Microsoft 365 E5[All services],Microsoft Flow Free[All services]"
"Kayla Plunkett","kayla@qff.org.au","SPE_E5[All services],MCOPSTNEAU2[All services]","Microsoft 365 E5[All services],MCOPSTNEAU2[All services]"
"Ross Henry","Ross.Henry@qff.org.au","FLOW_FREE[All services]","Microsoft Flow Free[All services]"
"AA-Main","AA-Main@qff.org.au","PHONESYSTEM_VIRTUALUSER[All services]","PHONESYSTEM_VIRTUALUSER[All services]"
