"Displayname","UserPrincipalName","LicensePlanWithEnabledService","FriendlyNameOfLicensePlanAndEnabledService"
"Milena Gongora","milena@qff.org.au","SPE_E5[INFORMATION_BARRIERS,KAIZALA_STANDALONE,MICROSOFT_SEARCH,PREMIUM_ENCRYPTION,WHITEBOARD_PLAN3,MIP_S_CLP2,PAM_ENTERPRISE,ATA,BPOS_S_TODO_3,FLOW_O365_P3,POWERAPPS_O365_P3,FORMS_PLAN_E5,ADALLOM_S_STANDALONE,STREAM_O365_E5,THREAT_INTELLIGENCE,WINDEFATP,WIN10_PRO_ENT_SUB,RMS_S_PREMIUM2,AAD_PREMIUM_P2,RMS_S_PREMIUM,MFA_PREMIUM,INTUNE_A,AAD_PREMIUM,MCOMEETADV,MCOEV,LOCKBOX_ENTERPRISE,INTUNE_O365,EXCHANGE_ANALYTICS,EQUIVIO_ANALYTICS,BI_AZURE_P2,ATP_ENTERPRISE,ADALLOM_S_O365],ENTERPRISEPACK[All services]","Microsoft 365 E5[INFORMATION_BARRIERS,KAIZALA_STANDALONE,MICROSOFT_SEARCH,PREMIUM_ENCRYPTION,WHITEBOARD_PLAN3,MIP_S_CLP2,PAM_ENTERPRISE,ATA,To-Do,Flow,Power Apps,Forms,Cloud App Security,Stream,Threat Intelligence,ATP,WIN10_PRO_ENT_SUB,Azure Rights Management,AAD_PREMIUM_P2,Azure Rights Management,Multi Factor Service,Moblile Device Mgmt,AAD_PREMIUM,PSTN Conf,Skype,Lockbox,Moblile Device Mgmt,Exch Analytics,Equivio,Power BI Pro,ATP,Cloud App Security],Enterprise Plan E3[All services]"
"Georgina Davis","Georgina@qff.org.au","SPE_E5[INFORMATION_BARRIERS,KAIZALA_STANDALONE,MICROSOFT_SEARCH,PREMIUM_ENCRYPTION,WHITEBOARD_PLAN3,MIP_S_CLP2,PAM_ENTERPRISE,ATA,BPOS_S_TODO_3,FLOW_O365_P3,POWERAPPS_O365_P3,FORMS_PLAN_E5,ADALLOM_S_STANDALONE,STREAM_O365_E5,THREAT_INTELLIGENCE,WINDEFATP,WIN10_PRO_ENT_SUB,RMS_S_PREMIUM2,AAD_PREMIUM_P2,RMS_S_PREMIUM,MFA_PREMIUM,INTUNE_A,AAD_PREMIUM,MCOMEETADV,MCOEV,LOCKBOX_ENTERPRISE,INTUNE_O365,EXCHANGE_ANALYTICS,EQUIVIO_ANALYTICS,BI_AZURE_P2,ATP_ENTERPRISE,ADALLOM_S_O365],FLOW_FREE[All services],ENTERPRISEPACK[All services]","Microsoft 365 E5[INFORMATION_BARRIERS,KAIZALA_STANDALONE,MICROSOFT_SEARCH,PREMIUM_ENCRYPTION,WHITEBOARD_PLAN3,MIP_S_CLP2,PAM_ENTERPRISE,ATA,To-Do,Flow,Power Apps,Forms,Cloud App Security,Stream,Threat Intelligence,ATP,WIN10_PRO_ENT_SUB,Azure Rights Management,AAD_PREMIUM_P2,Azure Rights Management,Multi Factor Service,Moblile Device Mgmt,AAD_PREMIUM,PSTN Conf,Skype,Lockbox,Moblile Device Mgmt,Exch Analytics,Equivio,Power BI Pro,ATP,Cloud App Security],Microsoft Flow Free[All services],Enterprise Plan E3[All services]"
"Kerry Battersby","Kerry@qff.org.au","SPE_E5[INFORMATION_BARRIERS,KAIZALA_STANDALONE,MICROSOFT_SEARCH,PREMIUM_ENCRYPTION,WHITEBOARD_PLAN3,MIP_S_CLP2,PAM_ENTERPRISE,ATA,BPOS_S_TODO_3,FLOW_O365_P3,POWERAPPS_O365_P3,FORMS_PLAN_E5,ADALLOM_S_STANDALONE,STREAM_O365_E5,THREAT_INTELLIGENCE,WINDEFATP,WIN10_PRO_ENT_SUB,RMS_S_PREMIUM2,AAD_PREMIUM_P2,RMS_S_PREMIUM,MFA_PREMIUM,INTUNE_A,AAD_PREMIUM,MCOMEETADV,MCOEV,LOCKBOX_ENTERPRISE,INTUNE_O365,EXCHANGE_ANALYTICS,EQUIVIO_ANALYTICS,BI_AZURE_P2,ATP_ENTERPRISE,ADALLOM_S_O365],ENTERPRISEPACK[All services]","Microsoft 365 E5[INFORMATION_BARRIERS,KAIZALA_STANDALONE,MICROSOFT_SEARCH,PREMIUM_ENCRYPTION,WHITEBOARD_PLAN3,MIP_S_CLP2,PAM_ENTERPRISE,ATA,To-Do,Flow,Power Apps,Forms,Cloud App Security,Stream,Threat Intelligence,ATP,WIN10_PRO_ENT_SUB,Azure Rights Management,AAD_PREMIUM_P2,Azure Rights Management,Multi Factor Service,Moblile Device Mgmt,AAD_PREMIUM,PSTN Conf,Skype,Lockbox,Moblile Device Mgmt,Exch Analytics,Equivio,Power BI Pro,ATP,Cloud App Security],Enterprise Plan E3[All services]"
"Queensland Farmers' Federation","qfarmers@qff.org.au","SPE_E5[All services],ENTERPRISEPACK[All services]","Microsoft 365 E5[All services],Enterprise Plan E3[All services]"
"Diana Saunders","Diana@qff.org.au","SPE_E5[INFORMATION_BARRIERS,KAIZALA_STANDALONE,MICROSOFT_SEARCH,PREMIUM_ENCRYPTION,WHITEBOARD_PLAN3,MIP_S_CLP2,PAM_ENTERPRISE,ATA,BPOS_S_TODO_3,FLOW_O365_P3,POWERAPPS_O365_P3,FORMS_PLAN_E5,ADALLOM_S_STANDALONE,STREAM_O365_E5,THREAT_INTELLIGENCE,WINDEFATP,WIN10_PRO_ENT_SUB,RMS_S_PREMIUM2,AAD_PREMIUM_P2,RMS_S_PREMIUM,MFA_PREMIUM,INTUNE_A,AAD_PREMIUM,MCOMEETADV,MCOEV,LOCKBOX_ENTERPRISE,INTUNE_O365,EXCHANGE_ANALYTICS,EQUIVIO_ANALYTICS,BI_AZURE_P2,ATP_ENTERPRISE,ADALLOM_S_O365],FLOW_FREE[All services],ENTERPRISEPACK[All services]","Microsoft 365 E5[INFORMATION_BARRIERS,KAIZALA_STANDALONE,MICROSOFT_SEARCH,PREMIUM_ENCRYPTION,WHITEBOARD_PLAN3,MIP_S_CLP2,PAM_ENTERPRISE,ATA,To-Do,Flow,Power Apps,Forms,Cloud App Security,Stream,Threat Intelligence,ATP,WIN10_PRO_ENT_SUB,Azure Rights Management,AAD_PREMIUM_P2,Azure Rights Management,Multi Factor Service,Moblile Device Mgmt,AAD_PREMIUM,PSTN Conf,Skype,Lockbox,Moblile Device Mgmt,Exch Analytics,Equivio,Power BI Pro,ATP,Cloud App Security],Microsoft Flow Free[All services],Enterprise Plan E3[All services]"
"John Hay","john@qff.org.au","SPE_E5[INFORMATION_BARRIERS,KAIZALA_STANDALONE,MICROSOFT_SEARCH,PREMIUM_ENCRYPTION,WHITEBOARD_PLAN3,MIP_S_CLP2,PAM_ENTERPRISE,ATA,BPOS_S_TODO_3,FLOW_O365_P3,POWERAPPS_O365_P3,FORMS_PLAN_E5,ADALLOM_S_STANDALONE,STREAM_O365_E5,THREAT_INTELLIGENCE,WINDEFATP,WIN10_PRO_ENT_SUB,RMS_S_PREMIUM2,AAD_PREMIUM_P2,RMS_S_PREMIUM,MFA_PREMIUM,INTUNE_A,AAD_PREMIUM,MCOMEETADV,MCOEV,LOCKBOX_ENTERPRISE,INTUNE_O365,EXCHANGE_ANALYTICS,EQUIVIO_ANALYTICS,BI_AZURE_P2,ATP_ENTERPRISE,ADALLOM_S_O365],ENTERPRISEPACK[All services]","Microsoft 365 E5[INFORMATION_BARRIERS,KAIZALA_STANDALONE,MICROSOFT_SEARCH,PREMIUM_ENCRYPTION,WHITEBOARD_PLAN3,MIP_S_CLP2,PAM_ENTERPRISE,ATA,To-Do,Flow,Power Apps,Forms,Cloud App Security,Stream,Threat Intelligence,ATP,WIN10_PRO_ENT_SUB,Azure Rights Management,AAD_PREMIUM_P2,Azure Rights Management,Multi Factor Service,Moblile Device Mgmt,AAD_PREMIUM,PSTN Conf,Skype,Lockbox,Moblile Device Mgmt,Exch Analytics,Equivio,Power BI Pro,ATP,Cloud App Security],Enterprise Plan E3[All services]"
"Sharon Denny","sharon@qff.org.au","ENTERPRISEPACK[All services]","Enterprise Plan E3[All services]"
"Rebecca Tkal","rebecca@qff.org.au","SPE_E5[INFORMATION_BARRIERS,KAIZALA_STANDALONE,MICROSOFT_SEARCH,PREMIUM_ENCRYPTION,WHITEBOARD_PLAN3,MIP_S_CLP2,PAM_ENTERPRISE,ATA,BPOS_S_TODO_3,FLOW_O365_P3,POWERAPPS_O365_P3,FORMS_PLAN_E5,ADALLOM_S_STANDALONE,STREAM_O365_E5,THREAT_INTELLIGENCE,WINDEFATP,WIN10_PRO_ENT_SUB,RMS_S_PREMIUM2,AAD_PREMIUM_P2,RMS_S_PREMIUM,MFA_PREMIUM,INTUNE_A,AAD_PREMIUM,MCOMEETADV,MCOEV,LOCKBOX_ENTERPRISE,INTUNE_O365,EXCHANGE_ANALYTICS,EQUIVIO_ANALYTICS,BI_AZURE_P2,ATP_ENTERPRISE,ADALLOM_S_O365],ENTERPRISEPACK[All services]","Microsoft 365 E5[INFORMATION_BARRIERS,KAIZALA_STANDALONE,MICROSOFT_SEARCH,PREMIUM_ENCRYPTION,WHITEBOARD_PLAN3,MIP_S_CLP2,PAM_ENTERPRISE,ATA,To-Do,Flow,Power Apps,Forms,Cloud App Security,Stream,Threat Intelligence,ATP,WIN10_PRO_ENT_SUB,Azure Rights Management,AAD_PREMIUM_P2,Azure Rights Management,Multi Factor Service,Moblile Device Mgmt,AAD_PREMIUM,PSTN Conf,Skype,Lockbox,Moblile Device Mgmt,Exch Analytics,Equivio,Power BI Pro,ATP,Cloud App Security],Enterprise Plan E3[All services]"
"Ian Johnson","ian@qff.org.au","SPE_E5[INFORMATION_BARRIERS,KAIZALA_STANDALONE,MICROSOFT_SEARCH,PREMIUM_ENCRYPTION,WHITEBOARD_PLAN3,MIP_S_CLP2,PAM_ENTERPRISE,ATA,BPOS_S_TODO_3,FLOW_O365_P3,POWERAPPS_O365_P3,FORMS_PLAN_E5,ADALLOM_S_STANDALONE,STREAM_O365_E5,THREAT_INTELLIGENCE,WINDEFATP,WIN10_PRO_ENT_SUB,RMS_S_PREMIUM2,AAD_PREMIUM_P2,RMS_S_PREMIUM,MFA_PREMIUM,INTUNE_A,AAD_PREMIUM,MCOMEETADV,MCOEV,LOCKBOX_ENTERPRISE,INTUNE_O365,EXCHANGE_ANALYTICS,EQUIVIO_ANALYTICS,BI_AZURE_P2,ATP_ENTERPRISE,ADALLOM_S_O365],ENTERPRISEPACK[All services]","Microsoft 365 E5[INFORMATION_BARRIERS,KAIZALA_STANDALONE,MICROSOFT_SEARCH,PREMIUM_ENCRYPTION,WHITEBOARD_PLAN3,MIP_S_CLP2,PAM_ENTERPRISE,ATA,To-Do,Flow,Power Apps,Forms,Cloud App Security,Stream,Threat Intelligence,ATP,WIN10_PRO_ENT_SUB,Azure Rights Management,AAD_PREMIUM_P2,Azure Rights Management,Multi Factor Service,Moblile Device Mgmt,AAD_PREMIUM,PSTN Conf,Skype,Lockbox,Moblile Device Mgmt,Exch Analytics,Equivio,Power BI Pro,ATP,Cloud App Security],Enterprise Plan E3[All services]"
"Adam Knapp","adam@qff.org.au","SPE_E5[INFORMATION_BARRIERS,KAIZALA_STANDALONE,MICROSOFT_SEARCH,PREMIUM_ENCRYPTION,WHITEBOARD_PLAN3,MIP_S_CLP2,PAM_ENTERPRISE,ATA,BPOS_S_TODO_3,FLOW_O365_P3,POWERAPPS_O365_P3,FORMS_PLAN_E5,ADALLOM_S_STANDALONE,STREAM_O365_E5,THREAT_INTELLIGENCE,WINDEFATP,WIN10_PRO_ENT_SUB,RMS_S_PREMIUM2,AAD_PREMIUM_P2,RMS_S_PREMIUM,MFA_PREMIUM,INTUNE_A,AAD_PREMIUM,MCOMEETADV,MCOEV,LOCKBOX_ENTERPRISE,INTUNE_O365,EXCHANGE_ANALYTICS,EQUIVIO_ANALYTICS,BI_AZURE_P2,ATP_ENTERPRISE,ADALLOM_S_O365],FLOW_FREE[All services],ENTERPRISEPACK[All services]","Microsoft 365 E5[INFORMATION_BARRIERS,KAIZALA_STANDALONE,MICROSOFT_SEARCH,PREMIUM_ENCRYPTION,WHITEBOARD_PLAN3,MIP_S_CLP2,PAM_ENTERPRISE,ATA,To-Do,Flow,Power Apps,Forms,Cloud App Security,Stream,Threat Intelligence,ATP,WIN10_PRO_ENT_SUB,Azure Rights Management,AAD_PREMIUM_P2,Azure Rights Management,Multi Factor Service,Moblile Device Mgmt,AAD_PREMIUM,PSTN Conf,Skype,Lockbox,Moblile Device Mgmt,Exch Analytics,Equivio,Power BI Pro,ATP,Cloud App Security],Microsoft Flow Free[All services],Enterprise Plan E3[All services]"
"Mick Capelin","Mick@qff.org.au","FLOW_FREE[All services],ENTERPRISEPACK[All services]","Microsoft Flow Free[All services],Enterprise Plan E3[All services]"
"Andrew Chamberlin","andrew@qff.org.au","SPE_E5[INFORMATION_BARRIERS,KAIZALA_STANDALONE,MICROSOFT_SEARCH,PREMIUM_ENCRYPTION,WHITEBOARD_PLAN3,MIP_S_CLP2,PAM_ENTERPRISE,ATA,BPOS_S_TODO_3,FLOW_O365_P3,POWERAPPS_O365_P3,FORMS_PLAN_E5,ADALLOM_S_STANDALONE,STREAM_O365_E5,THREAT_INTELLIGENCE,WINDEFATP,WIN10_PRO_ENT_SUB,RMS_S_PREMIUM2,AAD_PREMIUM_P2,RMS_S_PREMIUM,MFA_PREMIUM,INTUNE_A,AAD_PREMIUM,MCOMEETADV,MCOEV,LOCKBOX_ENTERPRISE,INTUNE_O365,EXCHANGE_ANALYTICS,EQUIVIO_ANALYTICS,BI_AZURE_P2,ATP_ENTERPRISE,ADALLOM_S_O365],ENTERPRISEPACK[All services]","Microsoft 365 E5[INFORMATION_BARRIERS,KAIZALA_STANDALONE,MICROSOFT_SEARCH,PREMIUM_ENCRYPTION,WHITEBOARD_PLAN3,MIP_S_CLP2,PAM_ENTERPRISE,ATA,To-Do,Flow,Power Apps,Forms,Cloud App Security,Stream,Threat Intelligence,ATP,WIN10_PRO_ENT_SUB,Azure Rights Management,AAD_PREMIUM_P2,Azure Rights Management,Multi Factor Service,Moblile Device Mgmt,AAD_PREMIUM,PSTN Conf,Skype,Lockbox,Moblile Device Mgmt,Exch Analytics,Equivio,Power BI Pro,ATP,Cloud App Security],Enterprise Plan E3[All services]"
"Kevin Bowden","kevin@qff.org.au","SPE_E5[INFORMATION_BARRIERS,KAIZALA_STANDALONE,MICROSOFT_SEARCH,PREMIUM_ENCRYPTION,WHITEBOARD_PLAN3,MIP_S_CLP2,PAM_ENTERPRISE,ATA,BPOS_S_TODO_3,FLOW_O365_P3,POWERAPPS_O365_P3,FORMS_PLAN_E5,ADALLOM_S_STANDALONE,STREAM_O365_E5,THREAT_INTELLIGENCE,WINDEFATP,WIN10_PRO_ENT_SUB,RMS_S_PREMIUM2,AAD_PREMIUM_P2,RMS_S_PREMIUM,MFA_PREMIUM,INTUNE_A,AAD_PREMIUM,MCOMEETADV,MCOEV,LOCKBOX_ENTERPRISE,INTUNE_O365,EXCHANGE_ANALYTICS,EQUIVIO_ANALYTICS,BI_AZURE_P2,ATP_ENTERPRISE,ADALLOM_S_O365],ENTERPRISEPACK[All services]","Microsoft 365 E5[INFORMATION_BARRIERS,KAIZALA_STANDALONE,MICROSOFT_SEARCH,PREMIUM_ENCRYPTION,WHITEBOARD_PLAN3,MIP_S_CLP2,PAM_ENTERPRISE,ATA,To-Do,Flow,Power Apps,Forms,Cloud App Security,Stream,Threat Intelligence,ATP,WIN10_PRO_ENT_SUB,Azure Rights Management,AAD_PREMIUM_P2,Azure Rights Management,Multi Factor Service,Moblile Device Mgmt,AAD_PREMIUM,PSTN Conf,Skype,Lockbox,Moblile Device Mgmt,Exch Analytics,Equivio,Power BI Pro,ATP,Cloud App Security],Enterprise Plan E3[All services]"
"Jim Collings","Jim@qff.org.au","SPE_E5[INFORMATION_BARRIERS,KAIZALA_STANDALONE,MICROSOFT_SEARCH,PREMIUM_ENCRYPTION,WHITEBOARD_PLAN3,MIP_S_CLP2,PAM_ENTERPRISE,ATA,BPOS_S_TODO_3,FLOW_O365_P3,POWERAPPS_O365_P3,FORMS_PLAN_E5,ADALLOM_S_STANDALONE,STREAM_O365_E5,THREAT_INTELLIGENCE,WINDEFATP,WIN10_PRO_ENT_SUB,RMS_S_PREMIUM2,AAD_PREMIUM_P2,RMS_S_PREMIUM,MFA_PREMIUM,INTUNE_A,AAD_PREMIUM,MCOMEETADV,MCOEV,LOCKBOX_ENTERPRISE,INTUNE_O365,EXCHANGE_ANALYTICS,EQUIVIO_ANALYTICS,BI_AZURE_P2,ATP_ENTERPRISE,ADALLOM_S_O365],ENTERPRISEPACK[All services]","Microsoft 365 E5[INFORMATION_BARRIERS,KAIZALA_STANDALONE,MICROSOFT_SEARCH,PREMIUM_ENCRYPTION,WHITEBOARD_PLAN3,MIP_S_CLP2,PAM_ENTERPRISE,ATA,To-Do,Flow,Power Apps,Forms,Cloud App Security,Stream,Threat Intelligence,ATP,WIN10_PRO_ENT_SUB,Azure Rights Management,AAD_PREMIUM_P2,Azure Rights Management,Multi Factor Service,Moblile Device Mgmt,AAD_PREMIUM,PSTN Conf,Skype,Lockbox,Moblile Device Mgmt,Exch Analytics,Equivio,Power BI Pro,ATP,Cloud App Security],Enterprise Plan E3[All services]"
"Peter Perkins","peter@qff.org.au","SPE_E5[INFORMATION_BARRIERS,KAIZALA_STANDALONE,MICROSOFT_SEARCH,PREMIUM_ENCRYPTION,WHITEBOARD_PLAN3,MIP_S_CLP2,PAM_ENTERPRISE,ATA,BPOS_S_TODO_3,FLOW_O365_P3,POWERAPPS_O365_P3,FORMS_PLAN_E5,ADALLOM_S_STANDALONE,STREAM_O365_E5,THREAT_INTELLIGENCE,WINDEFATP,WIN10_PRO_ENT_SUB,RMS_S_PREMIUM2,AAD_PREMIUM_P2,RMS_S_PREMIUM,MFA_PREMIUM,INTUNE_A,AAD_PREMIUM,MCOMEETADV,MCOEV,LOCKBOX_ENTERPRISE,INTUNE_O365,EXCHANGE_ANALYTICS,EQUIVIO_ANALYTICS,BI_AZURE_P2,ATP_ENTERPRISE,ADALLOM_S_O365],ENTERPRISEPACK[All services]","Microsoft 365 E5[INFORMATION_BARRIERS,KAIZALA_STANDALONE,MICROSOFT_SEARCH,PREMIUM_ENCRYPTION,WHITEBOARD_PLAN3,MIP_S_CLP2,PAM_ENTERPRISE,ATA,To-Do,Flow,Power Apps,Forms,Cloud App Security,Stream,Threat Intelligence,ATP,WIN10_PRO_ENT_SUB,Azure Rights Management,AAD_PREMIUM_P2,Azure Rights Management,Multi Factor Service,Moblile Device Mgmt,AAD_PREMIUM,PSTN Conf,Skype,Lockbox,Moblile Device Mgmt,Exch Analytics,Equivio,Power BI Pro,ATP,Cloud App Security],Enterprise Plan E3[All services]"
"Travis Tobin","Travis@qff.org.au","FLOW_FREE[All services],ENTERPRISEPACK[All services]","Microsoft Flow Free[All services],Enterprise Plan E3[All services]"
"Kayla Plunkett","kayla@qff.org.au","SPE_E5[INFORMATION_BARRIERS,KAIZALA_STANDALONE,MICROSOFT_SEARCH,PREMIUM_ENCRYPTION,WHITEBOARD_PLAN3,MIP_S_CLP2,PAM_ENTERPRISE,ATA,BPOS_S_TODO_3,FLOW_O365_P3,POWERAPPS_O365_P3,FORMS_PLAN_E5,ADALLOM_S_STANDALONE,STREAM_O365_E5,THREAT_INTELLIGENCE,WINDEFATP,WIN10_PRO_ENT_SUB,RMS_S_PREMIUM2,AAD_PREMIUM_P2,RMS_S_PREMIUM,MFA_PREMIUM,INTUNE_A,AAD_PREMIUM,MCOMEETADV,MCOEV,LOCKBOX_ENTERPRISE,INTUNE_O365,EXCHANGE_ANALYTICS,EQUIVIO_ANALYTICS,BI_AZURE_P2,ATP_ENTERPRISE,ADALLOM_S_O365],ENTERPRISEPACK[All services]","Microsoft 365 E5[INFORMATION_BARRIERS,KAIZALA_STANDALONE,MICROSOFT_SEARCH,PREMIUM_ENCRYPTION,WHITEBOARD_PLAN3,MIP_S_CLP2,PAM_ENTERPRISE,ATA,To-Do,Flow,Power Apps,Forms,Cloud App Security,Stream,Threat Intelligence,ATP,WIN10_PRO_ENT_SUB,Azure Rights Management,AAD_PREMIUM_P2,Azure Rights Management,Multi Factor Service,Moblile Device Mgmt,AAD_PREMIUM,PSTN Conf,Skype,Lockbox,Moblile Device Mgmt,Exch Analytics,Equivio,Power BI Pro,ATP,Cloud App Security],Enterprise Plan E3[All services]"
"Ross Henry","Ross.Henry@qff.org.au","FLOW_FREE[All services]","Microsoft Flow Free[All services]"
