"Displayname","UserPrincipalName","LicensePlanWithEnabledService","FriendlyNameOfLicensePlanAndEnabledService"
"Orit Ben-Harush","oben-harush@ncphn.org.au","SPE_E5[All services]","Microsoft 365 E5[All services]"
"Philippa Visser","pvisser@ncphn.org.au","SPE_E5[All services]","Microsoft 365 E5[All services]"
"Kim Gussy","kgussy@ncphn.org.au","SPE_E5[All services]","Microsoft 365 E5[All services]"
"Emily Thatcher","ethatcher@ncphn.org.au","SPE_E5[All services]","Microsoft 365 E5[All services]"
"Colleen Watson","cwatson@ncphn.org.au","SPE_E5[All services]","Microsoft 365 E5[All services]"
"Sharon Seccombe","sseccombe@ncphn.org.au","SPE_E5[All services]","Microsoft 365 E5[All services]"
"Suzanne O'Donnell","sodonnell@ncphn.org.au","SPE_E5[All services]","Microsoft 365 E5[All services]"
"Deborah Hogan","dhogan@ncphn.org.au","SPE_E5[All services]","Microsoft 365 E5[All services]"
"Bron McCrae","bmccrae@ncphn.org.au","SPE_E5[All services]","Microsoft 365 E5[All services]"
"Caroline McCamley","cmccamley@ncphn.org.au","SPE_E5[All services]","Microsoft 365 E5[All services]"
"Port Macquarie Printer","xerox3373.port@ncphn.org.au","STANDARDPACK[All services]","Enterprise Plan E1[All services]"
"Monika Wheeler","mwheeler@ncphn.org.au","SPE_E5[All services]","Microsoft 365 E5[All services]"
"Simon Monk","smonk@ncphn.onmicrosoft.com","SPE_E5[All services]","Microsoft 365 E5[All services]"
"Glen James","gjames@ncphn.org.au","SPE_E5[All services]","Microsoft 365 E5[All services]"
"Libby Mackintosh-Sallaway","lmackintosh-sallaway@ncphn.org.au","SPE_E5[All services]","Microsoft 365 E5[All services]"
"Shay Ataii","sataii@ncphn.org.au","SPE_E5[All services]","Microsoft 365 E5[All services]"
"Bernadette Carter","bcarter@ncphn.org.au","FLOW_FREE[All services],SPE_E5[All services]","Microsoft Flow Free[All services],Microsoft 365 E5[All services]"
"Service Admin","service-admin@ncphn.onmicrosoft.com","STANDARDPACK[All services]","Enterprise Plan E1[All services]"
"Scott Horner","shorner@ncphn.org.au","SPE_E5[All services]","Microsoft 365 E5[All services]"
"Helen Rothenbuhler","hrothenbuhler@ncphn.org.au","STANDARDPACK[All services]","Enterprise Plan E1[All services]"
"Kate Allan","kallan@ncphn.org.au","SPE_E5[All services]","Microsoft 365 E5[All services]"
"Bridget Diffey","bdiffey@ncphn.org.au","STANDARDPACK[All services]","Enterprise Plan E1[All services]"
"Florian FS. Stotz","tropixel@ncphn.org.au","SPE_E5[All services]","Microsoft 365 E5[All services]"
"Phylis Larkins","plarkins@ncphn.org.au","STANDARDPACK[All services]","Enterprise Plan E1[All services]"
"Mason Andrews","mandrews@ncphn.org.au","RIGHTSMANAGEMENT_ADHOC[All services],SPE_E5[All services]","Windows Azure Rights Management[All services],Microsoft 365 E5[All services]"
"Trevor Saunders","tsaunders@ncphn.org.au","SPE_E5[All services]","Microsoft 365 E5[All services]"
"Gene Allder-Conn","gallder-conn@ncphn.org.au","SPE_E5[All services]","Microsoft 365 E5[All services]"
"Kate Gibson","kgibson@ncphn.org.au","FLOW_FREE[All services],SPE_E5[All services]","Microsoft Flow Free[All services],Microsoft 365 E5[All services]"
"Aimee McNeill","amcneill@ncphn.org.au","SPE_E5[All services]","Microsoft 365 E5[All services]"
"Noni Hopkins","nhopkins@ncphn.org.au","SPE_E5[All services]","Microsoft 365 E5[All services]"
"Joanne Boland","jboland@ncphn.org.au","SPE_E5[All services]","Microsoft 365 E5[All services]"
"Kerrie Keyte","kkeyte@ncphn.org.au","FLOW_FREE[All services],SPE_E5[All services]","Microsoft Flow Free[All services],Microsoft 365 E5[All services]"
"Warren Burgess","wburgess@ncphn.org.au","FLOW_FREE[All services],SPE_E5[All services]","Microsoft Flow Free[All services],Microsoft 365 E5[All services]"
"MNCSOC","mncsoc@ncphn.org.au","STANDARDPACK[All services]","Enterprise Plan E1[All services]"
"Donna Bisco","dbisco@ncphn.org.au","SPE_E5[All services]","Microsoft 365 E5[All services]"
"Chris Johansen","chris.johansen@ncphn.org.au","SPE_E5[All services]","Microsoft 365 E5[All services]"
"Marika Ilic","milic@ncphn.org.au","SPE_E5[All services]","Microsoft 365 E5[All services]"
"Lillian Moseley","lmoseley@ncphn.org.au","FLOW_FREE[All services],SPE_E5[All services]","Microsoft Flow Free[All services],Microsoft 365 E5[All services]"
"Alissa Reeve","areeve@ncphn.org.au","SPE_E5[All services]","Microsoft 365 E5[All services]"
"connex-recruit","connex-recruit@ncphn.org.au","STANDARDPACK[All services]","Enterprise Plan E1[All services]"
"John Gable","jgable@ncphn.org.au","SPE_E5[All services]","Microsoft 365 E5[All services]"
"Jennifer Melsness","jmelsness@ncphn.org.au","SPE_E5[All services]","Microsoft 365 E5[All services]"
"Belinda Gardner","bgardner@ncphn.org.au","SPE_E5[All services]","Microsoft 365 E5[All services]"
"Aimee White","awhite@ncphn.org.au","SPE_E5[All services]","Microsoft 365 E5[All services]"
"Hamza Vayani","hvayani@ncphn.org.au","SPE_E5[All services]","Microsoft 365 E5[All services]"
"Ballina Admin Printer","xerox4471.admin.ballina@ncphn.org.au","STANDARDPACK[All services]","Enterprise Plan E1[All services]"
"Clare Danby","cdanby@ncphn.org.au","SPE_E5[All services]","Microsoft 365 E5[All services]"
"Fiona Ryan","fryan@ncphn.org.au","SPE_E5[All services]","Microsoft 365 E5[All services]"
"Julie Sturgess","jsturgess@ncphn.org.au","SPE_E5[All services]","Microsoft 365 E5[All services]"
"Hilton Koppe","hkoppe@ncphn.org.au","SPE_E5[All services]","Microsoft 365 E5[All services]"
"Coffs Harbour Printer","xerox6671.coffs@ncphn.org.au","STANDARDPACK[All services]","Enterprise Plan E1[All services]"
"Leanne Tully","ltully@ncphn.org.au","SPE_E5[All services]","Microsoft 365 E5[All services]"
"Tony Seto","aseto@ncphn.org.au","SPE_E5[All services]","Microsoft 365 E5[All services]"
"Tony Hendry","thendry@ncphn.org.au","SPE_E5[All services]","Microsoft 365 E5[All services]"
"Lynne Freeman","lfreeman@ncphn.org.au","SPE_E5[All services]","Microsoft 365 E5[All services]"
"Sharyn White","swhite@ncphn.org.au","FLOW_FREE[All services],SPE_E5[All services]","Microsoft Flow Free[All services],Microsoft 365 E5[All services]"
"Domain Administrator","adminuser@ncphn.org.au","SPE_E5[All services]","Microsoft 365 E5[All services]"
"Leanne Hargrove","lhargrove@ncphn.org.au","SPE_E5[All services]","Microsoft 365 E5[All services]"
"Jono Van Hest","jvanhest@ncphn.org.au","SPE_E5[All services]","Microsoft 365 E5[All services]"
"Vicki McGowan","vmcgowan@ncphn.org.au","SPE_E5[All services]","Microsoft 365 E5[All services]"
"Siobhan Breedon","sbreedon@ncphn.org.au","SPE_E5[All services]","Microsoft 365 E5[All services]"
"Dianne Irving","dirving@ncphn.org.au","SPE_E5[All services]","Microsoft 365 E5[All services]"
"Samara Finlayson","sfinlayson@ncphn.org.au","SPE_E5[All services]","Microsoft 365 E5[All services]"
"Lisa Ripper.","lripper@ncphn.org.au","STANDARDPACK[All services]","Enterprise Plan E1[All services]"
"Julie Chakos","jchakos@ncphn.org.au","STANDARDPACK[All services]","Enterprise Plan E1[All services]"
"Belinda Jones","bjones@ncphn.org.au","SPE_E5[All services]","Microsoft 365 E5[All services]"
"Min Dixon","mdixon@ncphn.org.au","SPE_E5[All services]","Microsoft 365 E5[All services]"
"Lismore Printer","xerox4471.lismore@ncphn.org.au","STANDARDPACK[All services]","Enterprise Plan E1[All services]"
"Sara Gloede","sgloede@ncphn.org.au","SPE_E5[All services]","Microsoft 365 E5[All services]"
"Ballina Main Printer","xerox4471.main.ballina@ncphn.org.au","STANDARDPACK[All services]","Enterprise Plan E1[All services]"
"Riley Bice","rbice@ncphn.org.au","SPE_E5[All services]","Microsoft 365 E5[All services]"
"Christie O'keeffe","cokeefe@ncphn.org.au","STANDARDPACK[All services]","Enterprise Plan E1[All services]"
"Daniel Mason","dmason@ncphn.org.au","SPE_E5[All services]","Microsoft 365 E5[All services]"
"Claudine Tule","ctule@ncphn.org.au","SPE_E5[All services]","Microsoft 365 E5[All services]"
"Jasmine Knight-Smith","jknightsmith@ncphn.org.au","SPE_E5[All services]","Microsoft 365 E5[All services]"
"Tracee Tyas","ttyas@ncphn.org.au","STANDARDPACK[All services]","Enterprise Plan E1[All services]"
"Liam Wright","lwright@ncphn.org.au","SPE_E5[All services]","Microsoft 365 E5[All services]"
"Debbie Smythe","dsmythe@ncphn.org.au","SPE_E5[All services]","Microsoft 365 E5[All services]"
"Renee Strazzari","rstrazzari@ncphn.org.au","SPE_E5[All services]","Microsoft 365 E5[All services]"
"Linda Muscat","lmuscat@ncphn.org.au","SPE_E5[All services]","Microsoft 365 E5[All services]"
"Mark Daddo","mdaddo@ncphn.org.au","SPE_E5[All services]","Microsoft 365 E5[All services]"
"Dominic Youe","dyoue@ncphn.org.au","SPE_E5[All services]","Microsoft 365 E5[All services]"
"ystandford","ystandford@ncphn.org.au","STANDARDPACK[All services]","Enterprise Plan E1[All services]"
"Marni Tuala","mtuala@ncphn.org.au","SPE_E5[All services]","Microsoft 365 E5[All services]"
"Tony Browne","tbrowne@ncphn.org.au","SPE_E5[All services]","Microsoft 365 E5[All services]"
"Sarah Findlay","sfindlay@ncphn.org.au","FLOW_FREE[All services],SPE_E5[All services]","Microsoft Flow Free[All services],Microsoft 365 E5[All services]"
"Diana Anderson","danderson@ncphn.org.au","SPE_E5[All services]","Microsoft 365 E5[All services]"
"Anne-Maree Parry","aparry@ncphn.org.au","SPE_E5[All services]","Microsoft 365 E5[All services]"
"Bronwyn Thirkell","bthirkell@ncphn.org.au","SPE_E5[All services]","Microsoft 365 E5[All services]"
"Taya Prescott","tprescott@ncphn.org.au","SPE_E5[All services]","Microsoft 365 E5[All services]"
"Sarah Robin","srobin@ncphn.org.au","SPE_E5[All services]","Microsoft 365 E5[All services]"
"Gail Musolino","gmusolino@ncphn.org.au","SPE_E5[All services]","Microsoft 365 E5[All services]"
"Tweed Heads Printer","xerox4471.tweed@ncphn.org.au","STANDARDPACK[All services]","Enterprise Plan E1[All services]"
"Kelli Babovic","kbabovic@ncphn.org.au","SPE_E5[All services]","Microsoft 365 E5[All services]"
"Indiah Hope","ihope@ncphn.org.au","SPE_E5[All services]","Microsoft 365 E5[All services]"
"Carly Vrouwenvelder","cvrouwenvelder@ncphn.org.au","SPE_E5[All services]","Microsoft 365 E5[All services]"
"Dan Ewald","dewald@ncphn.org.au","SPE_E5[All services]","Microsoft 365 E5[All services]"
"Kylie Hone","khone@ncphn.org.au","SPE_E5[All services]","Microsoft 365 E5[All services]"
"Steve Mann","smann@ncphn.org.au","SPE_E5[All services]","Microsoft 365 E5[All services]"
"Rachel Gorman","rgorman@ncphn.org.au","SPE_E5[All services]","Microsoft 365 E5[All services]"
"Sarah Mollard","smollard@ncphn.org.au","FLOW_FREE[All services],SPE_E5[All services]","Microsoft Flow Free[All services],Microsoft 365 E5[All services]"
