Username, MFA Status
testmfa@autopact.com.au, Disabled
alana.tyshing@calcityautos.com.au, Disabled
peta.davis@calcityautos.com.au, Disabled
scott.maxwell@cricks.com.au, Disabled
david.cunningham@calcityautos.com.au, Disabled
Ben.kenward@calcityautos.com.au, Disabled
brianna.comblas@calcityautos.com.au, Disabled
john.braithwaite@calcityautos.com.au, Disabled
pearce.decosta@calcityautos.com.au, Disabled
mark.wheeler@calcityautos.com.au, Disabled
Carlee.Sparks@calcityautos.com.au, Disabled
marilyn.donahoe@calcityautos.com.au, Disabled
toni.matheson@calcityautos.com.au, Disabled
mark.collins@cricks.com.au, Disabled
nathan.gillbee@calcityautos.com.au, Disabled
john.mcandrew@calcityautos.com.au, Disabled
michael.nalder@calcityautos.com.au, Disabled
adam.rushton@calcityautos.com.au, Disabled
dion.loudoun@calcityautos.com.au, Disabled
adam.skelton@calcityautos.com.au, Disabled
nigel.jones@calcityautos.com.au, Disabled
john.schubert@calcityautos.com.au, Disabled
gavin.rutledge@calcityautos.com.au, Disabled
tony.walshe@calcityautos.com.au, Disabled
matt.delforno@calcityautos.com.au, Disabled
liz.mcgee@calcityautos.com.au, Disabled
dan.hunt@calcityautos.com.au, Disabled
aidan.morgan@coastlinebmw.com.au, Disabled
joe.mchutchison@coastlinebmw.com.au, Disabled
andrew.whitehead@coastlinebmw.com.au, Disabled
tarryn.sparkes@coastlinebmw.com.au, Disabled
casey.dyke@coastlinebmw.com.au, Disabled
belinda.jones@coastlinebmw.com.au, Disabled
russell.fink@coastlinebmw.com.au, Disabled
samuel.cadzow@coastlinebmw.com.au, Disabled
jared.bates@coastlinebmw.com.au, Disabled
jake.nalder@coastlinebmw.com.au, Disabled
daniel.jones@coastlinebmw.com.au, Disabled
steed.chedgey@coastlinebmw.com.au, Disabled
daniel.joyce@coastlinebmw.com.au, Disabled
mel.firkin@coastlinebmw.com.au, Disabled
neil.harper@coastlinebmw.com.au, Disabled
patrick.chancellor@coastlinebmw.com.au, Disabled
jordan.mathesonavery@coastlinebmw.com.au, Disabled
ryan.horne@coastlinebmw.com.au, Disabled
matthew.blackley@coastlinebmw.com.au, Disabled
adam.harris@coastlinebmw.com.au, Disabled
richard.ramos@coastlinebmw.com.au, Disabled
peter.cameron@coastlinebmw.com.au, Disabled
brad.bailey@coastlinebmw.com.au, Disabled
joseph.adams@coastlinebmw.com.au, Disabled
lenore.mcmanus@coastlinebmw.com.au, Disabled
cherie.lerm@coastlinebmw.com.au, Disabled
wash.bay@coastlinebmw.com.au, Disabled
max.bremner@coastlinebmw.com.au, Disabled
chris.cuthbert@coastlinebmw.com.au, Disabled
joshua.woollett@coastlinebmw.com.au, Disabled
brad.butcher@coastlinebmw.com.au, Disabled
todd.hansen@coastlinebmw.com.au, Disabled
tristan.zibert@coastlinebmw.com.au, Disabled
scott.maidment@coastlinebmw.com.au, Disabled
kelly.nisbet@coastlinebmw.com.au, Disabled
amigo.bugeaud@coastlinebmw.com.au, Disabled
john.waterhouse@coastlinebmw.com.au, Disabled
sara.dimitriou@coastlinebmw.com.au, Disabled
adam.sutherland@coastlinebmw.com.au, Disabled
martin.hughes@coastlinebmw.com.au, Disabled
peta.waldron@coastlinebmw.com.au, Disabled
scott.dyke@coastlinebmw.com.au, Disabled
kathleen.bias@coastlinebmw.com.au, Disabled
daniel.cantwell@coastlinebmw.com.au, Disabled
chris.simmons@coastlinebmw.com.au, Disabled
olivia.henderson@coastlinebmw.com.au, Disabled
russel.tolcher@coastlinebmw.com.au, Disabled
madonna.brown@coastlinebmw.com.au, Disabled
eszter.torok@coastlinebmw.com.au, Disabled
joe.farrell@coastlinebmw.com.au, Disabled
diana.calligaris@coastlinebmw.com.au, Disabled
kyle.gilroy@coastlinebmw.com.au, Disabled
alex.reynolds@coastlinebmw.com.au, Disabled
tim.simon@coastlinebmw.com.au, Disabled
kristian.mcrorie@coastlinebmw.com.au, Disabled
georgia.aldred@coastlinebmw.com.au, Disabled
nicole.clennell@coastlinebmw.com.au, Disabled
maddison.born@coastlinebmw.com.au, Disabled
fiona.jones@coastlinebmw.com.au, Disabled
jeff.dempsey@coastlinebmw.com.au, Disabled
mark.costi@coastlinebmw.com.au, Disabled
ryan.brown@coastlinebmw.com.au, Disabled
darren.newell@coastlinebmw.com.au, Disabled
james.baldwin@coastlinebmw.com.au, Disabled
chris.callow@coastlinebmw.com.au, Disabled
tegan.hey@coastlinebmw.com.au, Disabled
stuart.perry@cricks.com.au, Disabled
chris.lindress@cricks.com.au, Disabled
john.ellis@cricks.com.au, Disabled
accounts.receivable@cricks.com.au, Disabled
jeffrey.walter@cricks.com.au, Disabled
greg.chisholm@cricks.com.au, Disabled
anthony.barrett@cricks.com.au, Disabled
jamie.staveley@cricks.com.au, Disabled
jacob.fajarda@cricks.com.au, Disabled
trent.keirnan@cricks.com.au, Disabled
nathan.corbishley@cricks.com.au, Disabled
sean.maher@cricks.com.au, Disabled
thomas.weber@cricks.com.au, Disabled
tammara.see@cricks.com.au, Disabled
workshop.wises@cricks.com.au, Disabled
richard.hansen@cricks.com.au, Disabled
linda.russell@cricks.com.au, Disabled
michael.farr@cricks.com.au, Disabled
ryan.derrick@cricks.com.au, Disabled
andrew.seeley@cricks.com.au, Disabled
naveen.silva@cricks.com.au, Disabled
dan.hunt@cricks.com.au, Disabled
darren.hearnden@cricks.com.au, Disabled
gary.taft@cricks.com.au, Disabled
matthew.walker@cricks.com.au, Disabled
malcolm.flanigan@cricks.com.au, Disabled
jamie.wesener@cricks.com.au, Disabled
brock.hancock@cricks.com.au, Disabled
steve.wenzel@cricks.com.au, Disabled
brenton.hyde@calcityautos.com.au, Disabled
leeanne.reynolds@cricks.com.au, Disabled
rebecca.grimmett@cricks.com.au, Disabled
bruce.truloff@cricks.com.au, Disabled
david.fruscalzo@cricks.com.au, Disabled
brady.reinhardt@cricks.com.au, Disabled
nikki.wilson@cricks.com.au, Disabled
elle.fruscalzo@cricks.com.au, Disabled
wayne.herring@cricks.com.au, Disabled
brendon.gamble@cricks.com.au, Disabled
michael.goodeve@cricks.com.au, Disabled
anthony.williams@cricks.com.au, Disabled
julie.hamilton@cricks.com.au, Disabled
marc.johnson@cricks.com.au, Disabled
makayla.herring@cricks.com.au, Disabled
ian.brittain@cricks.com.au, Disabled
dean.drysdale@cricks.com.au, Disabled
beau.ussher@cricks.com.au, Disabled
tony.martin@cricks.com.au, Disabled
sean.ward@cricks.com.au, Disabled
kyle.mills@cricks.com.au, Disabled
shane.taylor@cricks.com.au, Disabled
maire.morrison@cricks.com.au, Disabled
ian.bonney@cricks.com.au, Disabled
frank.yandall@cricks.com.au, Disabled
ryan.land@cricks.com.au, Disabled
leah.thompson@cricks.com.au, Disabled
andrew.oliver@cricks.com.au, Disabled
joanne.lord@cricks.com.au, Disabled
aaron.bell@cricks.com.au, Disabled
mick.wroe@cricks.com.au, Disabled
adam.baillie@cricks.com.au, Disabled
kaylah.vandermaal@cricks.com.au, Disabled
corey.rogers@cricks.com.au, Disabled
renita.bell@cricks.com.au, Disabled
javorn.walter@cricks.com.au, Disabled
pd.noosa@cricks.com.au, Disabled
daniel.gibbs@cricks.com.au, Disabled
michelle.obrien@autopact.com.au, Disabled
michael.reid@cricks.com.au, Disabled
mustafa.agharas@cricks.com.au, Disabled
fiona.bonney@cricks.com.au, Disabled
rae.smith@cricks.com.au, Disabled
stephen.hehir@cricks.com.au, Disabled
linda.little@cricks.com.au, Disabled
peter.hughes@cricks.com.au, Disabled
josh.dickson@cricks.com.au, Disabled
Joshua.mills@cricks.com.au, Disabled
ryan.harding@cricks.com.au, Disabled
ben.hall@cricks.com.au, Disabled
andrew.green@cricks.com.au, Disabled
glenn.mounsey@cricks.com.au, Disabled
donna.bulmer@cricks.com.au, Disabled
tim.eade@cricks.com.au, Disabled
corey.rigney@cricks.com.au, Disabled
jamie.wass@cricks.com.au, Disabled
kyle.dillaway@cricks.com.au, Disabled
sara.riley@cricks.com.au, Disabled
richard.hammett@cricks.com.au, Disabled
charlotte.love@cricks.com.au, Disabled
elijah.canham@cricks.com.au, Disabled
michael.stark@cricks.com.au, Disabled
marco.fernando@cricks.com.au, Disabled
tracey.shore@cricks.com.au, Disabled
oscar.harrison@cricks.com.au, Disabled
twd.reception@cricks.com.au, Disabled
mel.grant@cricks.com.au, Disabled
braydon.horne@cricks.com.au, Disabled
peter.gentle@cricks.com.au, Disabled
abby.mctaggart@cricks.com.au, Disabled
agata.ondraszkova@cricks.com.au, Disabled
trent.jordan@cricks.com.au, Disabled
brad.buys@cricks.com.au, Disabled
jodi.harding@cricks.com.au, Disabled
ray.o'neill@cricks.com.au, Disabled
rachel.russon@cricks.com.au, Disabled
jo.relf@cricks.com.au, Disabled
amy.jordan@cricks.com.au, Disabled
lee.honan@cricks.com.au, Disabled
ben.nelson@cricks.com.au, Disabled
brad.currant@cricks.com.au, Disabled
ben.lewis@cricks.com.au, Disabled
victor.dos.santos@cricks.com.au, Disabled
david.hughes@cricks.com.au, Disabled
chris.john@cricks.com.au, Disabled
terry.broadway@cricks.com.au, Disabled
jaz.mcnally@dtsunshinecoast.com.au, Disabled
roz.hazelton@cricks.com.au, Disabled
caron.green@cricks.com.au, Disabled
lee.baker@dtsunshinecoast.com.au, Disabled
tiana.broadway@cricks.com.au, Disabled
christopher.spence@cricks.com.au, Disabled
haley.godbee@cricks.com.au, Disabled
lee.atkinson@cricks.com.au, Disabled
daniel.coccetti@cricks.com.au, Disabled
sherilee.gambie@dtsunshinecoast.com.au, Disabled
matthew.hudson@cricks.com.au, Disabled
john.healy@dtsunshinecoast.com.au, Disabled
Christine.Triplett@dtsunshinecoast.com.au, Disabled
jane.chapman@dtsunshinecoast.com.au, Disabled
joanne.bourne@dcmotors.com.au, Disabled
hyundai.tablet@dcmotors.com.au, Disabled
kevin.smith@dcmotors.com.au, Disabled
chris.hayes@dcmotors.com.au, Disabled
peter.scherer@dcmotors.com.au, Disabled
colin.lester@dcmotors.com.au, Disabled
brooke.doherty@dcmotors.com.au, Disabled
lindsay.johnson@dcmotors.com.au, Disabled
elli.wust@dcmotors.com.au, Disabled
sheamus.oreilly@dcmotors.com.au, Disabled
jeffrey.skinner@dcmotors.com.au, Disabled
jennifer.williams@dcmotors.com.au, Disabled
lauren.rossow@dcmotors.com.au, Disabled
vern.real@dcmotors.com.au, Disabled
kevin.carney@dcmotors.com.au, Disabled
kayley.sutton@dcmotors.com.au, Disabled
carrissa.huisman@dcmotors.com.au, Disabled
eric.emerson@dcmotors.com.au, Disabled
david.hallmark@dcmotors.com.au, Disabled
melissa.finn@dcmotors.com.au, Disabled
keani.britos@dcmotors.com.au, Disabled
jessica.searle@dcmotors.com.au, Disabled
graham.marsh@dcmotors.com.au, Disabled
maya.putt@dcmotors.com.au, Disabled
jacob.samuelsson@dcmotors.com.au, Disabled
matthew.rosel@dcmotors.com.au, Disabled
elly.anderson@dcmotors.com.au, Disabled
laura.haferkamp@dcmotors.com.au, Disabled
anthony.anderson@dcmotors.com.au, Disabled
garion.phillips@dcmotors.com.au, Disabled
leah.stephenson@dcmotors.com.au, Disabled
renee.tucker@dcmotors.com.au, Disabled
chloe.ryan@dcmotors.com.au, Disabled
toni.mchugh@dcmotors.com.au, Disabled
joshua.mackie@dcmotors.com.au, Disabled
daryl.mills@dcmotors.com.au, Disabled
crystal.wilson@dcmotors.com.au, Disabled
donna.huff@dcmotors.com.au, Disabled
eryn.mooney@dcmotors.com.au, Disabled
keith.krause@dcmotors.com.au, Disabled
karen.ricks@dcmotors.com.au, Disabled
griffen.lindley@dcmotors.com.au, Disabled
maddisan.hooper@dcmotors.com.au, Disabled
kodi.kelly@dcmotors.com.au, Disabled
reece.bungard@dcmotors.com.au, Disabled
ryan.dunne@dcmotors.com.au, Disabled
jade.osborne@dcmotors.com.au, Disabled
michael.mills@dcmotors.com.au, Disabled
daniel.thomasson@dcmotors.com.au, Disabled
summer.collins@dcmotors.com.au, Disabled
jacob.dwyer@dcmotors.com.au, Disabled
victoria.anderson@dcmotors.com.au, Disabled
bryce.winter@dcmotors.com.au, Disabled
elisha.brown@dcmotors.com.au, Disabled
matthew.eades@dcmotors.com.au, Disabled
daniel.finn@dcmotors.com.au, Disabled
kylie.phillips@dcmotors.com.au, Disabled
emily.slatter@dcmotors.com.au, Disabled
brendan.cooper@dcmotors.com.au, Disabled
brittany.rose@dcmotors.com.au, Disabled
jaimee.anderson@dcmotors.com.au, Disabled
david.anderson@dcmotors.com.au, Disabled
jake.crosswell@dcmotors.com.au, Disabled
aaron.kent@dcmotors.com.au, Disabled
rob.hope@dcmotors.com.au, Disabled
debbie.macklin@dcmotors.com.au, Disabled
jarrod.hawkes@dcmotors.com.au, Disabled
Simone.Kanowski@dcmotors.com.au, Disabled
kristine.mchugh@dcmotors.com.au, Disabled
matt.white@dcmotors.com.au, Disabled
nigel.hill@dcmotors.com.au, Disabled
allan.white@dcmotors.com.au, Disabled
kathryn.trevor@dcmotors.com.au, Disabled
Joshua.Anderson@dcmotors.com.au, Disabled
Ethan.Latifi@dcmotors.com.au, Disabled
