"ActivationState","BridgeNumber","CallingProfile","CityCode","FriendlyName","Id","InventoryType","Location","O365Region","SourceType","TargetType","Tenant","TenantId","UserId","IsManagedByServiceDesk","PortInOrderStatus"
"Activated",,"0e2782cb-987c-4ca1-916d-b53c9ed6eb61","APAC-AU-ALL-NSW_AD","NGC-Bot","61269622458","Service",,"APAC","Tnm","ucap",,,,"True",""
"Activated",,"0e2782cb-987c-4ca1-916d-b53c9ed6eb61","APAC-AU-ALL-NSW_AD","NGC-Bot","61269625400","Service",,"APAC","Tnm","ucap",,,,"True",""
"Activated",,"0e2782cb-987c-4ca1-916d-b53c9ed6eb61","APAC-AU-ALL-NSW_AD","NGC-Bot","61269691200","Service",,"APAC","Tnm","ucap",,,,"True",""
"Activated",,"0e2782cb-987c-4ca1-916d-b53c9ed6eb61","APAC-AU-ALL-NSW_AD",,"61269691201","Service",,"APAC","Tnm",,,,,"True",""
"Activated",,"0e2782cb-987c-4ca1-916d-b53c9ed6eb61","APAC-AU-ALL-NSW_AD",,"61269691202","Service",,"APAC","Tnm",,,,,"True",""
"Activated",,"0e2782cb-987c-4ca1-916d-b53c9ed6eb61","APAC-AU-ALL-NSW_AD",,"61269691203","Service",,"APAC","Tnm",,,,,"True",""
"Activated",,"0e2782cb-987c-4ca1-916d-b53c9ed6eb61","APAC-AU-ALL-NSW_AD",,"61269691204","Service",,"APAC","Tnm",,,,,"True",""
"Activated",,"0e2782cb-987c-4ca1-916d-b53c9ed6eb61","APAC-AU-ALL-NSW_AD",,"61269691205","Service",,"APAC","Tnm",,,,,"True",""
"Activated",,"0e2782cb-987c-4ca1-916d-b53c9ed6eb61","APAC-AU-ALL-NSW_AD",,"61269691206","Service",,"APAC","Tnm",,,,,"True",""
"Activated",,"0e2782cb-987c-4ca1-916d-b53c9ed6eb61","APAC-AU-ALL-NSW_AD",,"61269691207","Service",,"APAC","Tnm",,,,,"True",""
"Activated",,"0e2782cb-987c-4ca1-916d-b53c9ed6eb61","APAC-AU-ALL-NSW_AD",,"61269691208","Service",,"APAC","Tnm",,,,,"True",""
"Activated",,"0e2782cb-987c-4ca1-916d-b53c9ed6eb61","APAC-AU-ALL-NSW_AD",,"61269691209","Service",,"APAC","Tnm",,,,,"True",""
"Activated",,"0e2782cb-987c-4ca1-916d-b53c9ed6eb61","APAC-AU-ALL-NSW_AD",,"61269691210","Service",,"APAC","Tnm",,,,,"True",""
"Activated",,"0e2782cb-987c-4ca1-916d-b53c9ed6eb61","APAC-AU-ALL-NSW_AD",,"61269691211","Service",,"APAC","Tnm",,,,,"True",""
"Activated",,"0e2782cb-987c-4ca1-916d-b53c9ed6eb61","APAC-AU-ALL-NSW_AD",,"61269691212","Service",,"APAC","Tnm",,,,,"True",""
"Activated",,"0e2782cb-987c-4ca1-916d-b53c9ed6eb61","APAC-AU-ALL-NSW_AD",,"61269691213","Service",,"APAC","Tnm",,,,,"True",""
"Activated",,"0e2782cb-987c-4ca1-916d-b53c9ed6eb61","APAC-AU-ALL-NSW_AD",,"61269691214","Service",,"APAC","Tnm",,,,,"True",""
"Activated",,"0e2782cb-987c-4ca1-916d-b53c9ed6eb61","APAC-AU-ALL-NSW_AD",,"61269691215","Service",,"APAC","Tnm",,,,,"True",""
"Activated",,"0e2782cb-987c-4ca1-916d-b53c9ed6eb61","APAC-AU-ALL-NSW_AD",,"61269691216","Service",,"APAC","Tnm",,,,,"True",""
"Activated",,"0e2782cb-987c-4ca1-916d-b53c9ed6eb61","APAC-AU-ALL-NSW_AD",,"61269691217","Service",,"APAC","Tnm",,,,,"True",""
"Activated",,"0e2782cb-987c-4ca1-916d-b53c9ed6eb61","APAC-AU-ALL-NSW_AD",,"61269691218","Service",,"APAC","Tnm",,,,,"True",""
"Activated",,"0e2782cb-987c-4ca1-916d-b53c9ed6eb61","APAC-AU-ALL-NSW_AD",,"61269691219","Service",,"APAC","Tnm",,,,,"True",""
"Activated",,"0e2782cb-987c-4ca1-916d-b53c9ed6eb61","APAC-AU-ALL-NSW_AD",,"61269691220","Subscriber",,"APAC","Tnm","user",,,,"True",""
"Activated",,"0e2782cb-987c-4ca1-916d-b53c9ed6eb61","APAC-AU-ALL-NSW_AD",,"61269691221","Subscriber",,"APAC","Tnm","user",,,,"True",""
"Activated",,"0e2782cb-987c-4ca1-916d-b53c9ed6eb61","APAC-AU-ALL-NSW_AD",,"61269691222","Subscriber",,"APAC","Tnm","user",,,,"True",""
"Activated",,"0e2782cb-987c-4ca1-916d-b53c9ed6eb61","APAC-AU-ALL-NSW_AD",,"61269691223","Subscriber",,"APAC","Tnm","user",,,,"True",""
"Activated",,"0e2782cb-987c-4ca1-916d-b53c9ed6eb61","APAC-AU-ALL-NSW_AD",,"61269691224","Subscriber",,"APAC","Tnm",,,,,"True",""
"Activated",,"0e2782cb-987c-4ca1-916d-b53c9ed6eb61","APAC-AU-ALL-NSW_AD",,"61269691225","Subscriber",,"APAC","Tnm","user",,,,"True",""
"Activated",,"0e2782cb-987c-4ca1-916d-b53c9ed6eb61","APAC-AU-ALL-NSW_AD",,"61269691226","Subscriber",,"APAC","Tnm","user",,,,"True",""
"Activated",,"0e2782cb-987c-4ca1-916d-b53c9ed6eb61","APAC-AU-ALL-NSW_AD",,"61269691227","Subscriber",,"APAC","Tnm",,,,,"True",""
"Activated",,"0e2782cb-987c-4ca1-916d-b53c9ed6eb61","APAC-AU-ALL-NSW_AD",,"61269691228","Subscriber",,"APAC","Tnm",,,,,"True",""
"Activated",,"0e2782cb-987c-4ca1-916d-b53c9ed6eb61","APAC-AU-ALL-NSW_AD",,"61269691229","Subscriber",,"APAC","Tnm",,,,,"True",""
"Activated",,"0e2782cb-987c-4ca1-916d-b53c9ed6eb61","APAC-AU-ALL-NSW_AD",,"61269691230","Subscriber",,"APAC","Tnm",,,,,"True",""
"Activated",,"0e2782cb-987c-4ca1-916d-b53c9ed6eb61","APAC-AU-ALL-NSW_AD",,"61269691231","Subscriber",,"APAC","Tnm",,,,,"True",""
"Activated",,"0e2782cb-987c-4ca1-916d-b53c9ed6eb61","APAC-AU-ALL-NSW_AD",,"61269691232","Subscriber",,"APAC","Tnm",,,,,"True",""
"Activated",,"0e2782cb-987c-4ca1-916d-b53c9ed6eb61","APAC-AU-ALL-NSW_AD",,"61269691233","Subscriber",,"APAC","Tnm",,,,,"True",""
"Activated",,"0e2782cb-987c-4ca1-916d-b53c9ed6eb61","APAC-AU-ALL-NSW_AD",,"61269691234","Subscriber",,"APAC","Tnm",,,,,"True",""
"Activated",,"0e2782cb-987c-4ca1-916d-b53c9ed6eb61","APAC-AU-ALL-NSW_AD",,"61269691235","Subscriber",,"APAC","Tnm",,,,,"True",""
"Activated",,"0e2782cb-987c-4ca1-916d-b53c9ed6eb61","APAC-AU-ALL-NSW_AD",,"61269691236","Subscriber",,"APAC","Tnm",,,,,"True",""
"Activated",,"0e2782cb-987c-4ca1-916d-b53c9ed6eb61","APAC-AU-ALL-NSW_AD",,"61269691237","Subscriber",,"APAC","Tnm",,,,,"True",""
"Activated",,"0e2782cb-987c-4ca1-916d-b53c9ed6eb61","APAC-AU-ALL-NSW_AD",,"61269691238","Subscriber",,"APAC","Tnm",,,,,"True",""
"Activated",,"0e2782cb-987c-4ca1-916d-b53c9ed6eb61","APAC-AU-ALL-NSW_AD",,"61269691239","Subscriber",,"APAC","Tnm",,,,,"True",""
"Activated",,"0e2782cb-987c-4ca1-916d-b53c9ed6eb61","APAC-AU-ALL-NSW_AD",,"61269691240","Subscriber",,"APAC","Tnm",,,,,"True",""
"Activated",,"0e2782cb-987c-4ca1-916d-b53c9ed6eb61","APAC-AU-ALL-NSW_AD",,"61269691241","Subscriber",,"APAC","Tnm",,,,,"True",""
"Activated",,"0e2782cb-987c-4ca1-916d-b53c9ed6eb61","APAC-AU-ALL-NSW_AD",,"61269691242","Subscriber",,"APAC","Tnm",,,,,"True",""
"Activated",,"0e2782cb-987c-4ca1-916d-b53c9ed6eb61","APAC-AU-ALL-NSW_AD",,"61269691243","Subscriber",,"APAC","Tnm",,,,,"True",""
"Activated",,"0e2782cb-987c-4ca1-916d-b53c9ed6eb61","APAC-AU-ALL-NSW_AD",,"61269691244","Subscriber",,"APAC","Tnm",,,,,"True",""
"Activated",,"0e2782cb-987c-4ca1-916d-b53c9ed6eb61","APAC-AU-ALL-NSW_AD",,"61269691245","Subscriber",,"APAC","Tnm",,,,,"True",""
"Activated",,"0e2782cb-987c-4ca1-916d-b53c9ed6eb61","APAC-AU-ALL-NSW_AD",,"61269691246","Subscriber",,"APAC","Tnm",,,,,"True",""
"Activated",,"0e2782cb-987c-4ca1-916d-b53c9ed6eb61","APAC-AU-ALL-NSW_AD",,"61269691247","Subscriber",,"APAC","Tnm",,,,,"True",""
"Activated",,"0e2782cb-987c-4ca1-916d-b53c9ed6eb61","APAC-AU-ALL-NSW_AD",,"61269691248","Subscriber",,"APAC","Tnm",,,,,"True",""
"Activated",,"0e2782cb-987c-4ca1-916d-b53c9ed6eb61","APAC-AU-ALL-NSW_AD",,"61269691249","Subscriber",,"APAC","Tnm",,,,,"True",""
"Activated",,"0e2782cb-987c-4ca1-916d-b53c9ed6eb61","APAC-AU-ALL-NSW_AD",,"61269691250","Subscriber",,"APAC","Tnm",,,,,"True",""
"Activated",,"0e2782cb-987c-4ca1-916d-b53c9ed6eb61","APAC-AU-ALL-NSW_AD",,"61269691251","Subscriber",,"APAC","Tnm",,,,,"True",""
"Activated",,"0e2782cb-987c-4ca1-916d-b53c9ed6eb61","APAC-AU-ALL-NSW_AD",,"61269691252","Subscriber",,"APAC","Tnm",,,,,"True",""
"Activated",,"0e2782cb-987c-4ca1-916d-b53c9ed6eb61","APAC-AU-ALL-NSW_AD",,"61269691253","Subscriber",,"APAC","Tnm",,,,,"True",""
"Activated",,"0e2782cb-987c-4ca1-916d-b53c9ed6eb61","APAC-AU-ALL-NSW_AD",,"61269691254","Subscriber",,"APAC","Tnm",,,,,"True",""
"Activated",,"0e2782cb-987c-4ca1-916d-b53c9ed6eb61","APAC-AU-ALL-NSW_AD",,"61269691255","Subscriber",,"APAC","Tnm",,,,,"True",""
"Activated",,"0e2782cb-987c-4ca1-916d-b53c9ed6eb61","APAC-AU-ALL-NSW_AD",,"61269691256","Subscriber",,"APAC","Tnm",,,,,"True",""
"Activated",,"0e2782cb-987c-4ca1-916d-b53c9ed6eb61","APAC-AU-ALL-NSW_AD",,"61269691257","Subscriber",,"APAC","Tnm",,,,,"True",""
"Activated",,"0e2782cb-987c-4ca1-916d-b53c9ed6eb61","APAC-AU-ALL-NSW_AD",,"61269691258","Subscriber",,"APAC","Tnm",,,,,"True",""
"Activated",,"0e2782cb-987c-4ca1-916d-b53c9ed6eb61","APAC-AU-ALL-NSW_AD",,"61269691259","Subscriber",,"APAC","Tnm",,,,,"True",""
"Activated",,"0e2782cb-987c-4ca1-916d-b53c9ed6eb61","APAC-AU-ALL-NSW_AD",,"61269691260","Subscriber",,"APAC","Tnm",,,,,"True",""
"Activated",,"0e2782cb-987c-4ca1-916d-b53c9ed6eb61","APAC-AU-ALL-NSW_AD",,"61269691261","Subscriber",,"APAC","Tnm",,,,,"True",""
"Activated",,"0e2782cb-987c-4ca1-916d-b53c9ed6eb61","APAC-AU-ALL-NSW_AD",,"61269691262","Subscriber",,"APAC","Tnm",,,,,"True",""
"Activated",,"0e2782cb-987c-4ca1-916d-b53c9ed6eb61","APAC-AU-ALL-NSW_AD",,"61269691263","Subscriber",,"APAC","Tnm",,,,,"True",""
"Activated",,"0e2782cb-987c-4ca1-916d-b53c9ed6eb61","APAC-AU-ALL-NSW_AD",,"61269691264","Subscriber",,"APAC","Tnm",,,,,"True",""
"Activated",,"0e2782cb-987c-4ca1-916d-b53c9ed6eb61","APAC-AU-ALL-NSW_AD",,"61269691265","Subscriber",,"APAC","Tnm",,,,,"True",""
"Activated",,"0e2782cb-987c-4ca1-916d-b53c9ed6eb61","APAC-AU-ALL-NSW_AD",,"61269691266","Subscriber",,"APAC","Tnm",,,,,"True",""
"Activated",,"0e2782cb-987c-4ca1-916d-b53c9ed6eb61","APAC-AU-ALL-NSW_AD",,"61269691267","Subscriber",,"APAC","Tnm",,,,,"True",""
"Activated",,"0e2782cb-987c-4ca1-916d-b53c9ed6eb61","APAC-AU-ALL-NSW_AD",,"61269691268","Subscriber",,"APAC","Tnm",,,,,"True",""
"Activated",,"0e2782cb-987c-4ca1-916d-b53c9ed6eb61","APAC-AU-ALL-NSW_AD",,"61269691269","Subscriber",,"APAC","Tnm",,,,,"True",""
"Activated",,"0e2782cb-987c-4ca1-916d-b53c9ed6eb61","APAC-AU-ALL-NSW_AD",,"61269691270","Subscriber",,"APAC","Tnm",,,,,"True",""
"Activated",,"0e2782cb-987c-4ca1-916d-b53c9ed6eb61","APAC-AU-ALL-NSW_AD",,"61269691271","Subscriber",,"APAC","Tnm",,,,,"True",""
"Activated",,"0e2782cb-987c-4ca1-916d-b53c9ed6eb61","APAC-AU-ALL-NSW_AD",,"61269691272","Subscriber",,"APAC","Tnm",,,,,"True",""
"Activated",,"0e2782cb-987c-4ca1-916d-b53c9ed6eb61","APAC-AU-ALL-NSW_AD",,"61269691273","Subscriber",,"APAC","Tnm",,,,,"True",""
"Activated",,"0e2782cb-987c-4ca1-916d-b53c9ed6eb61","APAC-AU-ALL-NSW_AD",,"61269691274","Subscriber",,"APAC","Tnm",,,,,"True",""
"Activated",,"0e2782cb-987c-4ca1-916d-b53c9ed6eb61","APAC-AU-ALL-NSW_AD",,"61269691275","Subscriber",,"APAC","Tnm",,,,,"True",""
"Activated",,"0e2782cb-987c-4ca1-916d-b53c9ed6eb61","APAC-AU-ALL-NSW_AD",,"61269691276","Subscriber",,"APAC","Tnm",,,,,"True",""
"Activated",,"0e2782cb-987c-4ca1-916d-b53c9ed6eb61","APAC-AU-ALL-NSW_AD",,"61269691277","Subscriber",,"APAC","Tnm",,,,,"True",""
"Activated",,"0e2782cb-987c-4ca1-916d-b53c9ed6eb61","APAC-AU-ALL-NSW_AD",,"61269691278","Subscriber",,"APAC","Tnm",,,,,"True",""
"Activated",,"0e2782cb-987c-4ca1-916d-b53c9ed6eb61","APAC-AU-ALL-NSW_AD",,"61269691279","Subscriber",,"APAC","Tnm",,,,,"True",""
"Activated",,"0e2782cb-987c-4ca1-916d-b53c9ed6eb61","APAC-AU-ALL-NSW_AD",,"61269691280","Subscriber",,"APAC","Tnm",,,,,"True",""
"Activated",,"0e2782cb-987c-4ca1-916d-b53c9ed6eb61","APAC-AU-ALL-NSW_AD",,"61269691281","Subscriber",,"APAC","Tnm",,,,,"True",""
"Activated",,"0e2782cb-987c-4ca1-916d-b53c9ed6eb61","APAC-AU-ALL-NSW_AD",,"61269691282","Subscriber",,"APAC","Tnm",,,,,"True",""
"Activated",,"0e2782cb-987c-4ca1-916d-b53c9ed6eb61","APAC-AU-ALL-NSW_AD",,"61269691283","Subscriber",,"APAC","Tnm",,,,,"True",""
"Activated",,"0e2782cb-987c-4ca1-916d-b53c9ed6eb61","APAC-AU-ALL-NSW_AD",,"61269691284","Subscriber",,"APAC","Tnm",,,,,"True",""
"Activated",,"0e2782cb-987c-4ca1-916d-b53c9ed6eb61","APAC-AU-ALL-NSW_AD",,"61269691285","Subscriber",,"APAC","Tnm",,,,,"True",""
"Activated",,"0e2782cb-987c-4ca1-916d-b53c9ed6eb61","APAC-AU-ALL-NSW_AD",,"61269691286","Subscriber",,"APAC","Tnm",,,,,"True",""
"Activated",,"0e2782cb-987c-4ca1-916d-b53c9ed6eb61","APAC-AU-ALL-NSW_AD",,"61269691287","Subscriber",,"APAC","Tnm",,,,,"True",""
"Activated",,"0e2782cb-987c-4ca1-916d-b53c9ed6eb61","APAC-AU-ALL-NSW_AD",,"61269691288","Subscriber",,"APAC","Tnm",,,,,"True",""
"Activated",,"0e2782cb-987c-4ca1-916d-b53c9ed6eb61","APAC-AU-ALL-NSW_AD",,"61269691289","Subscriber",,"APAC","Tnm",,,,,"True",""
"Activated",,"0e2782cb-987c-4ca1-916d-b53c9ed6eb61","APAC-AU-ALL-NSW_AD",,"61269691290","Subscriber",,"APAC","Tnm",,,,,"True",""
"Activated",,"0e2782cb-987c-4ca1-916d-b53c9ed6eb61","APAC-AU-ALL-NSW_AD",,"61269691291","Subscriber",,"APAC","Tnm",,,,,"True",""
"Activated",,"0e2782cb-987c-4ca1-916d-b53c9ed6eb61","APAC-AU-ALL-NSW_AD",,"61269691292","Subscriber",,"APAC","Tnm",,,,,"True",""
"Activated",,"0e2782cb-987c-4ca1-916d-b53c9ed6eb61","APAC-AU-ALL-NSW_AD",,"61269691293","Subscriber",,"APAC","Tnm",,,,,"True",""
"Activated",,"0e2782cb-987c-4ca1-916d-b53c9ed6eb61","APAC-AU-ALL-NSW_AD",,"61269691294","Subscriber",,"APAC","Tnm",,,,,"True",""
"Activated",,"0e2782cb-987c-4ca1-916d-b53c9ed6eb61","APAC-AU-ALL-NSW_AD",,"61269691295","Subscriber",,"APAC","Tnm",,,,,"True",""
"Activated",,"0e2782cb-987c-4ca1-916d-b53c9ed6eb61","APAC-AU-ALL-NSW_AD",,"61269691296","Subscriber",,"APAC","Tnm",,,,,"True",""
"Activated",,"0e2782cb-987c-4ca1-916d-b53c9ed6eb61","APAC-AU-ALL-NSW_AD",,"61269691297","Subscriber",,"APAC","Tnm",,,,,"True",""
"Activated",,"0e2782cb-987c-4ca1-916d-b53c9ed6eb61","APAC-AU-ALL-NSW_AD",,"61269691298","Subscriber",,"APAC","Tnm",,,,,"True",""
"Activated",,"0e2782cb-987c-4ca1-916d-b53c9ed6eb61","APAC-AU-ALL-NSW_AD",,"61269691299","Subscriber",,"APAC","Tnm",,,,,"True",""
