"UserPrincipalName","DisplayName","SipAddress","Enabled","TeamsUpgradeEffectiveMode","EnterpriseVoiceEnabled","HostedVoiceMail","City","UsageLocation","DialPlan","TenantDialPlan","OnlineVoiceRoutingPolicy","LineUri","OnPremLineURI","OnlineDialinConferencingPolicy","TeamsVideoInteropServicePolicy","TeamsCallingPolicy","HostingProvider","InterpretedUserType","VoicePolicy"
"AA-Main@assetbuilding.com.au","AA-Main","sip:AA-Main@assetbuilding.com.au",,"TeamsOnly","True",,,"AU","AU",,,"tel:+61269691200",,,,,"sipfed.online.lync.com","PureOnlineApplicationInstance",
"AA-Main2@assetbuilding.com.au","AA-Main2","sip:AA-Main2@assetbuilding.com.au",,"TeamsOnly","True",,,"AU","AU",,,"tel:+61269622458",,,,,"sipfed.online.lync.com","PureOnlineApplicationInstance",
"AA-Main5400@assetbuilding.com.au","AA-Main5400","sip:AA-Main5400@assetbuilding.com.au",,"TeamsOnly","True",,,"AU","AU",,,"tel:+61269625400",,,,,"sipfed.online.lync.com","PureOnlineApplicationInstance",
"daniel.haak@assetbuilding.com.au","Daniel Haak | Asset Building Systems","sip:daniel.haak@assetbuilding.com.au",,"TeamsOnly","True",,,"AU","AU",,,"tel:+61269691226",,,,,"sipfed.online.lync.com","PureOnlineTeamsOnlyUser",
"jerry.doven@assetbuilding.com.au","Jerry Doven | Asset Building Systems","sip:jerry.doven@assetbuilding.com.au",,"TeamsOnly","True",,,"AU","AU",,,"tel:+61269691222",,,,,"sipfed.online.lync.com","PureOnlineTeamsOnlyUser",
"marcus.doven@assetbuilding.com.au","Marcus Doven | Asset Building Systems","sip:marcus.doven@assetbuilding.com.au",,"TeamsOnly","True",,,"AU","AU",,,"tel:+61269691221",,,,,"sipfed.online.lync.com","PureOnlineTeamsOnlyUser",
"rodney.doven@assetbuilding.com.au","Rodney Doven | Asset Building Systems","sip:rodney.doven@assetbuilding.com.au",,"TeamsOnly","True",,,"AU","AU",,,"tel:+61269691223",,,,,"sipfed.online.lync.com","PureOnlineTeamsOnlyUser",
"trevor.doven@assetbuilding.com.au","Trevor Doven | Asset Building Systems","sip:trevor.doven@assetbuilding.com.au",,"TeamsOnly","True",,,"AU","AU",,,"tel:+61269691220",,,,,"sipfed.online.lync.com","PureOnlineTeamsOnlyUser",
"trevor.holt@assetbuilding.com.au","Trevor Holt | Asset Building Systems","sip:trevor.holt@assetbuilding.com.au",,"TeamsOnly","True",,,"AU","AU",,,"tel:+61269691225",,,,,"sipfed.online.lync.com","PureOnlineTeamsOnlyUser",
