DisplayName,UserPrincipalName,LineURI
Craig Smith,craigs@bmd.com.au,tel:+61294756904
David Stanworth,davids@bmd.com.au,tel:+61748426911
Kylie Grant,kylie.toombs@bmd.com.au,tel:+61739067473
Tim Bycroft,TIMBYC1@bmd.com.au,tel:+61889304412
Willem Rockett,WILROC1@bmd.com.au,tel:+61738936201
Melbourne - Power Hub - Meeting Room,HUB09@bmd.com.au,tel:+61398113489
Patrick Pearl,patp@bmd.com.au,tel:+61738936209
Kristal Hallahan,KRIHAL1@bmd.com.au,tel:+61739067431
Darwin Room,HUB03@bmd.com.au,tel:+61889304468
Elena Matalavea,ELEMAT1@bmd.com.au,tel:+61862787825
Ven Vecchio,venv@bmd.com.au,tel:+61730339441
Grace Fitzgerald,GRAFIT1@bmd.com.au,tel:+61739029125
Tony Hennessy,TONHEN1@bmd.com.au,tel:+61738936234
James Kriukelis,james.kriukelis@bmd.com.au,tel:+61738937083
Wayne Thompson,waynet@bmd.com.au,tel:+61739029109
Francis Edmonds,FRAEDM1@bmd.com.au,tel:+61398113428
Ahmad Babti,AHMBAB1@bmd.com.au,tel:+61294756919
IT_Test_AA,it_test_aa@bmd.com.au,tel:+61738937086
Gerard Vinen,gerard.vinen@bmd.com.au,tel:+61738937079
Matthew Elliott,MATELL1@bmd.com.au,tel:+61398113448
Keira Joy,KEIJOY1@bmd.com.au,tel:+61738936261
David Lano,davidl@bmd.com.au,tel:+61730339406
Natilee Medcalf-Reed,NATMED1@bmd.com.au,tel:+61730339440
Sarah Callahan,SARCAL1@bmd.com.au,tel:+61294756942
Lisa During,LISDUR1@bmd.com.au,tel:+61739029120
Yoana Pashova,YOAPAS1@bmd.com.au,tel:+61889304419
Craig Mortensen,craigm@bmd.com.au,tel:+61738937070
Richard Bacon,RICBAC1@bmd.com.au,tel:+61738936288
Danielle Richens,DANRIC1@bmd.com.au,tel:+61862787815
Sarah Harvey,SARHAR1@bmd.com.au,tel:+61738936237
Brent Manteufel,BREMAN1@bmd.com.au,tel:+61738936235
Jaz Mohideen,JAZMOH1@bmd.com.au,tel:+61738936217
Tammy Elphinstone,tammy.elphinstone@bmd.com.au,tel:+61730339444
Darwin Urbex Reception AA 52 - Teams Auto Attendant Resource Account 52,teams_aa_resource_52@onbmd.onmicrosoft.com,tel:+61889304444
Madalyn Dyba,MADDYB1@bmd.com.au,tel:+61738936219
Amy Rutherford,AMYRUT1@bmd.com.au,tel:+61739000703
Melisa Renton,MELREN1@bmd.com.au,tel:+61738936264
Tahla Ross,TAHROS1@bmd.com.au,tel:+61738937411
Edward Dowling,EDWDOW1@bmd.com.au,tel:+61398113495
Dart Johnson,dart.johnson@bmd.com.au,tel:+61739067469
Michael Robson,MICROB1@bmd.com.au,tel:+61398113440
Lynda Moore,LYNMOO1@bmd.com.au,tel:+61862787814
Aidan Feighery,AIDFEI1@bmd.com.au,tel:+61748426919
Damon Parsons,DAMPAR1@bmd.com.au,tel:+61862787835
Brisbane Urbex Reception AA 53 - Teams Auto Attendant Resource Account 53,teams_aa_resource_53@onbmd.onmicrosoft.com,tel:+61739067444
Tiffany Prigg,TIFPRI1@bmd.com.au,tel:+61739067426
Sander Kusters,SANKUS1@bmd.com.au,tel:+61730339425
Oliver Bysouth,OLIBYS1@bmd.com.au,tel:+61730339446
Joe Joyce,JOEJOY1@bmd.com.au,tel:+61739067432
Brodi Sorenson,BROSOR1@bmd.com.au,tel:+61739000712
Patricia Sheahan,PATSHE1@bmd.com.au,tel:+61738936236
Alex Gale,ALEGAL1@bmd.com.au,tel:+61294756928
David McLaughlin,DAVMCL1@bmd.com.au,tel:+61730339412
Michael Forsyth,MICFOR1@bmd.com.au,tel:+61738937409
James Boekeman,JAMBOE1@bmd.com.au,tel:+61862787834
James Cuneo,jc@bmd.com.au,tel:+61738937071
Todd Thornton,TODTHO1@bmd.com.au,tel:+61294756931
Abegail Campling,ABICAM1@bmd.com.au,tel:+61294756909
Marie-May Puro,MARPUR1@bmd.com.au,tel:+61730339463
Wes Smith,WESSMI1@bmd.com.au,tel:+61889304404
Meeting Room - John Mulder Room,SRS12@bmd.com.au,tel:+61738937484
David Argent,davida@bmd.com.au,tel:+61747507014
Tim McMahon,timm@bmd.com.au,tel:+61738937011
Newcastle BMD Reception CQ 28 - Teams Call Queue Resource Account 28,teams_cq_resource_28@onbmd.onmicrosoft.com,tel:+61730339588
Amy Cook,AMYCOO1@bmd.com.au,tel:+61730339433
Darwin BMD Reception CQ 27 - Teams Call Queue Resource Account 27,teams_cq_resource_27@onbmd.onmicrosoft.com,tel:+61730339587
Ben Keane,BENKEA2@bmd.com.au,tel:+61739029177
Matt Williamson,MATWIL1@bmd.com.au,tel:+61738936296
Jodie Trousdell,JODTRO1@bmd.com.au,tel:+61739067409
Demi Judd,DEMJUD1@bmd.com.au,tel:+61730339455
Brisbane - Test,hg_6df4672d3c9444579bb0800b6a7cbca5@bmd.com.au,tel:+61721025404
Sinead O'Donoghue,SINODO1@bmd.com.au,tel:+61738937025
Townsville Board Room,HUB02@bmd.com.au,tel:+61747507068
Emily McLeod,EMIMCL1@bmd.com.au,tel:+61730339429
Tom Diver,TOMDIV1@bmd.com.au,tel:+61294756915
Krishna Kumar,KRIKUM1@bmd.com.au,tel:+61730339480
Melissa De Bellis,MELDEB1@bmd.com.au,tel:+61739067418
Morgan Hanscomb,MORHAN1@bmd.com.au,tel:+61738937032
Nicholas Dawson,NICDAW1@bmd.com.au,tel:+61881105117
Chris Hobson,chrish@bmd.com.au,tel:+61747507069
Kim Bormann,Kim.Bormann@bmd.com.au,tel:+61889304406
Emmalene Balnaves,EMMBAL1@bmd.com.au,tel:+61889304405
Test Forward AA 10 - Teams Auto Attendant Resource Account 10,teams_aa_resource_10@onbmd.onmicrosoft.com,tel:+61730339570
Meeting Room - Bob Smith,srs14@bmd.com.au,tel:+61738937486
Teams Call Queue Resource Account 03,teams_cq_resource_03@onbmd.onmicrosoft.com,tel:+61730339573
Teams Call Queue Resource Account 01,teams_cq_resource_01@onbmd.onmicrosoft.com,tel:+61730339571
Teams Call Queue Resource Account 02,teams_cq_resource_02@onbmd.onmicrosoft.com,tel:+61730339572
Fionnan Beirne,FIOBEI1@bmd.com.au,tel:+61862787822
Teams Call Queue Resource Account 04,teams_cq_resource_04@onbmd.onmicrosoft.com,tel:+61730339574
Christopher Tuttiett,CHRTUT1@bmd.com.au,tel:+61738936284
Teams Call Queue Resource Account 05,teams_cq_resource_05@onbmd.onmicrosoft.com,tel:+61730339575
Mark Gallagher,MARGAL1@bmd.com.au,tel:+61739067490
Belinda Barber,BELBAR1@bmd.com.au,tel:+61747507018
Bridget Burton,BRIBUR1@bmd.com.au,tel:+61739067457
Warren Priest,warrenp@bmd.com.au,tel:+61739029117
Karl Schipanski,KARSCH1@bmd.com.au,tel:+61747507027
Melbourne JMAC CQ 08 - Teams Call Queue Resource Account 08,teams_cq_resource_08@onbmd.onmicrosoft.com,tel:+61730339578
Emil Vranjes,EMIVRA1@bmd.com.au,tel:+61294756923
John Patey,JOHPAT1@bmd.com.au,tel:+61862787819
Bennet Fowler,BENFOW1@bmd.com.au,tel:+61862787804
Veronica Simeoni,VERSIM1@bmd.com.au,tel:+61738936275
Breanna Glover,BREGLO1@bmd.com.au,tel:+61294756926
Malcolm Davis,MALDAV1@bmd.com.au,tel:+61747507087
POB Reception,POBREC1@bmd.com.au,tel:+61738936251
Amy Hudson,AMYHUD1@bmd.com.au,tel:+61730339461
Michael Dixon,MICDIX1@bmd.com.au,tel:+61730339460
SRS21 - TSV Boardroom,SRS21@bmd.com.au,tel:+61747507067
Scott Rafferty - Boardroom,HUB07@bmd.com.au,tel:+61730339427
Jeremy Petrusma,JERPET1@bmd.com.au,tel:+61738937082
Jerrica Steiner,JERSTE1@bmd.com.au,tel:+61294756940
Tom Evans,TOMEVA1@bmd.com.au,tel:+61398113432
Matthew Edwards,MATEDW1@bmd.com.au,tel:+61738937034
Seema Chatterjee,SEECHA1@bmd.com.au,tel:+61398113449
Kerrie Ridder,KERRID1@bmd.com.au,tel:+61738937031
Steve Haines,steve.haines@bmd.com.au,tel:+61881105119
Magdalena Soenarjo,MAGSOE1@bmd.com.au,tel:+61881105103
Asten McGurk,ASTMCG1@bmd.com.au,tel:+61738936242
Jarrad Taylor,JARTAY1@bmd.com.au,tel:+61889304417
Hannah Coghill,HANCOG1@bmd.com.au,tel:+61738936291
Allyson Davey,ALLDAV1@bmd.com.au,tel:+61747507016
Margaret Mallett,MARMAL1@bmd.com.au,tel:+61862787812
James Granata,jg@bmd.com.au,tel:+61738937090
Sam Faulkner,SAMFAU1@bmd.com.au,tel:+61730339489
Brian Olsen,BRIOLS1@bmd.com.au,tel:+61739067470
IT Test Room 8,SRS08@bmd.com.au,tel:+61739067435
Emily Le,EMILE01@bmd.com.au,tel:+61294756948
Lee-Anne Hoffmann,LEEHOF1@bmd.com.au,tel:+61881105121
Graeme Fenemore,Graeme.Fenemore@bmd.com.au,tel:+61738937052
Morgan Morganti,MORMOR1@bmd.com.au,tel:+61739000707
Shawn Davis,shawn.davis@bmd.com.au,tel:+61748426912
Justin Devantier,justind@bmd.com.au,tel:+61739067448
Darren Beatson,DARBEA1@bmd.com.au,tel:+61738936281
Trent Dunoon,trent.dunoon@bmd.com.au,tel:+61398113437
Alan Matthews,ALAMAT1@bmd.com.au,tel:+61862787820
Con Foley,CORFOL1@bmd.com.au,tel:+61739000718
Liz Skewes,ELISKE1@bmd.com.au,tel:+61738936213
Colin Mitchell,colinm@bmd.com.au,tel:+61738937024
Tenielle Prosser,TENPRO1@bmd.com.au,tel:+61738936254
Kevin Ryan,kevin.ryan@bmd.com.au,tel:+61739067413
Frank Vlatko,FRAVLA1@bmd.com.au,tel:+61294756913
Guy Thygesen,GUYTHY1@bmd.com.au,tel:+61738937026
Matthew Still,matthew.still@bmd.com.au,tel:+61738936272
Paul Cafaro,paulc@bmd.com.au,tel:+61738937004
Elizabeth Lloyd,ELILLO1@bmd.com.au,tel:+61738936276
Shane Smith,shane.smith@bmd.com.au,tel:+61730339495
Tanya Winter,tanya.winter@bmd.com.au,tel:+61738936231
Luka Ninkovic,LUKNIN1@bmd.com.au,tel:+61398113433
Mohamed El-Basel,MOHELB1@bmd.com.au,tel:+61294756905
Lee Carpenter,leec@bmd.com.au,tel:+61738937007
James Lawrence,JAMLAW1@bmd.com.au,tel:+61862787828
Glen Fuller,GLEFUL1@bmd.com.au,tel:+61747507088
Craig Althaus,CRAALT1@bmd.com.au,tel:+61738936243
Guy Beresford,guy.beresford@bmd.com.au,tel:+61738936278
Derek Wharton,DERWHA1@bmd.com.au,tel:+61739067449
Rachael Woods,RACWOO1@bmd.com.au,tel:+61739067408
Meeting Room - David Young Room,SRS13@bmd.com.au,tel:+61738937485
Steven Bennett,STEBEN1@bmd.com.au,tel:+61738937058
Isaac Guidotti,ISAGUI1@bmd.com.au,tel:+61730339506
Ciaran Birmingham,CIABIR1@bmd.com.au,tel:+61862787836
Casper Heunis,casper.heunis@bmd.com.au,tel:+61738936295
Sladjana Radic,SLARAD1@bmd.com.au,tel:+61398113496
Toni Richards,TONRIC1@bmd.com.au,tel:+61738937065
Paul Overell,paul.overell@bmd.com.au,tel:+61730339403
Meeting Room - Paul Fogarty Room,HUB06@bmd.com.au,tel:+61738936268
Mick Slocombe,Mick.Slocombe@bmd.com.au,tel:+61748426924
Ashlee Cureton,ASHCAM1@bmd.com.au,tel:+61730339407
Liam Curran,PAUCUR1@bmd.com.au,tel:+61881105123
Joe Zheng,JOEZHE1@bmd.com.au,tel:+61398113413
Mitchell McDuff,MITMCD1@bmd.com.au,tel:+61730339464
Chris Connors,CHRCON1@bmd.com.au,tel:+61398113409
Luke Trattles,luke.trattles@bmd.com.au,tel:+61739029115
John Mulder,johnm@bmd.com.au,tel:+61738937003
Nathan Walter,NATWAL1@bmd.com.au,tel:+61862787824
Joseph-Paul Rossi,JOSROS1@bmd.com.au,tel:+61881105115
Tara Irwin,TARIRW1@bmd.com.au,tel:+61738937078
Simone Gooding,simoneg@bmd.com.au,tel:+61738937074
Layton Wallace,layton.wallace@bmd.com.au,tel:+61730339496
Nicholas Healy,NICHEA1@bmd.com.au,tel:+61747507020
Zack Yarak,ZACYAR1@bmd.com.au,tel:+61398113446
Townsville BMD Reception AA 21 - Teams Auto Attendant Resource Account 21,teams_aa_resource_21@onbmd.onmicrosoft.com,tel:+61747507000
Brodie Patel,BROPAT1@bmd.com.au,tel:+61738937023
Brisbane BMD Reception AA 22 - Teams Auto Attendant Resource Account 22,teams_aa_resource_22@onbmd.onmicrosoft.com,tel:+61738937000
Jennifer Castillo,JENCAS1@bmd.com.au,tel:+61738936279
Jared Haigh,JARHAI1@bmd.com.au,tel:+61730339448
Jason Brodie,jasonb@bmd.com.au,tel:+61889304426
Thiam Goh,THIGOH1@bmd.com.au,tel:+61398113434
Peter Astorquia,PETAST1@bmd.com.au,tel:+61739067475
Bethany Marks,BETMAR1@bmd.com.au,tel:+61889304416
Katie Murphy,KATBIR1@bmd.com.au,tel:+61738937224
Andrew Millington,ANDMIL1@bmd.com.au,tel:+61738937092
Tim Bishop,TIMBIS1@bmd.com.au,tel:+61881105120
Josie Kilapio,Josie.Kilapio@bmd.com.au,tel:+61881105124
Peter Anusas,PETANU1@bmd.com.au,tel:+61398113406
Paul de Weger,PAUWEG1@bmd.com.au,tel:+61738937057
Sharyn Cattell,sharync@bmd.com.au,tel:+61739029101
Russell Thompson,RUSTHO1@bmd.com.au,tel:+61862787806
Victoria Niven,VICNIV1@bmd.com.au,tel:+61747507019
Matt Smith,matts@bmd.com.au,tel:+61398113467
Adeesha Dodanwala,ADEDOD1@bmd.com.au,tel:+61739067489
Laura Henderson,LAUHEN1@bmd.com.au,tel:+61739000711
Daniel Frame,daniel.frame@bmd.com.au,tel:+61730339492
Marivic Corpuz,MARCOR1@bmd.com.au,tel:+61730339434
Jessica Edwards,JESEDW1@bmd.com.au,tel:+61398113494
Matthew Connelly,MATCON1@bmd.com.au,tel:+61294756930
Pam Buckley,PAMBUC1@bmd.com.au,tel:+61294756920
Meeting Room - Wayne Thompson Room,SRS07@bmd.com.au,tel:+61739067405
Lisa Russell,LISRUS1@bmd.com.au,tel:+61862787813
Ricky Gallop,RICGAL1@bmd.com.au,tel:+61862787816
Dale Rogers,DALROG1@bmd.com.au,tel:+61730339465
Sue Bidgood,SUEBUC1@bmd.com.au,tel:+61747507021
Nelson Eaton,NELEAT1@bmd.com.au,tel:+61730339409
Joshua Reinke,JOSREI1@bmd.com.au,tel:+61747507098
Chris Mathias,CHRMAT1@bmd.com.au,tel:+61738936249
Townsville BMD Reception CQ 21 - Teams Call Queue Resource Account 21,teams_cq_resource_21@onbmd.onmicrosoft.com,tel:+61730339581
Troy Stevens,troy.stevens@bmd.com.au,tel:+61747507022
Lauren Morton,LAUMOR1@bmd.com.au,tel:+61738936225
Jennifer Devine,JENDEV1@bmd.com.au,tel:+61747507086
Ryan Duffy,RYADUF1@bmd.com.au,tel:+61398113412
Caislin Hanson,CAIHAN1@bmd.com.au,tel:+61730339475
Craig Covacich,craigc@bmd.com.au,tel:+61738937005
Abdul Mauzir,ABDMAU1@bmd.com.au,tel:+61294756908
Sunil Jayaram,SUNJAY1@bmd.com.au,tel:+61294756998
Aaron Livingstone,AARLIV1@bmd.com.au,tel:+61862787805
Karina Hartley,karinah@bmd.com.au,tel:+61747507090
Hayley White,HAYWHI1@bmd.com.au,tel:+61730339452
Luke Marshall,LUKMAR1@bmd.com.au,tel:+61738937063
Emlyn John,EMLJOH1@bmd.com.au,tel:+61294756924
Paul Fogarty,paulf@bmd.com.au,tel:+61730339417
Geoff Burn,GEOBUR1@bmd.com.au,tel:+61739067421
Purchase Orders CQ 19 - Teams Call Queue Resource Account 19,teams_cq_resource_19@onbmd.onmicrosoft.com,tel:+61738936207
Rob Pickard,robp@bmd.com.au,tel:+61738936214
Ernesto Falso,Ernesto.Falso@bmd.com.au,tel:+61739067461
Procurement Services CQ 20 - Teams Call Queue Resource Account 20,teams_cq_resource_20@onbmd.onmicrosoft.com,tel:+61738936248
Terry Waterson,terryw@bmd.com.au,tel:+61739067498
David Ward,DAVWAR1@bmd.com.au,tel:+61739067488
Kurtis Viles,KURVIL1@bmd.com.au,tel:+61739000704
Marko Matijevic,MARMAT1@bmd.com.au,tel:+61738937044
Accounts Temp 7,ACCTEM7@bmd.com.au,tel:+61730339458
Jacob Eapen,jacobe@bmd.com.au,tel:+61747507033
Zonglin He,ZONHE01@bmd.com.au,tel:+61294756934
Adrian Rajeswaran,ADRRAJ1@bmd.com.au,tel:+61294756918
Alix Tithecott,ALITIT1@bmd.com.au,tel:+61398113476
Duncan McGregor,DUNMCG1@bmd.com.au,tel:+61730339435
Darren Wakley,darrenw@bmd.com.au,tel:+61261238598
Adelaide Boardroom - Partu Kuu,HUB04@bmd.com.au,tel:+61881105168
Sharon Crausaz,sharonc@bmd.com.au,tel:+61739067456
Jason Engler,JASENG1@bmd.com.au,tel:+61747507017
Mark Martino,MARMAR1@bmd.com.au,tel:+61398113435
Ashwin Sashi,ASHSAS1@bmd.com.au,tel:+61294756906
Matthew Beggs,matthewb@bmd.com.au,tel:+61738937088
Abinash Yadav,ABIYAD1@bmd.com.au,tel:+61294756922
Peter Kavanagh,peterk@bmd.com.au,tel:+61738937039
Philippines - Test (NEW TN),hg_12e8548b48b84b64aa0bd213e1c91973-new-tn@onbmd.onmicrosoft.com,tel:+63282313791
Dare Power,darep@bmd.com.au,tel:+61738937060
Ryan Kim,RYAKIM1@bmd.com.au,tel:+61398113420
Randall James,randallj@bmd.com.au,tel:+61738937010
Gerard Keynes,gerardk@bmd.com.au,tel:+61738936241
Natalie Curtis,NATCUR1@bmd.com.au,tel:+61862787807
Mark McLeod,MARMCL1@bmd.com.au,tel:+61398113481
Hazel Munoz,HAZMUN1@bmd.com.au,tel:+61730339410
Vaughan Aujard,VAUAUJ1@bmd.com.au,tel:+61739067493
Stephen Jesberg,stephen.jesberg@bmd.com.au,tel:+61739029113
Tina Mattox,TINMAT1@bmd.com.au,tel:+61862787821
Darryl Hayter,darryl.hayter@bmd.com.au,tel:+61738937452
David Moody,davidm@bmd.com.au,tel:+61738937040
Perly Baldonaza,PERBAL1@bmd.com.au,tel:+61730339473
Jeff Gallus,jeffg@bmd.com.au,tel:+61738937029
Alex Barr,ALEBAR1@bmd.com.au,tel:+61730339442
Georgina Low,GEOLOW1@bmd.com.au,tel:+61738936221
Meeting Room - Terry Lynch Room,srs09@bmd.com.au,tel:+61739067491
Ravi Seerapu,RAVSAN1@bmd.com.au,tel:+61294756927
Darren Schkurat,darrens@bmd.com.au,tel:+61739000607
Jenna Cantwell,JENHAR1@bmd.com.au,tel:+61738936244
Kerenza McLeish,KERMCL1@bmd.com.au,tel:+61738936246
Sydney BMD Reception AA 23 - Teams Auto Attendant Resource Account 23,teams_aa_resource_23@onbmd.onmicrosoft.com,tel:+61294756900
Karissa Straughen,KARSTR1@bmd.com.au,tel:+61730339467
Scott Power,scottp@bmd.com.au,tel:+61738937028
Genaine Colebourne,GENCOL1@bmd.com.au,tel:+61730339449
Melbourne BMD Reception AA 24 - Teams Auto Attendant Resource Account 24,teams_aa_resource_24@onbmd.onmicrosoft.com,tel:+61398113444
Karri Smith,Karri.Smith@bmd.com.au,tel:+61738937051
Amrit Acharya,AMRACH1@bmd.com.au,tel:+61889304434
Adelaide BMD Reception AA 25 - Teams Auto Attendant Resource Account 25,teams_aa_resource_25@onbmd.onmicrosoft.com,tel:+61881105111
Peter Sherrie,PETSHE1@bmd.com.au,tel:+61739029116
Perth BMD Reception AA26 - Teams Auto Attendant Resource Account 26,teams_aa_resource_26@onbmd.onmicrosoft.com,tel:+61862787888
Darwin BMD Reception AA 27 - Teams Auto Attendant Resource Account 27,teams_aa_resource_27@onbmd.onmicrosoft.com,tel:+61889304455
Mark Aspuria,MARASP1@bmd.com.au,tel:+61730339457
Anna Massey,ANNMAS1@bmd.com.au,tel:+61862787826
Newcastle BMD Reception AA 28 - Teams Auto Attendant Resource Account 28,teams_aa_resource_28@onbmd.onmicrosoft.com,tel:+61249446666
Sophia Hennessy,SOPHEN1@bmd.com.au,tel:+61739067430
Mackay BMD Reception AA 29 - Teams Auto Attendant Resource Account 29,teams_aa_resource_29@onbmd.onmicrosoft.com,tel:+61748426900
Canberra BMD Reception AA 30 - Teams Auto Attendant Resource Account 30,teams_aa_resource_30@onbmd.onmicrosoft.com,tel:+61261238500
Phoebe Tindale,PHOTIN1@bmd.com.au,tel:+61738936283
Aaron Cole,aaronc@bmd.com.au,tel:+61738937020
Andrew Charlton,ANDCHA1@bmd.com.au,tel:+61881105116
Chang Lim,CHALIM1@bmd.com.au,tel:+61738937204
Nikolas Green,NIKGRE1@bmd.com.au,tel:+61738936271
Thilini Wanigathunga,THIWAN1@bmd.com.au,tel:+61294756932
Grace Manalili,gracem@bmd.com.au,tel:+61739067463
Laureen Constable,laureen.constable@bmd.com.au,tel:+61739067479
Ethan Schafer-Shaw,ETHSCH1@bmd.com.au,tel:+61730339413
James Kerr,JAMKER1@bmd.com.au,tel:+61294756941
Campbell McCall,CAMMCC1@bmd.com.au,tel:+61747507035
Esperanza Galicia,ESPGAL1@bmd.com.au,tel:+61730339426
Matthew Sibley,MATSIB1@bmd.com.au,tel:+61730339493
Jenny Campbell,JENCAM1@bmd.com.au,tel:+61738936274
Michael Keynes,michaelk@bmd.com.au,tel:+61738937093
Mykayla Chiotakis,MYKCHI1@bmd.com.au,tel:+61738936263
Bryan Kerr,bryan.kerr@bmd.com.au,tel:+61738937068
Kay Barrera,kay.barrera@bmd.com.au,tel:+61739067422
Selvin Ariyaratnam,SELARI1@bmd.com.au,tel:+61398113426
Ian Ruffles,IANRUF1@bmd.com.au,tel:+61294756925
Mario Jaconelli,MARJAC1@bmd.com.au,tel:+61398113423
Sydney Board Room,HUB05@bmd.com.au,tel:+61294756968
Sabrina Burgess,SABBUR1@bmd.com.au,tel:+61730339439
Jason Lindsay,jasonl@bmd.com.au,tel:+61739029111
Almy Chang,ALMCHA1@bmd.com.au,tel:+61739000717
Nicholas Van Schagen,NICVAN1@bmd.com.au,tel:+61739067446
Gerard Garry,GERGAR1@bmd.com.au,tel:+61738937053
Kristen Knott,kristenk@bmd.com.au,tel:+61739029102
Rony Martin,RONMAR1@bmd.com.au,tel:+61294756988
Teams Auto Attendant Resource Account 11,teams_aa_resource_11@onbmd.onmicrosoft.com,tel:+61249446665
Tammy Cooper,TAMCOO1@bmd.com.au,tel:+61881105195
Rachel Smith,Rachel.Smith@bmd.com.au,tel:+61294756916
Teams Auto Attendant Resource Account 12,teams_aa_resource_12@onbmd.onmicrosoft.com,tel:+61738937036
James Hunt,JOHHUN1@bmd.com.au,tel:+61730339476
Teams Auto Attendant Resource Account 13,teams_aa_resource_13@onbmd.onmicrosoft.com,tel:+61889304418
Jill Campbell,jillc@bmd.com.au,tel:+61294756901
John Hede,johnh@bmd.com.au,tel:+61739029104
Teams Auto Attendant Resource Account 14,teams_aa_resource_14@onbmd.onmicrosoft.com,tel:+61738937035
TGA - Derbarl Yerrigan - Meeting Room-Capacity 18,srs16@bmd.com.au,tel:+61730339516
Richie Ward,richiew@bmd.com.au,tel:+61889304401
Rob Trebilco,ROBTRE1@bmd.com.au,tel:+61398113436
Todd Zuideveld,TODZUI1@bmd.com.au,tel:+61730339438
Teams Auto Attendant Resource Account 15,teams_aa_resource_15@onbmd.onmicrosoft.com,tel:+61730339414
TGA - Wagyl - Meeting Room ? Capacity 8,SRS17@bmd.com.au,tel:+61730339517
Richard Morrison,richard.morrison@bmd.com.au,tel:+61738936230
Kirsten Wade,KIRWAD1@bmd.com.au,tel:+61294756950
Chloe Blacklock,CHLBRU1@bmd.com.au,tel:+61730339497
Better Motor Deals AA - Teams Auto Attendant Resource Account 16,teams_aa_resource_16@onbmd.onmicrosoft.com,tel:+61738937400
Adelaide Meeting Room - Tuku Kuu,SRS18@bmd.com.au,tel:+61730339518
Paris King,parisk@bmd.com.au,tel:+61738937001
Brisbane JMAC AA 17 - Teams Auto Attendant Resource Account 17,teams_aa_resource_17@onbmd.onmicrosoft.com,tel:+61739029100
Job 141-4236 GDR Meeting Room - Team Room System,SRS19@bmd.com.au,tel:+61730339519
Townsville JMAC AA 18 - Teams Auto Attendant Resource Account 18,teams_aa_resource_18@onbmd.onmicrosoft.com,tel:+61747507070
Job 131-3301 Fitzsimmons Lane,SRS20@bmd.com.au,tel:+61730339520
Michael Berlund,MICBER1@bmd.com.au,tel:+61747507032
Melbourne JMAC AA 19 - Teams Auto Attendant Resource Account 19,teams_aa_resource_19@onbmd.onmicrosoft.com,tel:+61398113475
Nicholas Prins,nicholasp@bmd.com.au,tel:+61739067433
Phillip Cooley,PHICOO1@bmd.com.au,tel:+61738937081
Jasmine Manalo,JASMAN1@bmd.com.au,tel:+61730339468
Luke Bett,LUKBET1@bmd.com.au,tel:+61398113408
Peter Trezona,PETTRE1@bmd.com.au,tel:+61747507091
Jason Wood,JASWOO1@bmd.com.au,tel:+61747507024
Perth Meeting Room - Upstairs,HUB08@bmd.com.au,tel:+61862787871
Nicole Turner,NICTUR1@bmd.com.au,tel:+61889304425
Nicholas Furness,NICFUR1@bmd.com.au,tel:+61738936267
Melissa Simpson,MELSIM1@bmd.com.au,tel:+61862787810
Sydney BMD Reception CQ 23 - Teams Call Queue Resource Account 23,teams_cq_resource_23@onbmd.onmicrosoft.com,tel:+61730339583
Melbourne - Board Room,HUB01@bmd.com.au,tel:+61398113468
Ganesh Arunachalam,GANARU1@bmd.com.au,tel:+61398113469
Joshua Harriss,JOSHAR1@bmd.com.au,tel:+61739067481
Melbourne BMD Reception CQ 24 - Teams Call Queue Resource Account 24,teams_cq_resource_24@onbmd.onmicrosoft.com,tel:+61730339584
Harrison Wheeley,HARWHE1@bmd.com.au,tel:+61730339436
Michael Lam,michaell@bmd.com.au,tel:+61739067424
Louis Palm,Louis.Palm@bmd.com.au,tel:+61738937009
Dannii Lawrence,DANWIL1@bmd.com.au,tel:+61739067411
Joseph Ole,JOSOLE1@bmd.com.au,tel:+61398113431
Justin Hoar,JUSHOA1@bmd.com.au,tel:+61739029114
Isaiah Gebulan,ISAGEB1@bmd.com.au,tel:+61730339472
James Smith,jamess@bmd.com.au,tel:+61294756903
Katie Topping,KATTOP1@bmd.com.au,tel:+61739067416
Kirra McIntosh,KIRMCI1@bmd.com.au,tel:+61739067447
Jackson Slender,JACSLE1@bmd.com.au,tel:+61730339466
Steve Falvey,STEFAL1@bmd.com.au,tel:+61747507096
Bronte Finn,BROFIN1@bmd.com.au,tel:+61738937037
Michael Creagh,michaelc@bmd.com.au,tel:+61398113419
Christopher Cornish,CHRCOR1@bmd.com.au,tel:+61738936285
Mitchell Oldmeadow,MITOLD1@bmd.com.au,tel:+61730339494
Glenn Rose,glennr@bmd.com.au,tel:+61738937033
uc spport,Kloud@bmd.com.au,tel:+61881105185
Alison Boyce,ALIBOY1@bmd.com.au,tel:+61738937038
Carole Hempel,CARHEM1@bmd.com.au,tel:+61738937097
Tom Andreas,TOMAND2@bmd.com.au,tel:+61730339462
Stephan Herholdt,STEHER1@bmd.com.au,tel:+61738936215
Kevin Armstrong,kevina@bmd.com.au,tel:+61739067492
Michael Peterson,MICPET1@bmd.com.au,tel:+61747507006
Fleet - Meeting Room,srs15@bmd.com.au,tel:+61738937487
Marc Mill,marcm@bmd.com.au,tel:+61738937067
Amanda Heath,AMAHEA1@bmd.com.au,tel:+61738936273
Steve Musgrove,stevem@bmd.com.au,tel:+61739029110
Stacey Scrutton,STASCR1@bmd.com.au,tel:+61738936212
Scott Miller,SCOMIL1@bmd.com.au,tel:+61738936286
Job 813-J016 - MEJV - Neerabup Meeting Room,SRS23@bmd.com.au,tel:+61862787872
Thomas Adsett,THOADS1@bmd.com.au,tel:+61747507095
William Wilson,WILWIL1@bmd.com.au,tel:+61730339508
Bavan Muttulingham,bavanm@bmd.com.au,tel:+61738937469
Glen Redenbach,glen.redenbach@bmd.com.au,tel:+61739067423
Alan Guthrie,ALAGUT1@bmd.com.au,tel:+61748426997
Edmond Ermino,EDMERM1@bmd.com.au,tel:+61889304410
Maurice Celotto,Maurice.Celotto@bmd.com.au,tel:+61738937096
Mark Goulevitch,MARGOU1@bmd.com.au,tel:+61294756914
Victor Rodriguez,VICROD1@bmd.com.au,tel:+61738936239
Thomas Hiles,THOHIL1@bmd.com.au,tel:+61862787823
Ashwin John,ASHJOH1@bmd.com.au,tel:+61294756929
Beth Tierney,BETTIE1@bmd.com.au,tel:+61738936232
Cameron Gillespie,cameron.gillespie@bmd.com.au,tel:+61739067472
Peter Ingerman,peter.ingerman@bmd.com.au,tel:+61889304493
Dean Sotiriou,DEASOT1@bmd.com.au,tel:+61739067497
Beth Estillore,BETEST1@bmd.com.au,tel:+61747507012
Neil Prowd,Neil.Prowd@bmd.com.au,tel:+61739029105
Phil Johnston,philj@bmd.com.au,tel:+61739067474
Jennifer Thompson,JENTHO1@bmd.com.au,tel:+61738936289
Evelyne Saez,EVESAE1@bmd.com.au,tel:+61747507089
Scott Hughes,scotth@bmd.com.au,tel:+61730339423
Alex Waterson,ALEWAT1@bmd.com.au,tel:+61739067460
Simon Redpath,SIMRED1@bmd.com.au,tel:+61738936224
Enola Antolini,ENOANT1@bmd.com.au,tel:+61730339418
Rhys Thiele,RHYTHI1@bmd.com.au,tel:+61739067476
Lisa O'Driscoll,lisak@bmd.com.au,tel:+61738937073
Lachlan Darr,LACDAR1@bmd.com.au,tel:+61738936216
Kate Algate,KATALG1@bmd.com.au,tel:+61730339411
Manojkumar Shaha,MANSHA1@bmd.com.au,tel:+61738936228
Jack Mears,JACMEA1@bmd.com.au,tel:+61862787809
Norm Mchenry,NORMCH1@bmd.com.au,tel:+61398113427
Janelle Hodgson,JANHOD1@bmd.com.au,tel:+61738937027
Mick Power,mickp@bmd.com.au,tel:+61738937045
Adam Armstrong,adama@bmd.com.au,tel:+61738937094
Gerardo Martinez,GERMAR1@bmd.com.au,tel:+61738937056
Joanne Timms,JOATIM1@bmd.com.au,tel:+61739067407
Abdul Rahman,abdulr@bmd.com.au,tel:+61294756947
Mark Jovicic,mark.jovicic@bmd.com.au,tel:+61739067425
Suzie Myerscough,SUZMYE1@bmd.com.au,tel:+61889304413
Graeme Peffers,graeme.peffers@bmd.com.au,tel:+61738936265
Renato Balbin,RENBAL1@bmd.com.au,tel:+61739067427
Barry Vining,barryv@bmd.com.au,tel:+61739067414
Stephanie Albert,STEALB1@bmd.com.au,tel:+61730339481
Lucien West,LUCWES1@bmd.com.au,tel:+61730339437
Craig du Preez,CRADUP1@bmd.com.au,tel:+61739029106
Carol Keers,carol.petitgas@bmd.com.au,tel:+61738937445
Mick Pimpinella,mickpi@bmd.com.au,tel:+61738937062
Andrew Tait,ANDTAI1@bmd.com.au,tel:+61294756921
Angela Hoffman,ANGHOF1@bmd.com.au,tel:+61730339447
Robert Sellen,ROBSEL1@bmd.com.au,tel:+61881105113
Michelle Charon,michelleb@bmd.com.au,tel:+61294756954
Glen Clifford,glenc@bmd.com.au,tel:+61738937087
Vishva Asokan,VISASO1@bmd.com.au,tel:+61862787829
Townsville Urbex Reception CQ 51 - Teams Call Queue Resource Account 51,teams_cq_resource_51@onbmd.onmicrosoft.com,tel:+61730339551
Ashlyn Cameron,ASHCAM2@bmd.com.au,tel:+61730339459
Andrew de Fegely,ANDDEF1@bmd.com.au,tel:+61398113439
Teams Auto Attendant Resource Account 01,teams_aa_resource_01@onbmd.onmicrosoft.com,tel:+61730339561
SRS06,SRS06@bmd.com.au,tel:+61739067438
Teams Auto Attendant Resource Account 02,teams_aa_resource_02@onbmd.onmicrosoft.com,tel:+61730339562
Daniel Stainbank,DANSTA1@bmd.com.au,tel:+61738937041
Caroline Robertson,CARROB1@bmd.com.au,tel:+61738937030
Adelaide BMD Reception CQ 25 - Teams Call Queue Resource Account 25,teams_cq_resource_25@onbmd.onmicrosoft.com,tel:+61730339585
Helpdesk - Teams 03 Auto Attendant Resource Account,teams_aa_resource_03@onbmd.onmicrosoft.com,tel:+61739067477
Lori Kersten,LORKER1@bmd.com.au,tel:+61738936282
Sinead Scott,SINSCO1@bmd.com.au,tel:+61862787827
Mark Curtis,markc@bmd.com.au,tel:+61398113450
Anthony Burke,ANTBUR1@bmd.com.au,tel:+61747507029
Perth BMD Reception CQ 26 - Teams Call Queue Resource Account 26,teams_cq_resource_26@onbmd.onmicrosoft.com,tel:+61730339586
Reception Auto Attendant - Teams Auto Attendant Resource Account 05,teams_aa_resource_05@onbmd.onmicrosoft.com,tel:+61730339565
Chris Brett,chris.brett@bmd.com.au,tel:+61739067434
Dial by Name Auto Attendant - Teams Auto Attendant Resource Account 04,teams_aa_resource_04@onbmd.onmicrosoft.com,tel:+61730339564
Dennis Sedghill,DENSED1@bmd.com.au,tel:+61398113430
Luke Svarc,LUKSVA1@bmd.com.au,tel:+61398113497
Accounts Payable AA 06 - Teams Auto Attendant Resource Account 06,teams_aa_resource_06@onbmd.onmicrosoft.com,tel:+61738937013
Matthew Storer,MATSTO1@bmd.com.au,tel:+61730339477
Steve Thomas,stevent@bmd.com.au,tel:+61738937084
Phoebe Coleman,PHOCOL1@bmd.com.au,tel:+61730339470
Alexis Hall,ALEHAL1@bmd.com.au,tel:+61747507004
Natasha Roy,natasha.roy@bmd.com.au,tel:+61738937077
Edward Houton,EDWHOU1@bmd.com.au,tel:+61738936266
Corey Briffa,corey.briffa@bmd.com.au,tel:+61739067436
Luke Spaeth,lukes@bmd.com.au,tel:+61398113421
SRS10 - IT,srs10@bmd.com.au,tel:+61738937482
Greg LeBrocque,greg.lebrocque@bmd.com.au,tel:+61747507015
Townsville Urbex Reception AA 51 - Teams Auto Attendant Resource Account 51,teams_aa_resource_51@onbmd.onmicrosoft.com,tel:+61747507077
Rebecca Reeves,REBREE1@bmd.com.au,tel:+61739067412
Kelsie Ballinger,KELBAL1@bmd.com.au,tel:+61730339451
Justin Bland,JUSBLA1@bmd.com.au,tel:+61738936218
Lisa Bowdler,lisa.bowdler@bmd.com.au,tel:+61739067454
Anthony Marcos,ANTMAR2@bmd.com.au,tel:+61739029112
Hardikkumar Mehta,HARMEH1@bmd.com.au,tel:+61739067439
Cara Murray,CARMUR1@bmd.com.au,tel:+61739067496
Varghese Joshua,VARJOS1@bmd.com.au,tel:+61398113424
Claudia Gatto,CLAGAT1@bmd.com.au,tel:+61730339478
Dale Byrne,daleb@bmd.com.au,tel:+61748426910
Leon Fogliani,LEOFOG1@bmd.com.au,tel:+61862787803
Deena Pandit,DEEPAN1@bmd.com.au,tel:+61294756910
Meeting Room - Andy Marcos Room,SRS11@bmd.com.au,tel:+61738937483
