"UserPrincipalName","DisplayName","SipAddress","Enabled","TeamsUpgradeEffectiveMode","EnterpriseVoiceEnabled","HostedVoiceMail","City","UsageLocation","DialPlan","TenantDialPlan","OnlineVoiceRoutingPolicy","LineUri","OnPremLineURI","OnlineDialinConferencingPolicy","TeamsVideoInteropServicePolicy","TeamsCallingPolicy","HostingProvider","InterpretedUserType","VoicePolicy"
"AA-Beresfield@pacificpetroleum.com.au","AA-Beresfield","sip:AA-Beresfield@pacificpetroleum.com.au",,"TeamsOnly","True",,,"AU","AU",,,"tel:+61249644669",,,,,"sipfed.online.lync.com","PureOnlineApplicationInstance",
"AA-Beresfield6100@pacificpetroleum.onmicrosoft.com","AA-Beresfield6100","sip:aa-beresfield6100@pacificpetroleum.onmicrosoft.com",,"TeamsOnly","True",,,"AU","AU",,,"tel:+61240416100",,,,,"sipfed.online.lync.com","PureOnlineApplicationInstance",
"AA-BurleighHeads@pacificpetroleum.com.au","AA-BurleighHeads","sip:AA-BurleighHeads@pacificpetroleum.com.au",,"TeamsOnly","True",,,"AU","AU",,,"tel:+61755936167",,,,,"sipfed.online.lync.com","PureOnlineApplicationInstance",
"AA-BurleighHeads6600@pacificpetroleum.onmicrosoft.com","AA-BurleighHeads6600","sip:aa-burleighheads6600@pacificpetroleum.onmicrosoft.com",,"TeamsOnly","True",,,"AU","AU",,,"tel:+61755876600",,,,,"sipfed.online.lync.com","PureOnlineApplicationInstance",
"AA-Caboolture@pacificpetroleum.com.au","AA-Caboolture","sip:AA-Caboolture@pacificpetroleum.com.au",,"TeamsOnly","True",,,"AU","AU",,,"tel:+61754280182",,,,,"sipfed.online.lync.com","PureOnlineApplicationInstance",
"AA-Caboolture0300@pacificpetroleum.onmicrosoft.com","AA-Caboolture0300","sip:aa-caboolture0300@pacificpetroleum.onmicrosoft.com",,"TeamsOnly","True",,,"AU","AU",,,"tel:+61754320300",,,,,"sipfed.online.lync.com","PureOnlineApplicationInstance",
"AA-LubeStore@pacificpetroleum.com.au","AA-LubeStore","sip:AA-LubeStore@pacificpetroleum.com.au",,"TeamsOnly","True",,,"AU","AU",,,"tel:+61734520201",,,,,"sipfed.online.lync.com","PureOnlineApplicationInstance",
"AA-Mackay@pacificpetroleum.com.au","AA-Mackay","sip:AA-Mackay@pacificpetroleum.com.au",,"TeamsOnly","True",,,"AU","AU",,,"tel:+61749521887",,,,,"sipfed.online.lync.com","PureOnlineApplicationInstance",
"AA-Mackay7000@pacificpetroleum.onmicrosoft.com","AA-Mackay7000","sip:aa-mackay7000@pacificpetroleum.onmicrosoft.com",,"TeamsOnly","True",,,"AU","AU",,,"tel:+61748987000",,,,,"sipfed.online.lync.com","PureOnlineApplicationInstance",
"AA-Maintenance@pacificpetroleum.com.au","AA-Maintenance","sip:AA-Maintenance@pacificpetroleum.com.au",,"TeamsOnly","True",,,"AU","AU",,,"tel:+61734520202",,,,,"sipfed.online.lync.com","PureOnlineApplicationInstance",
"AA-Rocklea@pacificpetroleum.com.au","AA-Rocklea","sip:AA-Rocklea@pacificpetroleum.com.au",,"TeamsOnly","True",,,"AU","AU",,,"tel:+61734520200",,,,,"sipfed.online.lync.com","PureOnlineApplicationInstance",
"AA-Rocklea9300@pacificpetroleum.onmicrosoft.com","AA-Rocklea9300","sip:aa-rocklea9300@pacificpetroleum.onmicrosoft.com",,"TeamsOnly","True",,,"AU","AU",,,"tel:+61732589300",,,,,"sipfed.online.lync.com","PureOnlineApplicationInstance",
"AA-Toowoomba@pacificpetroleum.com.au","AA-Toowoomba","sip:AA-Toowoomba@pacificpetroleum.com.au",,"TeamsOnly","True",,,"AU","AU",,,"tel:+61746304207",,,,,"sipfed.online.lync.com","PureOnlineApplicationInstance",
"AA-Toowoomba8100@pacificpetroleum.onmicrosoft.com","AA-Toowoomba8100","sip:aa-toowoomba8100@pacificpetroleum.onmicrosoft.com",,"TeamsOnly","True",,,"AU","AU",,,"tel:+61746148100",,,,,"sipfed.online.lync.com","PureOnlineApplicationInstance",
"Beresfield-Phone1@pacificpetroleum.com.au","Beresfield-Phone1","sip:Beresfield-Phone1@pacificpetroleum.com.au",,"TeamsOnly","True",,,"AU","AU",,,"tel:+61240416101",,,,,"sipfed.online.lync.com","PureOnlineTeamsOnlyUser",
"BurleighHeads-Phone1@pacificpetroleum.com.au","BurleighHeads-Phone1","sip:BurleighHeads-Phone1@pacificpetroleum.com.au",,"TeamsOnly","True",,,"AU","AU",,,"tel:+61755876601",,,,,"sipfed.online.lync.com","PureOnlineTeamsOnlyUser",
"Caboolture-Phone1@pacificpetroleum.com.au","Caboolture-Phone1","sip:Caboolture-Phone1@pacificpetroleum.com.au",,"TeamsOnly","True",,,"AU","AU",,,"tel:+61754320301",,,,,"sipfed.online.lync.com","PureOnlineTeamsOnlyUser",
"cstegner@pacificpetroleum.com.au","Chris Stegner","sip:cstegner@pacificpetroleum.com.au",,"TeamsOnly","True",,,"AU","AU",,,"tel:+61732589316",,,,,"sipfed.online.lync.com","HybridOnlineTeamsOnlyUser",
"dandaya@pacificpetroleum.com.au","Diana Andaya","sip:dandaya@pacificpetroleum.com.au",,"TeamsOnly","True",,,"AU","AU",,,"tel:+61734520210",,,,,"sipfed.online.lync.com","HybridOnlineTeamsOnlyUser",
"dbotha@pacificpetroleum.com.au","Darryl Botha","sip:dbotha@pacificpetroleum.com.au",,"TeamsOnly","True",,,"AU","AU",,,"tel:+61732589302",,,,,"sipfed.online.lync.com","HybridOnlineTeamsOnlyUser",
"dfreney@pacificpetroleum.com.au","David Freney","sip:dfreney@pacificpetroleum.com.au",,"TeamsOnly","True",,,"AU","AU",,,"tel:+61732589309",,,,,"sipfed.online.lync.com","HybridOnlineTeamsOnlyUser",
"dmurray@pacificpetroleum.com.au","Darryl Murray","sip:dmurray@pacificpetroleum.com.au",,"TeamsOnly","True",,,"AU","AU",,,"tel:+61734520211",,,,,"sipfed.online.lync.com","HybridOnlineTeamsOnlyUser",
"hdeguzman@pacificpetroleum.com.au","Haydee Guzman","sip:hdeguzman@pacificpetroleum.com.au",,"TeamsOnly","True",,,"AU","AU",,,"tel:+61732589325",,,,,"sipfed.online.lync.com","HybridOnlineTeamsOnlyUser",
"jbenjamin@pacificpetroleum.com.au","Jan Dominic Benjamin","sip:jbenjamin@pacificpetroleum.com.au",,"TeamsOnly","True",,,"AU","AU",,,"tel:+61732589332",,,,,"sipfed.online.lync.com","HybridOnlineTeamsOnlyUser",
"jburke@pacificpetroleum.com.au","Jessica Burke","sip:jburke@pacificpetroleum.com.au",,"TeamsOnly","True",,,"AU","AU",,,"tel:+61732589308",,,,,"sipfed.online.lync.com","HybridOnlineTeamsOnlyUser",
"jdoherty@pacificpetroleum.com.au","Jaclyn Doherty","sip:jdoherty@pacificpetroleum.com.au",,"TeamsOnly","True",,,"AU","AU",,,"tel:+61732589321",,,,,"sipfed.online.lync.com","HybridOnlineTeamsOnlyUser",
"jharrison@pacificpetroleum.com.au","Jayde Harrison","sip:jharrison@pacificpetroleum.com.au",,"TeamsOnly","True",,,"AU","AU",,,"tel:+61732589312",,,,,"sipfed.online.lync.com","HybridOnlineTeamsOnlyUser",
"jong@pacificpetroleum.com.au","Japhet Ong","sip:jong@pacificpetroleum.com.au",,"TeamsOnly","True",,,"AU","AU",,,"tel:+61732589327",,,,,"sipfed.online.lync.com","HybridOnlineTeamsOnlyUser",
"jpickford@pacificpetroleum.com.au","John Pickford","sip:jpickford@pacificpetroleum.com.au",,"TeamsOnly","True",,,"AU","AU",,,"tel:+61732589304",,,,,"sipfed.online.lync.com","HybridOnlineTeamsOnlyUser",
"jwilson@pacificpetroleum.com.au","Jessica Wilson","sip:jwilson@pacificpetroleum.com.au",,"TeamsOnly","True",,,"AU","AU",,,"tel:+61732589320",,,,,"sipfed.online.lync.com","HybridOnlineTeamsOnlyUser",
"jyalung@pacificpetroleum.com.au","Joan Yalung","sip:jyalung@pacificpetroleum.com.au",,"TeamsOnly","True",,,"AU","AU",,,"tel:+61732589342",,,,,"sipfed.online.lync.com","HybridOnlineTeamsOnlyUser",
"knhim@pacificpetroleum.com.au","Khemerin Nhim","sip:knhim@pacificpetroleum.com.au",,"TeamsOnly","True",,,"AU","AU",,,"tel:+61732589306",,,,,"sipfed.online.lync.com","HybridOnlineTeamsOnlyUser",
"kstaples@pacificpetroleum.com.au","Kristy Staples","sip:kstaples@pacificpetroleum.com.au",,"TeamsOnly","True",,,"AU","AU",,,"tel:+61732589311",,,,,"sipfed.online.lync.com","HybridOnlineTeamsOnlyUser",
"lgrant@pacificpetroleum.com.au","Lynn Grant","sip:lgrant@pacificpetroleum.com.au",,"TeamsOnly","True",,,"AU","AU",,,"tel:+61732589305",,,,,"sipfed.online.lync.com","HybridOnlineTeamsOnlyUser",
"Mackay-Phone1@pacificpetroleum.com.au","Mackay-Phone1","sip:Mackay-Phone1@pacificpetroleum.com.au",,"TeamsOnly","True",,,"AU","AU",,,"tel:+61748987001",,,,,"sipfed.online.lync.com","PureOnlineTeamsOnlyUser",
"mhollows@pacificpetroleum.com.au","Michael Hollows","sip:mhollows@pacificpetroleum.com.au",,"TeamsOnly","True",,,"AU","AU",,,"tel:+61732589301",,,,,"sipfed.online.lync.com","HybridOnlineTeamsOnlyUser",
"msibayan@pacificpetroleum.com.au","Mia Sibayan","sip:msibayan@pacificpetroleum.com.au",,"TeamsOnly","True",,,"AU","AU",,,"tel:+61734520212",,,,,"sipfed.online.lync.com","HybridOnlineTeamsOnlyUser",
"mzabala@pacificpetroleum.com.au","Mara Zabala","sip:mzabala@pacificpetroleum.com.au",,"TeamsOnly","True",,,"AU","AU",,,"tel:+61732589343",,,,,"sipfed.online.lync.com","HybridOnlineTeamsOnlyUser",
"nporteous@pacificpetroleum.com.au","Nicola Porteous","sip:nporteous@pacificpetroleum.com.au",,"TeamsOnly","True",,,"AU","AU",,,"tel:+61732589313",,,,,"sipfed.online.lync.com","HybridOnlineTeamsOnlyUser",
"reception@pacificpetroleum.com.au","Reception Phone","sip:reception@pacificpetroleum.com.au",,"TeamsOnly","True",,,"AU","AU",,,"tel:+61732589399",,,,,"sipfed.online.lync.com","PureOnlineTeamsOnlyUser",
"rgallentes@pacificpetroleum.com.au","Raquel Gallentes","sip:rgallentes@pacificpetroleum.com.au",,"TeamsOnly","True",,,"AU","AU",,,"tel:+61732589323",,,,,"sipfed.online.lync.com","HybridOnlineTeamsOnlyUser",
"sgoundar@pacificpetroleum.com.au","Shareen Goundar","sip:sgoundar@pacificpetroleum.com.au",,"TeamsOnly","True",,,"AU","AU",,,"tel:+61732589315",,,,,"sipfed.online.lync.com","HybridOnlineTeamsOnlyUser",
"ssloan@pacificpetroleum.com.au","Sharyn Sloan","sip:ssloan@pacificpetroleum.com.au",,"TeamsOnly","True",,,"AU","AU",,,"tel:+61732589307",,,,,"sipfed.online.lync.com","HybridOnlineTeamsOnlyUser",
"Toowoomba-Phone1@pacificpetroleum.com.au","Toowoomba-Phone1","sip:Toowoomba-Phone1@pacificpetroleum.com.au",,"TeamsOnly","True",,,"AU","AU",,,"tel:+61746148101",,,,,"sipfed.online.lync.com","PureOnlineTeamsOnlyUser",
