UserPrincipalName,LineURI,DDI,Ext,DisplayName,FirstName,LastName,Type,RegistrarPool,OnlineVoiceRoutingPolicy,DialPlan,TeamsUpgradePolicy,Enabled,OnPremEnterpriseVoiceEnabled
craigs@bmd.com.au,tel:+61294756904,61294756904,,Craig Smith,Craig,Smith,User,sippoolsy3au103.infra.lync.com,AU-Australia-Primary,AU,UpgradeToTeams,TRUE,FALSE
davids@bmd.com.au,tel:+61748426911,61748426911,,David Stanworth,David,Stanworth,User,sippoolsy3au103.infra.lync.com,AU-Australia-Primary,AU,UpgradeToTeams,TRUE,FALSE
kylie.toombs@bmd.com.au,tel:+61739067473,61739067473,,Kylie Grant,Kylie,Grant,User,sippoolsy3au103.infra.lync.com,AU-Australia-Primary,AU,UpgradeToTeams,TRUE,FALSE
TIMBYC1@bmd.com.au,tel:+61889304412,61889304412,,Tim Bycroft,Tim,Bycroft,User,sippoolsy3au103.infra.lync.com,AU-Australia-Primary,AU,UpgradeToTeams,TRUE,FALSE
WILROC1@bmd.com.au,tel:+61738936201,61738936201,,Willem Rockett,Willem,Rockett,User,sippoolsy3au103.infra.lync.com,AU-Australia-Primary,AU,UpgradeToTeams,TRUE,FALSE
HUB09@bmd.com.au,tel:+61398113489,61398113489,,Melbourne - Power Hub - Meeting Room,,,User,sippoolsy3au103.infra.lync.com,AU-Australia-Primary,AU,UpgradeToTeams,TRUE,TRUE
patp@bmd.com.au,tel:+61738936209,61738936209,,Patrick Pearl,Patrick,Pearl,User,sippoolsy3au103.infra.lync.com,AU-Australia-Primary,AU,UpgradeToTeams,TRUE,FALSE
KRIHAL1@bmd.com.au,tel:+61739067431,61739067431,,Kristal Hallahan,Kristal,Hallahan,User,sippoolsy3au103.infra.lync.com,AU-Australia-Primary,AU,UpgradeToTeams,TRUE,FALSE
HUB03@bmd.com.au,tel:+61889304468,61889304468,,Darwin Room,,,User,sippoolsy3au103.infra.lync.com,AU-Australia-Primary,AU,UpgradeToTeams,TRUE,TRUE
ELEMAT1@bmd.com.au,tel:+61862787825,61862787825,,Elena Matalavea,Elena,Matalavea,User,sippoolsy3au103.infra.lync.com,AU-Australia-Primary,AU,UpgradeToTeams,TRUE,FALSE
venv@bmd.com.au,tel:+61730339441,61730339441,,Ven Vecchio,Ven,Vecchio,User,sippoolsy3au103.infra.lync.com,AU-Australia-Primary,AU,UpgradeToTeams,TRUE,FALSE
GRAFIT1@bmd.com.au,tel:+61739029125,61739029125,,Grace Fitzgerald,Grace,Fitzgerald,User,sippoolsy3au103.infra.lync.com,AU-Australia-Primary,AU,UpgradeToTeams,TRUE,FALSE
TONHEN1@bmd.com.au,tel:+61738936234,61738936234,,Tony Hennessy,Tony,Hennessy,User,sippoolsy3au103.infra.lync.com,AU-Australia-Primary,AU,UpgradeToTeams,TRUE,FALSE
james.kriukelis@bmd.com.au,tel:+61738937083,61738937083,,James Kriukelis,James,Kriukelis,User,sippoolsy3au103.infra.lync.com,AU-Australia-Primary,AU,UpgradeToTeams,TRUE,FALSE
waynet@bmd.com.au,tel:+61739029109,61739029109,,Wayne Thompson,Wayne,Thompson,User,sippoolsy3au103.infra.lync.com,AU-Australia-Primary,AU,UpgradeToTeams,TRUE,FALSE
FRAEDM1@bmd.com.au,tel:+61398113428,61398113428,,Francis Edmonds,Francis,Edmonds,User,sippoolsy3au103.infra.lync.com,AU-Australia-Primary,AU,UpgradeToTeams,TRUE,FALSE
AHMBAB1@bmd.com.au,tel:+61294756919,61294756919,,Ahmad Babti,Ahmad,Babti,User,sippoolsy3au103.infra.lync.com,AU-Australia-Primary,AU,UpgradeToTeams,TRUE,FALSE
it_test_aa@bmd.com.au,tel:+61738937086,61738937086,,IT_Test_AA,,,User,,,,,TRUE,FALSE
gerard.vinen@bmd.com.au,tel:+61738937079,61738937079,,Gerard Vinen,Gerard,Vinen,User,sippoolsy3au103.infra.lync.com,AU-Australia-Primary,AU,UpgradeToTeams,TRUE,FALSE
MATELL1@bmd.com.au,tel:+61398113448,61398113448,,Matthew Elliott,Matthew,Elliott,User,sippoolsy3au103.infra.lync.com,AU-Australia-Primary,AU,UpgradeToTeams,TRUE,FALSE
KEIJOY1@bmd.com.au,tel:+61738936261,61738936261,,Keira Joy,Keira,Joy,User,sippoolsy3au103.infra.lync.com,AU-Australia-Primary,AU,UpgradeToTeams,TRUE,FALSE
davidl@bmd.com.au,tel:+61730339406,61730339406,,David Lano,David,Lano,User,sippoolsy3au103.infra.lync.com,AU-Australia-Primary,AU,UpgradeToTeams,TRUE,FALSE
NATMED1@bmd.com.au,tel:+61730339440,61730339440,,Natilee Medcalf-Reed,Natilee,Medcalf-Reed,User,sippoolsy3au103.infra.lync.com,AU-Australia-Primary,AU,UpgradeToTeams,TRUE,FALSE
SARCAL1@bmd.com.au,tel:+61294756942,61294756942,,Sarah Callahan,Sarah,Callahan,User,sippoolsy3au103.infra.lync.com,AU-Australia-Primary,AU,UpgradeToTeams,TRUE,FALSE
LISDUR1@bmd.com.au,tel:+61739029120,61739029120,,Lisa During,Lisa,During,User,sippoolsy3au103.infra.lync.com,AU-Australia-Primary,AU,UpgradeToTeams,TRUE,FALSE
YOAPAS1@bmd.com.au,tel:+61889304419,61889304419,,Yoana Pashova,Yoana,Pashova,User,sippoolsy3au103.infra.lync.com,AU-Australia-Primary,AU,UpgradeToTeams,TRUE,FALSE
craigm@bmd.com.au,tel:+61738937070,61738937070,,Craig Mortensen,Craig,Mortensen,User,sippoolsy3au103.infra.lync.com,AU-Australia-Primary,AU,UpgradeToTeams,TRUE,FALSE
RICBAC1@bmd.com.au,tel:+61738936288,61738936288,,Richard Bacon,Richard,Bacon,User,sippoolsy3au103.infra.lync.com,AU-Australia-Primary,AU,UpgradeToTeams,TRUE,FALSE
DANRIC1@bmd.com.au,tel:+61862787815,61862787815,,Danielle Richens,Danielle,Richens,User,sippoolsy3au103.infra.lync.com,AU-Australia-Primary,AU,UpgradeToTeams,TRUE,FALSE
SARHAR1@bmd.com.au,tel:+61738936237,61738936237,,Sarah Harvey,Sarah,Harvey,User,sippoolsy3au103.infra.lync.com,AU-Australia-Primary,AU,UpgradeToTeams,TRUE,FALSE
BREMAN1@bmd.com.au,tel:+61738936235,61738936235,,Brent Manteufel,Brent,Manteufel,User,sippoolsy3au103.infra.lync.com,AU-Australia-Primary,AU,UpgradeToTeams,TRUE,FALSE
JAZMOH1@bmd.com.au,tel:+61738936217,61738936217,,Jaz Mohideen,Jaz,Mohideen,User,sippoolsy3au103.infra.lync.com,AU-Australia-Primary,AU,UpgradeToTeams,TRUE,FALSE
tammy.elphinstone@bmd.com.au,tel:+61730339444,61730339444,,Tammy Elphinstone,Tammy,Elphinstone,User,sippoolsy3au103.infra.lync.com,AU-Australia-Primary,AU,UpgradeToTeams,TRUE,FALSE
teams_aa_resource_52@onbmd.onmicrosoft.com,tel:+61889304444,61889304444,,Darwin Urbex Reception AA 52 - Teams Auto Attendant Resource Account 52,,,User,,AU-Australia-Primary,,,TRUE,FALSE
MADDYB1@bmd.com.au,tel:+61738936219,61738936219,,Madalyn Dyba,Madalyn,Dyba,User,sippoolsy3au103.infra.lync.com,AU-Australia-Primary,AU,UpgradeToTeams,TRUE,FALSE
AMYRUT1@bmd.com.au,tel:+61739000703,61739000703,,Amy Rutherford,Amy,Rutherford,User,sippoolsy3au103.infra.lync.com,AU-Australia-Primary,AU,UpgradeToTeams,TRUE,FALSE
MELREN1@bmd.com.au,tel:+61738936264,61738936264,,Melisa Renton,Melisa,Renton,User,sippoolsy3au103.infra.lync.com,AU-Australia-Primary,AU,UpgradeToTeams,TRUE,FALSE
TAHROS1@bmd.com.au,tel:+61738937411,61738937411,,Tahla Ross,Tahla,Ross,User,sippoolsy3au103.infra.lync.com,AU-Australia-Primary,AU,UpgradeToTeams,TRUE,FALSE
EDWDOW1@bmd.com.au,tel:+61398113495,61398113495,,Edward Dowling,Edward,Dowling,User,sippoolsy3au103.infra.lync.com,AU-Australia-Primary,AU,UpgradeToTeams,TRUE,FALSE
dart.johnson@bmd.com.au,tel:+61739067469,61739067469,,Dart Johnson,Dart,Johnson,User,sippoolsy3au103.infra.lync.com,AU-Australia-Primary,AU,UpgradeToTeams,TRUE,FALSE
MICROB1@bmd.com.au,tel:+61398113440,61398113440,,Michael Robson,Michael,Robson,User,sippoolsy3au103.infra.lync.com,AU-Australia-Primary,AU,UpgradeToTeams,TRUE,FALSE
LYNMOO1@bmd.com.au,tel:+61862787814,61862787814,,Lynda Moore,Lynda,Moore,User,sippoolsy3au103.infra.lync.com,AU-Australia-Primary,AU,UpgradeToTeams,TRUE,FALSE
AIDFEI1@bmd.com.au,tel:+61748426919,61748426919,,Aidan Feighery,Aidan,Feighery,User,sippoolsy3au103.infra.lync.com,AU-Australia-Primary,AU,UpgradeToTeams,TRUE,FALSE
DAMPAR1@bmd.com.au,tel:+61862787835,61862787835,,Damon Parsons,Damon,Parsons,User,sippoolsy3au103.infra.lync.com,AU-Australia-Primary,AU,UpgradeToTeams,TRUE,FALSE
teams_aa_resource_53@onbmd.onmicrosoft.com,tel:+61739067444,61739067444,,Brisbane Urbex Reception AA 53 - Teams Auto Attendant Resource Account 53,,,User,,AU-Australia-Primary,,,TRUE,FALSE
TIFPRI1@bmd.com.au,tel:+61739067426,61739067426,,Tiffany Prigg,Tiffany,Prigg,User,sippoolsy3au103.infra.lync.com,AU-Australia-Primary,AU,UpgradeToTeams,TRUE,FALSE
SANKUS1@bmd.com.au,tel:+61730339425,61730339425,,Sander Kusters,Sander,Kusters,User,sippoolsy3au103.infra.lync.com,AU-Australia-Primary,AU,UpgradeToTeams,TRUE,FALSE
OLIBYS1@bmd.com.au,tel:+61730339446,61730339446,,Oliver Bysouth,Oliver,Bysouth,User,sippoolsy3au103.infra.lync.com,AU-Australia-Primary,AU,UpgradeToTeams,TRUE,FALSE
JOEJOY1@bmd.com.au,tel:+61739067432,61739067432,,Joe Joyce,Joe,Joyce,User,sippoolsy3au103.infra.lync.com,AU-Australia-Primary,AU,UpgradeToTeams,TRUE,FALSE
BROSOR1@bmd.com.au,tel:+61739000712,61739000712,,Brodi Sorenson,Brodi,Sorenson,User,sippoolsy3au103.infra.lync.com,AU-Australia-Primary,AU,UpgradeToTeams,TRUE,FALSE
PATSHE1@bmd.com.au,tel:+61738936236,61738936236,,Patricia Sheahan,Patricia,Sheahan,User,sippoolsy3au103.infra.lync.com,AU-Australia-Primary,AU,UpgradeToTeams,TRUE,FALSE
ALEGAL1@bmd.com.au,tel:+61294756928,61294756928,,Alex Gale,Alex,Gale,User,sippoolsy3au103.infra.lync.com,AU-Australia-Primary,AU,UpgradeToTeams,TRUE,FALSE
DAVMCL1@bmd.com.au,tel:+61730339412,61730339412,,David McLaughlin,David,McLaughlin,User,sippoolsy3au103.infra.lync.com,AU-Australia-Primary,AU,UpgradeToTeams,TRUE,FALSE
MICFOR1@bmd.com.au,tel:+61738937409,61738937409,,Michael Forsyth,Michael,Forsyth,User,sippoolsy3au103.infra.lync.com,AU-Australia-Primary,AU,UpgradeToTeams,TRUE,FALSE
JAMBOE1@bmd.com.au,tel:+61862787834,61862787834,,James Boekeman,James,Boekeman,User,sippoolsy3au103.infra.lync.com,AU-Australia-Primary,AU,UpgradeToTeams,TRUE,FALSE
jc@bmd.com.au,tel:+61738937071,61738937071,,James Cuneo,James,Cuneo,User,sippoolsy3au103.infra.lync.com,AU-Australia-Primary,AU,UpgradeToTeams,TRUE,FALSE
TODTHO1@bmd.com.au,tel:+61294756931,61294756931,,Todd Thornton,Todd,Thornton,User,sippoolsy3au103.infra.lync.com,AU-Australia-Primary,AU,UpgradeToTeams,TRUE,FALSE
ABICAM1@bmd.com.au,tel:+61294756909,61294756909,,Abegail Campling,Abegail,Campling,User,sippoolsy3au103.infra.lync.com,AU-Australia-Primary,AU,UpgradeToTeams,TRUE,FALSE
MARPUR1@bmd.com.au,tel:+61730339463,61730339463,,Marie-May Puro,Marie-May,Puro,User,sippoolsy3au103.infra.lync.com,AU-Australia-Primary,AU,UpgradeToTeams,TRUE,FALSE
WESSMI1@bmd.com.au,tel:+61889304404,61889304404,,Wes Smith,Wes,Smith,User,sippoolsy3au103.infra.lync.com,AU-Australia-Primary,AU,UpgradeToTeams,TRUE,FALSE
SRS12@bmd.com.au,tel:+61738937484,61738937484,,Meeting Room - John Mulder Room,,,User,sippoolsy3au103.infra.lync.com,AU-Australia-Primary,AU,UpgradeToTeams,TRUE,FALSE
davida@bmd.com.au,tel:+61747507014,61747507014,,David Argent,David,Argent,User,sippoolsy3au103.infra.lync.com,AU-Australia-Primary,AU,UpgradeToTeams,TRUE,FALSE
timm@bmd.com.au,tel:+61738937011,61738937011,,Tim McMahon,Tim,McMahon,User,sippoolsy3au103.infra.lync.com,AU-Australia-Primary,AU,UpgradeToTeams,TRUE,FALSE
teams_cq_resource_28@onbmd.onmicrosoft.com,tel:+61730339588,61730339588,,Newcastle BMD Reception CQ 28 - Teams Call Queue Resource Account 28,,,User,,AU-Australia-Primary,,,TRUE,FALSE
AMYCOO1@bmd.com.au,tel:+61730339433,61730339433,,Amy Cook,Amy,Cook,User,sippoolsy3au103.infra.lync.com,AU-Australia-Primary,AU,UpgradeToTeams,TRUE,FALSE
teams_cq_resource_27@onbmd.onmicrosoft.com,tel:+61730339587,61730339587,,Darwin BMD Reception CQ 27 - Teams Call Queue Resource Account 27,,,User,,AU-Australia-Primary,,,TRUE,FALSE
BENKEA2@bmd.com.au,tel:+61739029177,61739029177,,Ben Keane,Ben,Keane,User,sippoolsy3au103.infra.lync.com,AU-Australia-Primary,AU,UpgradeToTeams,TRUE,FALSE
MATWIL1@bmd.com.au,tel:+61738936296,61738936296,,Matt Williamson,Matt,Williamson,User,sippoolsy3au103.infra.lync.com,AU-Australia-Primary,AU,UpgradeToTeams,TRUE,FALSE
JODTRO1@bmd.com.au,tel:+61739067409,61739067409,,Jodie Trousdell,Jodie,Trousdell,User,sippoolsy3au103.infra.lync.com,AU-Australia-Primary,AU,UpgradeToTeams,TRUE,FALSE
DEMJUD1@bmd.com.au,tel:+61730339455,61730339455,,Demi Judd,Demi,Judd,User,sippoolsy3au103.infra.lync.com,AU-Australia-Primary,AU,UpgradeToTeams,TRUE,FALSE
hg_6df4672d3c9444579bb0800b6a7cbca5@bmd.com.au,tel:+61721025404,61721025404,,Brisbane - Test,,,User,,,,,TRUE,TRUE
SINODO1@bmd.com.au,tel:+61738937025,61738937025,,Sinead O'Donoghue,Sinead,O'Donoghue,User,sippoolsy3au103.infra.lync.com,AU-Australia-Primary,AU,UpgradeToTeams,TRUE,FALSE
HUB02@bmd.com.au,tel:+61747507068,61747507068,,Townsville Board Room,,,User,sippoolsy3au103.infra.lync.com,AU-Australia-Primary,AU,UpgradeToTeams,TRUE,TRUE
EMIMCL1@bmd.com.au,tel:+61730339429,61730339429,,Emily McLeod,Emily,McLeod,User,sippoolsy3au103.infra.lync.com,AU-Australia-Primary,AU,UpgradeToTeams,TRUE,FALSE
TOMDIV1@bmd.com.au,tel:+61294756915,61294756915,,Tom Diver,Tom,Diver,User,sippoolsy3au103.infra.lync.com,AU-Australia-Primary,AU,UpgradeToTeams,TRUE,FALSE
KRIKUM1@bmd.com.au,tel:+61730339480,61730339480,,Krishna Kumar,Krishna,Kumar,User,sippoolsy3au103.infra.lync.com,AU-Australia-Primary,AU,UpgradeToTeams,TRUE,FALSE
MELDEB1@bmd.com.au,tel:+61739067418,61739067418,,Melissa De Bellis,Melissa,De Bellis,User,sippoolsy3au103.infra.lync.com,AU-Australia-Primary,AU,UpgradeToTeams,TRUE,FALSE
MORHAN1@bmd.com.au,tel:+61738937032,61738937032,,Morgan Hanscomb,Morgan,Hanscomb,User,sippoolsy3au103.infra.lync.com,AU-Australia-Primary,AU,UpgradeToTeams,TRUE,FALSE
NICDAW1@bmd.com.au,tel:+61881105117,61881105117,,Nicholas Dawson,Nicholas,Dawson,User,sippoolsy3au103.infra.lync.com,AU-Australia-Primary,AU,UpgradeToTeams,TRUE,FALSE
chrish@bmd.com.au,tel:+61747507069,61747507069,,Chris Hobson,Chris,Hobson,User,sippoolsy3au103.infra.lync.com,AU-Australia-Primary,AU,UpgradeToTeams,TRUE,FALSE
Kim.Bormann@bmd.com.au,tel:+61889304406,61889304406,,Kim Bormann,Kim,Bormann,User,sippoolsy3au103.infra.lync.com,AU-Australia-Primary,AU,UpgradeToTeams,TRUE,FALSE
EMMBAL1@bmd.com.au,tel:+61889304405,61889304405,,Emmalene Balnaves,Emmalene,Balnaves,User,sippoolsy3au103.infra.lync.com,AU-Australia-Primary,AU,UpgradeToTeams,TRUE,FALSE
teams_aa_resource_10@onbmd.onmicrosoft.com,tel:+61730339570,61730339570,,Test Forward AA 10 - Teams Auto Attendant Resource Account 10,,,User,,AU-Australia-Primary,,,TRUE,FALSE
srs14@bmd.com.au,tel:+61738937486,61738937486,,Meeting Room - Bob Smith,,,User,sippoolsy3au103.infra.lync.com,AU-Australia-Primary,AU,UpgradeToTeams,TRUE,TRUE
teams_cq_resource_03@onbmd.onmicrosoft.com,tel:+61730339573,61730339573,,Teams Call Queue Resource Account 03,,,User,,AU-Australia-Primary,,,TRUE,FALSE
teams_cq_resource_01@onbmd.onmicrosoft.com,tel:+61730339571,61730339571,,Teams Call Queue Resource Account 01,,,User,,AU-Australia-Primary,,,TRUE,FALSE
teams_cq_resource_02@onbmd.onmicrosoft.com,tel:+61730339572,61730339572,,Teams Call Queue Resource Account 02,,,User,,AU-Australia-Primary,,,TRUE,FALSE
FIOBEI1@bmd.com.au,tel:+61862787822,61862787822,,Fionnan Beirne,Fionnan,Beirne,User,sippoolsy3au103.infra.lync.com,AU-Australia-Primary,AU,UpgradeToTeams,TRUE,FALSE
teams_cq_resource_04@onbmd.onmicrosoft.com,tel:+61730339574,61730339574,,Teams Call Queue Resource Account 04,,,User,,AU-Australia-Primary,,,TRUE,FALSE
CHRTUT1@bmd.com.au,tel:+61738936284,61738936284,,Christopher Tuttiett,Christopher,Tuttiett,User,sippoolsy3au103.infra.lync.com,AU-Australia-Primary,AU,UpgradeToTeams,TRUE,FALSE
teams_cq_resource_05@onbmd.onmicrosoft.com,tel:+61730339575,61730339575,,Teams Call Queue Resource Account 05,,,User,,AU-Australia-Primary,,,TRUE,FALSE
MARGAL1@bmd.com.au,tel:+61739067490,61739067490,,Mark Gallagher,Mark,Gallagher,User,sippoolsy3au103.infra.lync.com,AU-Australia-Primary,AU,UpgradeToTeams,TRUE,FALSE
BELBAR1@bmd.com.au,tel:+61747507018,61747507018,,Belinda Barber,Belinda,Barber,User,sippoolsy3au103.infra.lync.com,AU-Australia-Primary,AU,UpgradeToTeams,TRUE,FALSE
BRIBUR1@bmd.com.au,tel:+61739067457,61739067457,,Bridget Burton,Bridget,Burton,User,sippoolsy3au103.infra.lync.com,AU-Australia-Primary,AU,UpgradeToTeams,TRUE,FALSE
warrenp@bmd.com.au,tel:+61739029117,61739029117,,Warren Priest,Warren,Priest,User,sippoolsy3au103.infra.lync.com,AU-Australia-Primary,AU,UpgradeToTeams,TRUE,FALSE
KARSCH1@bmd.com.au,tel:+61747507027,61747507027,,Karl Schipanski,Karl,Schipanski,User,sippoolsy3au103.infra.lync.com,AU-Australia-Primary,AU,UpgradeToTeams,TRUE,FALSE
teams_cq_resource_08@onbmd.onmicrosoft.com,tel:+61730339578,61730339578,,Melbourne JMAC CQ 08 - Teams Call Queue Resource Account 08,,,User,,AU-Australia-Primary,,,TRUE,FALSE
EMIVRA1@bmd.com.au,tel:+61294756923,61294756923,,Emil Vranjes,Emil,Vranjes,User,sippoolsy3au103.infra.lync.com,AU-Australia-Primary,AU,UpgradeToTeams,TRUE,FALSE
JOHPAT1@bmd.com.au,tel:+61862787819,61862787819,,John Patey,John,Patey,User,sippoolsy3au103.infra.lync.com,AU-Australia-Primary,AU,UpgradeToTeams,TRUE,FALSE
BENFOW1@bmd.com.au,tel:+61862787804,61862787804,,Bennet Fowler,Bennet,Fowler,User,sippoolsy3au103.infra.lync.com,AU-Australia-Primary,AU,UpgradeToTeams,TRUE,FALSE
VERSIM1@bmd.com.au,tel:+61738936275,61738936275,,Veronica Simeoni,Veronica,Simeoni,User,sippoolsy3au103.infra.lync.com,AU-Australia-Primary,AU,UpgradeToTeams,TRUE,FALSE
BREGLO1@bmd.com.au,tel:+61294756926,61294756926,,Breanna Glover,Breanna,Glover,User,sippoolsy3au103.infra.lync.com,AU-Australia-Primary,AU,UpgradeToTeams,TRUE,FALSE
MALDAV1@bmd.com.au,tel:+61747507087,61747507087,,Malcolm Davis,Malcolm,Davis,User,sippoolsy3au103.infra.lync.com,AU-Australia-Primary,AU,UpgradeToTeams,TRUE,FALSE
POBREC1@bmd.com.au,tel:+61738936251,61738936251,,POB Reception,POB,Reception,User,,,AU,,TRUE,TRUE
AMYHUD1@bmd.com.au,tel:+61730339461,61730339461,,Amy Hudson,Amy,Hudson,User,sippoolsy3au103.infra.lync.com,AU-Australia-Primary,AU,UpgradeToTeams,TRUE,FALSE
MICDIX1@bmd.com.au,tel:+61730339460,61730339460,,Michael Dixon,Michael,Dixon,User,sippoolsy3au103.infra.lync.com,AU-Australia-Primary,AU,UpgradeToTeams,TRUE,FALSE
SRS21@bmd.com.au,tel:+61747507067,61747507067,,SRS21 - TSV Boardroom,,,User,sippoolsy3au103.infra.lync.com,AU-Australia-Primary,AU,UpgradeToTeams,TRUE,FALSE
HUB07@bmd.com.au,tel:+61730339427,61730339427,,Scott Rafferty - Boardroom,,,User,sippoolsy3au103.infra.lync.com,AU-Australia-Primary,AU,UpgradeToTeams,TRUE,TRUE
JERPET1@bmd.com.au,tel:+61738937082,61738937082,,Jeremy Petrusma,Jeremy,Petrusma,User,sippoolsy3au103.infra.lync.com,AU-Australia-Primary,AU,UpgradeToTeams,TRUE,FALSE
JERSTE1@bmd.com.au,tel:+61294756940,61294756940,,Jerrica Steiner,Jerrica,Steiner,User,sippoolsy3au103.infra.lync.com,AU-Australia-Primary,AU,UpgradeToTeams,TRUE,FALSE
TOMEVA1@bmd.com.au,tel:+61398113432,61398113432,,Tom Evans,Tom,Evans,User,sippoolsy3au103.infra.lync.com,AU-Australia-Primary,AU,UpgradeToTeams,TRUE,FALSE
MATEDW1@bmd.com.au,tel:+61738937034,61738937034,,Matthew Edwards,Matthew,Edwards,User,sippoolsy3au103.infra.lync.com,AU-Australia-Primary,AU,UpgradeToTeams,TRUE,FALSE
SEECHA1@bmd.com.au,tel:+61398113449,61398113449,,Seema Chatterjee,Seema,Chatterjee,User,sippoolsy3au103.infra.lync.com,AU-Australia-Primary,AU,UpgradeToTeams,TRUE,FALSE
KERRID1@bmd.com.au,tel:+61738937031,61738937031,,Kerrie Ridder,Kerrie,Ridder,User,sippoolsy3au103.infra.lync.com,AU-Australia-Primary,AU,UpgradeToTeams,TRUE,FALSE
steve.haines@bmd.com.au,tel:+61881105119,61881105119,,Steve Haines,Steve,Haines,User,sippoolsy3au103.infra.lync.com,AU-Australia-Primary,AU,UpgradeToTeams,TRUE,FALSE
MAGSOE1@bmd.com.au,tel:+61881105103,61881105103,,Magdalena Soenarjo,Magdalena,Soenarjo,User,sippoolsy3au103.infra.lync.com,AU-Australia-Primary,AU,UpgradeToTeams,TRUE,FALSE
ASTMCG1@bmd.com.au,tel:+61738936242,61738936242,,Asten McGurk,Asten,McGurk,User,sippoolsy3au103.infra.lync.com,AU-Australia-Primary,AU,UpgradeToTeams,TRUE,FALSE
JARTAY1@bmd.com.au,tel:+61889304417,61889304417,,Jarrad Taylor,Jarrad,Taylor,User,sippoolsy3au103.infra.lync.com,AU-Australia-Primary,AU,UpgradeToTeams,TRUE,FALSE
HANCOG1@bmd.com.au,tel:+61738936291,61738936291,,Hannah Coghill,Hannah,Coghill,User,sippoolsy3au103.infra.lync.com,AU-Australia-Primary,AU,UpgradeToTeams,TRUE,FALSE
ALLDAV1@bmd.com.au,tel:+61747507016,61747507016,,Allyson Davey,Allyson,Davey,User,sippoolsy3au103.infra.lync.com,AU-Australia-Primary,AU,UpgradeToTeams,TRUE,FALSE
MARMAL1@bmd.com.au,tel:+61862787812,61862787812,,Margaret Mallett,Margaret,Mallett,User,sippoolsy3au103.infra.lync.com,AU-Australia-Primary,AU,UpgradeToTeams,TRUE,FALSE
jg@bmd.com.au,tel:+61738937090,61738937090,,James Granata,James,Granata,User,sippoolsy3au103.infra.lync.com,AU-Australia-Primary,AU,UpgradeToTeams,TRUE,FALSE
SAMFAU1@bmd.com.au,tel:+61730339489,61730339489,,Sam Faulkner,Sam,Faulkner,User,sippoolsy3au103.infra.lync.com,AU-Australia-Primary,AU,UpgradeToTeams,TRUE,FALSE
BRIOLS1@bmd.com.au,tel:+61739067470,61739067470,,Brian Olsen,Brian,Olsen,User,sippoolsy3au103.infra.lync.com,AU-Australia-Primary,AU,UpgradeToTeams,TRUE,FALSE
SRS08@bmd.com.au,tel:+61739067435,61739067435,,IT Test Room 8,,,User,,,AU,,TRUE,TRUE
EMILE01@bmd.com.au,tel:+61294756948,61294756948,,Emily Le,Emily,Le,User,sippoolsy3au103.infra.lync.com,AU-Australia-Primary,AU,UpgradeToTeams,TRUE,FALSE
LEEHOF1@bmd.com.au,tel:+61881105121,61881105121,,Lee-Anne Hoffmann,Lee-Anne,Hoffmann,User,sippoolsy3au103.infra.lync.com,AU-Australia-Primary,AU,UpgradeToTeams,TRUE,FALSE
Graeme.Fenemore@bmd.com.au,tel:+61738937052,61738937052,,Graeme Fenemore,Graeme,Fenemore,User,sippoolsy3au103.infra.lync.com,AU-Australia-Primary,AU,UpgradeToTeams,TRUE,FALSE
MORMOR1@bmd.com.au,tel:+61739000707,61739000707,,Morgan Morganti,Morgan,Morganti,User,sippoolsy3au103.infra.lync.com,AU-Australia-Primary,AU,UpgradeToTeams,TRUE,FALSE
shawn.davis@bmd.com.au,tel:+61748426912,61748426912,,Shawn Davis,Shawn,Davis,User,sippoolsy3au103.infra.lync.com,AU-Australia-Primary,AU,UpgradeToTeams,TRUE,FALSE
justind@bmd.com.au,tel:+61739067448,61739067448,,Justin Devantier,Justin,Devantier,User,sippoolsy3au103.infra.lync.com,AU-Australia-Primary,AU,UpgradeToTeams,TRUE,FALSE
DARBEA1@bmd.com.au,tel:+61738936281,61738936281,,Darren Beatson,Darren,Beatson,User,sippoolsy3au103.infra.lync.com,AU-Australia-Primary,AU,UpgradeToTeams,TRUE,FALSE
trent.dunoon@bmd.com.au,tel:+61398113437,61398113437,,Trent Dunoon,Trent,Dunoon,User,sippoolsy3au103.infra.lync.com,AU-Australia-Primary,AU,UpgradeToTeams,TRUE,FALSE
ALAMAT1@bmd.com.au,tel:+61862787820,61862787820,,Alan Matthews,Alan,Matthews,User,sippoolsy3au103.infra.lync.com,AU-Australia-Primary,AU,UpgradeToTeams,TRUE,FALSE
CORFOL1@bmd.com.au,tel:+61739000718,61739000718,,Con Foley,Con,Foley,User,sippoolsy3au103.infra.lync.com,AU-Australia-Primary,AU,UpgradeToTeams,TRUE,FALSE
ELISKE1@bmd.com.au,tel:+61738936213,61738936213,,Liz Skewes,Liz,Skewes,User,sippoolsy3au103.infra.lync.com,AU-Australia-Primary,AU,UpgradeToTeams,TRUE,FALSE
colinm@bmd.com.au,tel:+61738937024,61738937024,,Colin Mitchell,Colin,Mitchell,User,sippoolsy3au103.infra.lync.com,AU-Australia-Primary,AU,UpgradeToTeams,TRUE,FALSE
TENPRO1@bmd.com.au,tel:+61738936254,61738936254,,Tenielle Prosser,Tenielle,Prosser,User,sippoolsy3au103.infra.lync.com,AU-Australia-Primary,AU,UpgradeToTeams,TRUE,FALSE
kevin.ryan@bmd.com.au,tel:+61739067413,61739067413,,Kevin Ryan,Kevin,Ryan,User,sippoolsy3au103.infra.lync.com,AU-Australia-Primary,AU,UpgradeToTeams,TRUE,FALSE
FRAVLA1@bmd.com.au,tel:+61294756913,61294756913,,Frank Vlatko,Frank,Vlatko,User,sippoolsy3au103.infra.lync.com,AU-Australia-Primary,AU,UpgradeToTeams,TRUE,FALSE
GUYTHY1@bmd.com.au,tel:+61738937026,61738937026,,Guy Thygesen,Guy,Thygesen,User,sippoolsy3au103.infra.lync.com,AU-Australia-Primary,AU,UpgradeToTeams,TRUE,FALSE
matthew.still@bmd.com.au,tel:+61738936272,61738936272,,Matthew Still,Matthew,Still,User,sippoolsy3au103.infra.lync.com,AU-Australia-Primary,AU,UpgradeToTeams,TRUE,FALSE
paulc@bmd.com.au,tel:+61738937004,61738937004,,Paul Cafaro,Paul,Cafaro,User,sippoolsy3au103.infra.lync.com,AU-Australia-Primary,AU,UpgradeToTeams,TRUE,FALSE
ELILLO1@bmd.com.au,tel:+61738936276,61738936276,,Elizabeth Lloyd,Elizabeth,Lloyd,User,sippoolsy3au103.infra.lync.com,AU-Australia-Primary,AU,UpgradeToTeams,TRUE,FALSE
shane.smith@bmd.com.au,tel:+61730339495,61730339495,,Shane Smith,Shane,Smith,User,sippoolsy3au103.infra.lync.com,AU-Australia-Primary,AU,UpgradeToTeams,TRUE,FALSE
tanya.winter@bmd.com.au,tel:+61738936231,61738936231,,Tanya Winter,Tanya,Winter,User,sippoolsy3au103.infra.lync.com,AU-Australia-Primary,AU,UpgradeToTeams,TRUE,FALSE
LUKNIN1@bmd.com.au,tel:+61398113433,61398113433,,Luka Ninkovic,Luka,Ninkovic,User,sippoolsy3au103.infra.lync.com,AU-Australia-Primary,AU,UpgradeToTeams,TRUE,FALSE
MOHELB1@bmd.com.au,tel:+61294756905,61294756905,,Mohamed El-Basel,Mohamed,El-Basel,User,sippoolsy3au103.infra.lync.com,AU-Australia-Primary,AU,UpgradeToTeams,TRUE,FALSE
leec@bmd.com.au,tel:+61738937007,61738937007,,Lee Carpenter,Lee,Carpenter,User,sippoolsy3au103.infra.lync.com,AU-Australia-Primary,AU,UpgradeToTeams,TRUE,FALSE
JAMLAW1@bmd.com.au,tel:+61862787828,61862787828,,James Lawrence,James,Lawrence,User,sippoolsy3au103.infra.lync.com,AU-Australia-Primary,AU,UpgradeToTeams,TRUE,FALSE
GLEFUL1@bmd.com.au,tel:+61747507088,61747507088,,Glen Fuller,Glen,Fuller,User,sippoolsy3au103.infra.lync.com,AU-Australia-Primary,AU,UpgradeToTeams,TRUE,FALSE
CRAALT1@bmd.com.au,tel:+61738936243,61738936243,,Craig Althaus,Craig,Althaus,User,sippoolsy3au103.infra.lync.com,AU-Australia-Primary,AU,UpgradeToTeams,TRUE,FALSE
guy.beresford@bmd.com.au,tel:+61738936278,61738936278,,Guy Beresford,Guy,Beresford,User,sippoolsy3au103.infra.lync.com,AU-Australia-Primary,AU,UpgradeToTeams,TRUE,FALSE
DERWHA1@bmd.com.au,tel:+61739067449,61739067449,,Derek Wharton,Derek,Wharton,User,sippoolsy3au103.infra.lync.com,AU-Australia-Primary,AU,UpgradeToTeams,TRUE,FALSE
RACWOO1@bmd.com.au,tel:+61739067408,61739067408,,Rachael Woods,Rachael,Woods,User,sippoolsy3au103.infra.lync.com,AU-Australia-Primary,AU,UpgradeToTeams,TRUE,FALSE
SRS13@bmd.com.au,tel:+61738937485,61738937485,,Meeting Room - David Young Room,,,User,sippoolsy3au103.infra.lync.com,AU-Australia-Primary,AU,UpgradeToTeams,TRUE,TRUE
STEBEN1@bmd.com.au,tel:+61738937058,61738937058,,Steven Bennett,Steven,Bennett,User,sippoolsy3au103.infra.lync.com,AU-Australia-Primary,AU,UpgradeToTeams,TRUE,FALSE
ISAGUI1@bmd.com.au,tel:+61730339506,61730339506,,Isaac Guidotti,Isaac,Guidotti,User,sippoolsy3au103.infra.lync.com,AU-Australia-Primary,AU,UpgradeToTeams,TRUE,FALSE
CIABIR1@bmd.com.au,tel:+61862787836,61862787836,,Ciaran Birmingham,Ciaran,Birmingham,User,sippoolsy3au103.infra.lync.com,AU-Australia-Primary,AU,UpgradeToTeams,TRUE,FALSE
casper.heunis@bmd.com.au,tel:+61738936295,61738936295,,Casper Heunis,Casper,Heunis,User,sippoolsy3au103.infra.lync.com,AU-Australia-Primary,AU,UpgradeToTeams,TRUE,FALSE
SLARAD1@bmd.com.au,tel:+61398113496,61398113496,,Sladjana Radic,Sladjana,Radic,User,sippoolsy3au103.infra.lync.com,AU-Australia-Primary,AU,UpgradeToTeams,TRUE,FALSE
TONRIC1@bmd.com.au,tel:+61738937065,61738937065,,Toni Richards,Toni,Richards,User,sippoolsy3au103.infra.lync.com,AU-Australia-Primary,AU,UpgradeToTeams,TRUE,FALSE
paul.overell@bmd.com.au,tel:+61730339403,61730339403,,Paul Overell,Paul,Overell,User,sippoolsy3au103.infra.lync.com,AU-Australia-Primary,AU,UpgradeToTeams,TRUE,FALSE
HUB06@bmd.com.au,tel:+61738936268,61738936268,,Meeting Room - Paul Fogarty Room,,,User,sippoolsy3au103.infra.lync.com,AU-Australia-Primary,AU,UpgradeToTeams,TRUE,TRUE
Mick.Slocombe@bmd.com.au,tel:+61748426924,61748426924,,Mick Slocombe,Mick,Slocombe,User,sippoolsy3au103.infra.lync.com,AU-Australia-Primary,AU,UpgradeToTeams,TRUE,FALSE
ASHCAM1@bmd.com.au,tel:+61730339407,61730339407,,Ashlee Cureton,Ashlee,Cureton,User,sippoolsy3au103.infra.lync.com,AU-Australia-Primary,AU,UpgradeToTeams,TRUE,FALSE
PAUCUR1@bmd.com.au,tel:+61881105123,61881105123,,Liam Curran,Liam,Curran,User,sippoolsy3au103.infra.lync.com,AU-Australia-Primary,AU,UpgradeToTeams,TRUE,FALSE
JOEZHE1@bmd.com.au,tel:+61398113413,61398113413,,Joe Zheng,Joe,Zheng,User,sippoolsy3au103.infra.lync.com,AU-Australia-Primary,AU,UpgradeToTeams,TRUE,FALSE
MITMCD1@bmd.com.au,tel:+61730339464,61730339464,,Mitchell McDuff,Mitchell,McDuff,User,sippoolsy3au103.infra.lync.com,AU-Australia-Primary,AU,UpgradeToTeams,TRUE,FALSE
CHRCON1@bmd.com.au,tel:+61398113409,61398113409,,Chris Connors,Chris,Connors,User,sippoolsy3au103.infra.lync.com,AU-Australia-Primary,AU,UpgradeToTeams,TRUE,FALSE
luke.trattles@bmd.com.au,tel:+61739029115,61739029115,,Luke Trattles,Luke,Trattles,User,sippoolsy3au103.infra.lync.com,AU-Australia-Primary,AU,UpgradeToTeams,TRUE,FALSE
johnm@bmd.com.au,tel:+61738937003,61738937003,,John Mulder,John,Mulder,User,sippoolsy3au103.infra.lync.com,AU-Australia-Primary,AU,UpgradeToTeams,TRUE,FALSE
NATWAL1@bmd.com.au,tel:+61862787824,61862787824,,Nathan Walter,Nathan,Walter,User,sippoolsy3au103.infra.lync.com,AU-Australia-Primary,AU,UpgradeToTeams,TRUE,FALSE
JOSROS1@bmd.com.au,tel:+61881105115,61881105115,,Joseph-Paul Rossi,Joseph-Paul,Rossi,User,sippoolsy3au103.infra.lync.com,AU-Australia-Primary,AU,UpgradeToTeams,TRUE,FALSE
TARIRW1@bmd.com.au,tel:+61738937078,61738937078,,Tara Irwin,Tara,Irwin,User,sippoolsy3au103.infra.lync.com,AU-Australia-Primary,AU,UpgradeToTeams,TRUE,FALSE
simoneg@bmd.com.au,tel:+61738937074,61738937074,,Simone Gooding,Simone,Gooding,User,sippoolsy3au103.infra.lync.com,AU-Australia-Primary,AU,UpgradeToTeams,TRUE,FALSE
layton.wallace@bmd.com.au,tel:+61730339496,61730339496,,Layton Wallace,Layton,Wallace,User,sippoolsy3au103.infra.lync.com,AU-Australia-Primary,AU,UpgradeToTeams,TRUE,FALSE
NICHEA1@bmd.com.au,tel:+61747507020,61747507020,,Nicholas Healy,Nicholas,Healy,User,sippoolsy3au103.infra.lync.com,AU-Australia-Primary,AU,UpgradeToTeams,TRUE,FALSE
ZACYAR1@bmd.com.au,tel:+61398113446,61398113446,,Zack Yarak,Zack,Yarak,User,sippoolsy3au103.infra.lync.com,AU-Australia-Primary,AU,UpgradeToTeams,TRUE,FALSE
teams_aa_resource_21@onbmd.onmicrosoft.com,tel:+61747507000,61747507000,,Townsville BMD Reception AA 21 - Teams Auto Attendant Resource Account 21,,,User,,AU-Australia-Primary,,,TRUE,FALSE
BROPAT1@bmd.com.au,tel:+61738937023,61738937023,,Brodie Patel,Brodie,Patel,User,sippoolsy3au103.infra.lync.com,AU-Australia-Primary,AU,UpgradeToTeams,TRUE,FALSE
teams_aa_resource_22@onbmd.onmicrosoft.com,tel:+61738937000,61738937000,,Brisbane BMD Reception AA 22 - Teams Auto Attendant Resource Account 22,,,User,,AU-Australia-Primary,,,TRUE,FALSE
JENCAS1@bmd.com.au,tel:+61738936279,61738936279,,Jennifer Castillo,Jennifer,Castillo,User,sippoolsy3au103.infra.lync.com,AU-Australia-Primary,AU,UpgradeToTeams,TRUE,FALSE
JARHAI1@bmd.com.au,tel:+61730339448,61730339448,,Jared Haigh,Jared,Haigh,User,sippoolsy3au103.infra.lync.com,AU-Australia-Primary,AU,UpgradeToTeams,TRUE,FALSE
jasonb@bmd.com.au,tel:+61889304426,61889304426,,Jason Brodie,Jason,Brodie,User,sippoolsy3au103.infra.lync.com,AU-Australia-Primary,AU,UpgradeToTeams,TRUE,FALSE
THIGOH1@bmd.com.au,tel:+61398113434,61398113434,,Thiam Goh,Thiam,Goh,User,sippoolsy3au103.infra.lync.com,AU-Australia-Primary,AU,UpgradeToTeams,TRUE,FALSE
PETAST1@bmd.com.au,tel:+61739067475,61739067475,,Peter Astorquia,Peter,Astorquia,User,sippoolsy3au103.infra.lync.com,AU-Australia-Primary,AU,UpgradeToTeams,TRUE,FALSE
BETMAR1@bmd.com.au,tel:+61889304416,61889304416,,Bethany Marks,Bethany,Marks,User,sippoolsy3au103.infra.lync.com,AU-Australia-Primary,AU,UpgradeToTeams,TRUE,FALSE
KATBIR1@bmd.com.au,tel:+61738937224,61738937224,,Katie Murphy,Katie,Murphy,User,sippoolsy3au103.infra.lync.com,AU-Australia-Primary,AU,UpgradeToTeams,TRUE,FALSE
ANDMIL1@bmd.com.au,tel:+61738937092,61738937092,,Andrew Millington,Andrew,Millington,User,sippoolsy3au103.infra.lync.com,AU-Australia-Primary,AU,UpgradeToTeams,TRUE,FALSE
TIMBIS1@bmd.com.au,tel:+61881105120,61881105120,,Tim Bishop,Tim,Bishop,User,sippoolsy3au103.infra.lync.com,AU-Australia-Primary,AU,UpgradeToTeams,TRUE,FALSE
Josie.Kilapio@bmd.com.au,tel:+61881105124,61881105124,,Josie Kilapio,Josie,Kilapio,User,sippoolsy3au103.infra.lync.com,AU-Australia-Primary,AU,UpgradeToTeams,TRUE,FALSE
PETANU1@bmd.com.au,tel:+61398113406,61398113406,,Peter Anusas,Peter,Anusas,User,sippoolsy3au103.infra.lync.com,AU-Australia-Primary,AU,UpgradeToTeams,TRUE,FALSE
PAUWEG1@bmd.com.au,tel:+61738937057,61738937057,,Paul de Weger,Paul,de Weger,User,sippoolsy3au103.infra.lync.com,AU-Australia-Primary,AU,UpgradeToTeams,TRUE,FALSE
sharync@bmd.com.au,tel:+61739029101,61739029101,,Sharyn Cattell,Sharyn,Cattell,User,sippoolsy3au103.infra.lync.com,AU-Australia-Primary,AU,UpgradeToTeams,TRUE,FALSE
RUSTHO1@bmd.com.au,tel:+61862787806,61862787806,,Russell Thompson,Russell,Thompson,User,sippoolsy3au103.infra.lync.com,AU-Australia-Primary,AU,UpgradeToTeams,TRUE,FALSE
VICNIV1@bmd.com.au,tel:+61747507019,61747507019,,Victoria Niven,Victoria,Niven,User,sippoolsy3au103.infra.lync.com,AU-Australia-Primary,AU,UpgradeToTeams,TRUE,FALSE
matts@bmd.com.au,tel:+61398113467,61398113467,,Matt Smith,Matt,Smith,User,sippoolsy3au103.infra.lync.com,AU-Australia-Primary,AU,UpgradeToTeams,TRUE,FALSE
ADEDOD1@bmd.com.au,tel:+61739067489,61739067489,,Adeesha Dodanwala,Adeesha,Dodanwala,User,sippoolsy3au103.infra.lync.com,AU-Australia-Primary,AU,UpgradeToTeams,TRUE,FALSE
LAUHEN1@bmd.com.au,tel:+61739000711,61739000711,,Laura Henderson,Laura,Henderson,User,sippoolsy3au103.infra.lync.com,AU-Australia-Primary,AU,UpgradeToTeams,TRUE,FALSE
daniel.frame@bmd.com.au,tel:+61730339492,61730339492,,Daniel Frame,Daniel,Frame,User,sippoolsy3au103.infra.lync.com,AU-Australia-Primary,AU,UpgradeToTeams,TRUE,FALSE
MARCOR1@bmd.com.au,tel:+61730339434,61730339434,,Marivic Corpuz,Marivic,Corpuz,User,sippoolsy3au103.infra.lync.com,AU-Australia-Primary,AU,UpgradeToTeams,TRUE,FALSE
JESEDW1@bmd.com.au,tel:+61398113494,61398113494,,Jessica Edwards,Jessica,Edwards,User,sippoolsy3au103.infra.lync.com,AU-Australia-Primary,AU,UpgradeToTeams,TRUE,FALSE
MATCON1@bmd.com.au,tel:+61294756930,61294756930,,Matthew Connelly,Matthew,Connelly,User,sippoolsy3au103.infra.lync.com,AU-Australia-Primary,AU,UpgradeToTeams,TRUE,FALSE
PAMBUC1@bmd.com.au,tel:+61294756920,61294756920,,Pam Buckley,Pam,Buckley,User,sippoolsy3au103.infra.lync.com,AU-Australia-Primary,AU,UpgradeToTeams,TRUE,FALSE
SRS07@bmd.com.au,tel:+61739067405,61739067405,,Meeting Room - Wayne Thompson Room,,,User,sippoolsy3au103.infra.lync.com,AU-Australia-Primary,AU,UpgradeToTeams,TRUE,TRUE
LISRUS1@bmd.com.au,tel:+61862787813,61862787813,,Lisa Russell,Lisa,Russell,User,sippoolsy3au103.infra.lync.com,AU-Australia-Primary,AU,UpgradeToTeams,TRUE,FALSE
RICGAL1@bmd.com.au,tel:+61862787816,61862787816,,Ricky Gallop,Ricky,Gallop,User,sippoolsy3au103.infra.lync.com,AU-Australia-Primary,AU,UpgradeToTeams,TRUE,FALSE
DALROG1@bmd.com.au,tel:+61730339465,61730339465,,Dale Rogers,Dale,Rogers,User,sippoolsy3au103.infra.lync.com,AU-Australia-Primary,AU,UpgradeToTeams,TRUE,FALSE
SUEBUC1@bmd.com.au,tel:+61747507021,61747507021,,Sue Bidgood,Sue,Bidgood,User,sippoolsy3au103.infra.lync.com,AU-Australia-Primary,AU,UpgradeToTeams,TRUE,FALSE
NELEAT1@bmd.com.au,tel:+61730339409,61730339409,,Nelson Eaton,Nelson,Eaton,User,sippoolsy3au103.infra.lync.com,AU-Australia-Primary,AU,UpgradeToTeams,TRUE,FALSE
JOSREI1@bmd.com.au,tel:+61747507098,61747507098,,Joshua Reinke,Joshua,Reinke,User,sippoolsy3au103.infra.lync.com,AU-Australia-Primary,AU,UpgradeToTeams,TRUE,FALSE
CHRMAT1@bmd.com.au,tel:+61738936249,61738936249,,Chris Mathias,Chris,Mathias,User,sippoolsy3au103.infra.lync.com,AU-Australia-Primary,AU,UpgradeToTeams,TRUE,FALSE
teams_cq_resource_21@onbmd.onmicrosoft.com,tel:+61730339581,61730339581,,Townsville BMD Reception CQ 21 - Teams Call Queue Resource Account 21,,,User,,AU-Australia-Primary,,,TRUE,FALSE
troy.stevens@bmd.com.au,tel:+61747507022,61747507022,,Troy Stevens,Troy,Stevens,User,sippoolsy3au103.infra.lync.com,AU-Australia-Primary,AU,UpgradeToTeams,TRUE,FALSE
LAUMOR1@bmd.com.au,tel:+61738936225,61738936225,,Lauren Morton,Lauren,Morton,User,sippoolsy3au103.infra.lync.com,AU-Australia-Primary,AU,UpgradeToTeams,TRUE,FALSE
JENDEV1@bmd.com.au,tel:+61747507086,61747507086,,Jennifer Devine,Jennifer,Devine,User,sippoolsy3au103.infra.lync.com,AU-Australia-Primary,AU,UpgradeToTeams,TRUE,FALSE
RYADUF1@bmd.com.au,tel:+61398113412,61398113412,,Ryan Duffy,Ryan,Duffy,User,sippoolsy3au103.infra.lync.com,AU-Australia-Primary,AU,UpgradeToTeams,TRUE,FALSE
CAIHAN1@bmd.com.au,tel:+61730339475,61730339475,,Caislin Hanson,Caislin,Hanson,User,sippoolsy3au103.infra.lync.com,AU-Australia-Primary,AU,UpgradeToTeams,TRUE,FALSE
craigc@bmd.com.au,tel:+61738937005,61738937005,,Craig Covacich,Craig,Covacich,User,sippoolsy3au103.infra.lync.com,AU-Australia-Primary,AU,UpgradeToTeams,TRUE,FALSE
ABDMAU1@bmd.com.au,tel:+61294756908,61294756908,,Abdul Mauzir,Abdul,Mauzir,User,sippoolsy3au103.infra.lync.com,AU-Australia-Primary,AU,UpgradeToTeams,TRUE,FALSE
SUNJAY1@bmd.com.au,tel:+61294756998,61294756998,,Sunil Jayaram,Sunil,Jayaram,User,sippoolsy3au103.infra.lync.com,AU-Australia-Primary,AU,UpgradeToTeams,TRUE,FALSE
AARLIV1@bmd.com.au,tel:+61862787805,61862787805,,Aaron Livingstone,Aaron,Livingstone,User,sippoolsy3au103.infra.lync.com,AU-Australia-Primary,AU,UpgradeToTeams,TRUE,FALSE
karinah@bmd.com.au,tel:+61747507090,61747507090,,Karina Hartley,Karina,Hartley,User,sippoolsy3au103.infra.lync.com,AU-Australia-Primary,AU,UpgradeToTeams,TRUE,FALSE
HAYWHI1@bmd.com.au,tel:+61730339452,61730339452,,Hayley White,Hayley,White,User,sippoolsy3au103.infra.lync.com,AU-Australia-Primary,AU,UpgradeToTeams,TRUE,FALSE
LUKMAR1@bmd.com.au,tel:+61738937063,61738937063,,Luke Marshall,Luke,Marshall,User,sippoolsy3au103.infra.lync.com,AU-Australia-Primary,AU,UpgradeToTeams,TRUE,FALSE
EMLJOH1@bmd.com.au,tel:+61294756924,61294756924,,Emlyn John,Emlyn,John,User,sippoolsy3au103.infra.lync.com,AU-Australia-Primary,AU,UpgradeToTeams,TRUE,FALSE
paulf@bmd.com.au,tel:+61730339417,61730339417,,Paul Fogarty,Paul,Fogarty,User,sippoolsy3au103.infra.lync.com,AU-Australia-Primary,AU,UpgradeToTeams,TRUE,FALSE
GEOBUR1@bmd.com.au,tel:+61739067421,61739067421,,Geoff Burn,Geoff,Burn,User,sippoolsy3au103.infra.lync.com,AU-Australia-Primary,AU,UpgradeToTeams,TRUE,FALSE
teams_cq_resource_19@onbmd.onmicrosoft.com,tel:+61738936207,61738936207,,Purchase Orders CQ 19 - Teams Call Queue Resource Account 19,,,User,,AU-Australia-Primary,,,TRUE,FALSE
robp@bmd.com.au,tel:+61738936214,61738936214,,Rob Pickard,Rob,Pickard,User,sippoolsy3au103.infra.lync.com,AU-Australia-Primary,AU,UpgradeToTeams,TRUE,FALSE
Ernesto.Falso@bmd.com.au,tel:+61739067461,61739067461,,Ernesto Falso,Ernesto,Falso,User,sippoolsy3au103.infra.lync.com,AU-Australia-Primary,AU,UpgradeToTeams,TRUE,FALSE
teams_cq_resource_20@onbmd.onmicrosoft.com,tel:+61738936248,61738936248,,Procurement Services CQ 20 - Teams Call Queue Resource Account 20,,,User,,AU-Australia-Primary,,,TRUE,FALSE
terryw@bmd.com.au,tel:+61739067498,61739067498,,Terry Waterson,Terry,Waterson,User,sippoolsy3au103.infra.lync.com,AU-Australia-Primary,AU,UpgradeToTeams,TRUE,FALSE
DAVWAR1@bmd.com.au,tel:+61739067488,61739067488,,David Ward,David,Ward,User,sippoolsy3au103.infra.lync.com,AU-Australia-Primary,AU,UpgradeToTeams,TRUE,FALSE
KURVIL1@bmd.com.au,tel:+61739000704,61739000704,,Kurtis Viles,Kurtis,Viles,User,sippoolsy3au103.infra.lync.com,AU-Australia-Primary,AU,UpgradeToTeams,TRUE,FALSE
MARMAT1@bmd.com.au,tel:+61738937044,61738937044,,Marko Matijevic,Marko,Matijevic,User,sippoolsy3au103.infra.lync.com,AU-Australia-Primary,AU,UpgradeToTeams,TRUE,FALSE
ACCTEM7@bmd.com.au,tel:+61730339458,61730339458,,Accounts Temp 7,Accounts,Temp 7,User,,,,,TRUE,TRUE
jacobe@bmd.com.au,tel:+61747507033,61747507033,,Jacob Eapen,Jacob,Eapen,User,sippoolsy3au103.infra.lync.com,AU-Australia-Primary,AU,UpgradeToTeams,TRUE,FALSE
ZONHE01@bmd.com.au,tel:+61294756934,61294756934,,Zonglin He,Zonglin,He,User,sippoolsy3au103.infra.lync.com,AU-Australia-Primary,AU,UpgradeToTeams,TRUE,FALSE
ADRRAJ1@bmd.com.au,tel:+61294756918,61294756918,,Adrian Rajeswaran,Adrian,Rajeswaran,User,sippoolsy3au103.infra.lync.com,AU-Australia-Primary,AU,UpgradeToTeams,TRUE,FALSE
ALITIT1@bmd.com.au,tel:+61398113476,61398113476,,Alix Tithecott,Alix,Tithecott,User,sippoolsy3au103.infra.lync.com,AU-Australia-Primary,AU,UpgradeToTeams,TRUE,FALSE
DUNMCG1@bmd.com.au,tel:+61730339435,61730339435,,Duncan McGregor,Duncan,McGregor,User,sippoolsy3au103.infra.lync.com,AU-Australia-Primary,AU,UpgradeToTeams,TRUE,FALSE
darrenw@bmd.com.au,tel:+61261238598,61261238598,,Darren Wakley,Darren,Wakley,User,sippoolsy3au103.infra.lync.com,AU-Australia-Primary,AU,UpgradeToTeams,TRUE,FALSE
HUB04@bmd.com.au,tel:+61881105168,61881105168,,Adelaide Boardroom - Partu Kuu,,,User,sippoolsy3au103.infra.lync.com,AU-Australia-Primary,AU,UpgradeToTeams,TRUE,TRUE
sharonc@bmd.com.au,tel:+61739067456,61739067456,,Sharon Crausaz,Sharon,Crausaz,User,sippoolsy3au103.infra.lync.com,AU-Australia-Primary,AU,UpgradeToTeams,TRUE,FALSE
JASENG1@bmd.com.au,tel:+61747507017,61747507017,,Jason Engler,Jason,Engler,User,sippoolsy3au103.infra.lync.com,AU-Australia-Primary,AU,UpgradeToTeams,TRUE,FALSE
MARMAR1@bmd.com.au,tel:+61398113435,61398113435,,Mark Martino,Mark,Martino,User,sippoolsy3au103.infra.lync.com,AU-Australia-Primary,AU,UpgradeToTeams,TRUE,FALSE
ASHSAS1@bmd.com.au,tel:+61294756906,61294756906,,Ashwin Sashi,Ashwin,Sashi,User,sippoolsy3au103.infra.lync.com,AU-Australia-Primary,AU,UpgradeToTeams,TRUE,FALSE
matthewb@bmd.com.au,tel:+61738937088,61738937088,,Matthew Beggs,Matthew,Beggs,User,sippoolsy3au103.infra.lync.com,AU-Australia-Primary,AU,UpgradeToTeams,TRUE,FALSE
ABIYAD1@bmd.com.au,tel:+61294756922,61294756922,,Abinash Yadav,Abinash,Yadav,User,sippoolsy3au103.infra.lync.com,AU-Australia-Primary,AU,UpgradeToTeams,TRUE,FALSE
peterk@bmd.com.au,tel:+61738937039,61738937039,,Peter Kavanagh,Peter,Kavanagh,User,sippoolsy3au103.infra.lync.com,AU-Australia-Primary,AU,UpgradeToTeams,TRUE,FALSE
hg_12e8548b48b84b64aa0bd213e1c91973-new-tn@onbmd.onmicrosoft.com,tel:+63282313791,63282313791,,Philippines - Test (NEW TN),,,User,,,,,TRUE,FALSE
darep@bmd.com.au,tel:+61738937060,61738937060,,Dare Power,Dare,Power,User,sippoolsy3au103.infra.lync.com,AU-Australia-Primary,AU,UpgradeToTeams,TRUE,FALSE
RYAKIM1@bmd.com.au,tel:+61398113420,61398113420,,Ryan Kim,Ryan,Kim,User,sippoolsy3au103.infra.lync.com,AU-Australia-Primary,AU,UpgradeToTeams,TRUE,FALSE
randallj@bmd.com.au,tel:+61738937010,61738937010,,Randall James,Randall,James,User,sippoolsy3au103.infra.lync.com,AU-Australia-Primary,AU,UpgradeToTeams,TRUE,FALSE
gerardk@bmd.com.au,tel:+61738936241,61738936241,,Gerard Keynes,Gerard,Keynes,User,sippoolsy3au103.infra.lync.com,AU-Australia-Primary,AU,UpgradeToTeams,TRUE,FALSE
NATCUR1@bmd.com.au,tel:+61862787807,61862787807,,Natalie Curtis,Natalie,Curtis,User,sippoolsy3au103.infra.lync.com,AU-Australia-Primary,AU,UpgradeToTeams,TRUE,FALSE
MARMCL1@bmd.com.au,tel:+61398113481,61398113481,,Mark McLeod,Mark,McLeod,User,sippoolsy3au103.infra.lync.com,AU-Australia-Primary,AU,UpgradeToTeams,TRUE,FALSE
HAZMUN1@bmd.com.au,tel:+61730339410,61730339410,,Hazel Munoz,Hazel,Munoz,User,sippoolsy3au103.infra.lync.com,AU-Australia-Primary,AU,UpgradeToTeams,TRUE,FALSE
VAUAUJ1@bmd.com.au,tel:+61739067493,61739067493,,Vaughan Aujard,Vaughan,Aujard,User,sippoolsy3au103.infra.lync.com,AU-Australia-Primary,AU,UpgradeToTeams,TRUE,FALSE
stephen.jesberg@bmd.com.au,tel:+61739029113,61739029113,,Stephen Jesberg,Stephen,Jesberg,User,sippoolsy3au103.infra.lync.com,AU-Australia-Primary,AU,UpgradeToTeams,TRUE,FALSE
TINMAT1@bmd.com.au,tel:+61862787821,61862787821,,Tina Mattox,Tina,Mattox,User,sippoolsy3au103.infra.lync.com,AU-Australia-Primary,AU,UpgradeToTeams,TRUE,FALSE
darryl.hayter@bmd.com.au,tel:+61738937452,61738937452,,Darryl Hayter,Darryl,Hayter,User,sippoolsy3au103.infra.lync.com,AU-Australia-Primary,AU,UpgradeToTeams,TRUE,FALSE
davidm@bmd.com.au,tel:+61738937040,61738937040,,David Moody,David,Moody,User,sippoolsy3au103.infra.lync.com,AU-Australia-Primary,AU,UpgradeToTeams,TRUE,FALSE
PERBAL1@bmd.com.au,tel:+61730339473,61730339473,,Perly Baldonaza,Perly,Baldonaza,User,sippoolsy3au103.infra.lync.com,AU-Australia-Primary,AU,UpgradeToTeams,TRUE,FALSE
jeffg@bmd.com.au,tel:+61738937029,61738937029,,Jeff Gallus,Jeff,Gallus,User,sippoolsy3au103.infra.lync.com,AU-Australia-Primary,AU,UpgradeToTeams,TRUE,FALSE
ALEBAR1@bmd.com.au,tel:+61730339442,61730339442,,Alex Barr,Alex,Barr,User,sippoolsy3au103.infra.lync.com,AU-Australia-Primary,AU,UpgradeToTeams,TRUE,FALSE
GEOLOW1@bmd.com.au,tel:+61738936221,61738936221,,Georgina Low,Georgina,Low,User,sippoolsy3au103.infra.lync.com,AU-Australia-Primary,AU,UpgradeToTeams,TRUE,FALSE
srs09@bmd.com.au,tel:+61739067491,61739067491,,Meeting Room - Terry Lynch Room,,,User,,,AU,,TRUE,TRUE
RAVSAN1@bmd.com.au,tel:+61294756927,61294756927,,Ravi Seerapu,Ravi,Seerapu,User,sippoolsy3au103.infra.lync.com,AU-Australia-Primary,AU,UpgradeToTeams,TRUE,FALSE
darrens@bmd.com.au,tel:+61739000607,61739000607,,Darren Schkurat,Darren,Schkurat,User,sippoolsy3au103.infra.lync.com,AU-Australia-Primary,AU,UpgradeToTeams,TRUE,FALSE
JENHAR1@bmd.com.au,tel:+61738936244,61738936244,,Jenna Cantwell,Jenna,Cantwell,User,sippoolsy3au103.infra.lync.com,AU-Australia-Primary,AU,UpgradeToTeams,TRUE,FALSE
KERMCL1@bmd.com.au,tel:+61738936246,61738936246,,Kerenza McLeish,Kerenza,McLeish,User,sippoolsy3au103.infra.lync.com,AU-Australia-Primary,AU,UpgradeToTeams,TRUE,FALSE
teams_aa_resource_23@onbmd.onmicrosoft.com,tel:+61294756900,61294756900,,Sydney BMD Reception AA 23 - Teams Auto Attendant Resource Account 23,,,User,,AU-Australia-Primary,,,TRUE,FALSE
KARSTR1@bmd.com.au,tel:+61730339467,61730339467,,Karissa Straughen,Karissa,Straughen,User,sippoolsy3au103.infra.lync.com,AU-Australia-Primary,AU,UpgradeToTeams,TRUE,FALSE
scottp@bmd.com.au,tel:+61738937028,61738937028,,Scott Power,Scott,Power,User,sippoolsy3au103.infra.lync.com,AU-Australia-Primary,AU,UpgradeToTeams,TRUE,FALSE
GENCOL1@bmd.com.au,tel:+61730339449,61730339449,,Genaine Colebourne,Genaine,Colebourne,User,sippoolsy3au103.infra.lync.com,AU-Australia-Primary,AU,UpgradeToTeams,TRUE,FALSE
teams_aa_resource_24@onbmd.onmicrosoft.com,tel:+61398113444,61398113444,,Melbourne BMD Reception AA 24 - Teams Auto Attendant Resource Account 24,,,User,,AU-Australia-Primary,,,TRUE,FALSE
Karri.Smith@bmd.com.au,tel:+61738937051,61738937051,,Karri Smith,Karri,Smith,User,sippoolsy3au103.infra.lync.com,AU-Australia-Primary,AU,UpgradeToTeams,TRUE,FALSE
AMRACH1@bmd.com.au,tel:+61889304434,61889304434,,Amrit Acharya,Amrit,Acharya,User,sippoolsy3au103.infra.lync.com,AU-Australia-Primary,AU,UpgradeToTeams,TRUE,FALSE
teams_aa_resource_25@onbmd.onmicrosoft.com,tel:+61881105111,61881105111,,Adelaide BMD Reception AA 25 - Teams Auto Attendant Resource Account 25,,,User,,AU-Australia-Primary,,,TRUE,FALSE
PETSHE1@bmd.com.au,tel:+61739029116,61739029116,,Peter Sherrie,Peter,Sherrie,User,sippoolsy3au103.infra.lync.com,AU-Australia-Primary,AU,UpgradeToTeams,TRUE,FALSE
teams_aa_resource_26@onbmd.onmicrosoft.com,tel:+61862787888,61862787888,,Perth BMD Reception AA26 - Teams Auto Attendant Resource Account 26,,,User,,AU-Australia-Primary,,,TRUE,FALSE
teams_aa_resource_27@onbmd.onmicrosoft.com,tel:+61889304455,61889304455,,Darwin BMD Reception AA 27 - Teams Auto Attendant Resource Account 27,,,User,,AU-Australia-Primary,,,TRUE,FALSE
MARASP1@bmd.com.au,tel:+61730339457,61730339457,,Mark Aspuria,Mark,Aspuria,User,sippoolsy3au103.infra.lync.com,AU-Australia-Primary,AU,UpgradeToTeams,TRUE,FALSE
ANNMAS1@bmd.com.au,tel:+61862787826,61862787826,,Anna Massey,Anna,Massey,User,sippoolsy3au103.infra.lync.com,AU-Australia-Primary,AU,UpgradeToTeams,TRUE,FALSE
teams_aa_resource_28@onbmd.onmicrosoft.com,tel:+61249446666,61249446666,,Newcastle BMD Reception AA 28 - Teams Auto Attendant Resource Account 28,,,User,,AU-Australia-Primary,,,TRUE,FALSE
SOPHEN1@bmd.com.au,tel:+61739067430,61739067430,,Sophia Hennessy,Sophia,Hennessy,User,sippoolsy3au103.infra.lync.com,AU-Australia-Primary,AU,UpgradeToTeams,TRUE,FALSE
teams_aa_resource_29@onbmd.onmicrosoft.com,tel:+61748426900,61748426900,,Mackay BMD Reception AA 29 - Teams Auto Attendant Resource Account 29,,,User,,AU-Australia-Primary,,,TRUE,FALSE
teams_aa_resource_30@onbmd.onmicrosoft.com,tel:+61261238500,61261238500,,Canberra BMD Reception AA 30 - Teams Auto Attendant Resource Account 30,,,User,,AU-Australia-Primary,,,TRUE,FALSE
PHOTIN1@bmd.com.au,tel:+61738936283,61738936283,,Phoebe Tindale,Phoebe,Tindale,User,sippoolsy3au103.infra.lync.com,AU-Australia-Primary,AU,UpgradeToTeams,TRUE,FALSE
aaronc@bmd.com.au,tel:+61738937020,61738937020,,Aaron Cole,Aaron,Cole,User,sippoolsy3au103.infra.lync.com,AU-Australia-Primary,AU,UpgradeToTeams,TRUE,FALSE
ANDCHA1@bmd.com.au,tel:+61881105116,61881105116,,Andrew Charlton,Andrew,Charlton,User,sippoolsy3au103.infra.lync.com,AU-Australia-Primary,AU,UpgradeToTeams,TRUE,FALSE
CHALIM1@bmd.com.au,tel:+61738937204,61738937204,,Chang Lim,Chang,Lim,User,sippoolsy3au103.infra.lync.com,AU-Australia-Primary,AU,UpgradeToTeams,TRUE,FALSE
NIKGRE1@bmd.com.au,tel:+61738936271,61738936271,,Nikolas Green,Nikolas,Green,User,sippoolsy3au103.infra.lync.com,AU-Australia-Primary,AU,UpgradeToTeams,TRUE,FALSE
THIWAN1@bmd.com.au,tel:+61294756932,61294756932,,Thilini Wanigathunga,Thilini,Wanigathunga,User,sippoolsy3au103.infra.lync.com,AU-Australia-Primary,AU,UpgradeToTeams,TRUE,FALSE
gracem@bmd.com.au,tel:+61739067463,61739067463,,Grace Manalili,Grace,Manalili,User,sippoolsy3au103.infra.lync.com,AU-Australia-Primary,AU,UpgradeToTeams,TRUE,FALSE
laureen.constable@bmd.com.au,tel:+61739067479,61739067479,,Laureen Constable,Laureen,Constable,User,sippoolsy3au103.infra.lync.com,AU-Australia-Primary,AU,UpgradeToTeams,TRUE,FALSE
ETHSCH1@bmd.com.au,tel:+61730339413,61730339413,,Ethan Schafer-Shaw,Ethan,Schafer-Shaw,User,sippoolsy3au103.infra.lync.com,AU-Australia-Primary,AU,UpgradeToTeams,TRUE,FALSE
JAMKER1@bmd.com.au,tel:+61294756941,61294756941,,James Kerr,James,Kerr,User,sippoolsy3au103.infra.lync.com,AU-Australia-Primary,AU,UpgradeToTeams,TRUE,FALSE
CAMMCC1@bmd.com.au,tel:+61747507035,61747507035,,Campbell McCall,Campbell,McCall,User,sippoolsy3au103.infra.lync.com,AU-Australia-Primary,AU,UpgradeToTeams,TRUE,FALSE
ESPGAL1@bmd.com.au,tel:+61730339426,61730339426,,Esperanza Galicia,Esperanza,Galicia,User,sippoolsy3au103.infra.lync.com,AU-Australia-Primary,AU,UpgradeToTeams,TRUE,FALSE
MATSIB1@bmd.com.au,tel:+61730339493,61730339493,,Matthew Sibley,Matthew,Sibley,User,sippoolsy3au103.infra.lync.com,AU-Australia-Primary,AU,UpgradeToTeams,TRUE,FALSE
JENCAM1@bmd.com.au,tel:+61738936274,61738936274,,Jenny Campbell,Jenny,Campbell,User,sippoolsy3au103.infra.lync.com,AU-Australia-Primary,AU,UpgradeToTeams,TRUE,FALSE
michaelk@bmd.com.au,tel:+61738937093,61738937093,,Michael Keynes,Michael,Keynes,User,sippoolsy3au103.infra.lync.com,AU-Australia-Primary,AU,UpgradeToTeams,TRUE,FALSE
MYKCHI1@bmd.com.au,tel:+61738936263,61738936263,,Mykayla Chiotakis,Mykayla,Chiotakis,User,sippoolsy3au103.infra.lync.com,AU-Australia-Primary,AU,UpgradeToTeams,TRUE,FALSE
bryan.kerr@bmd.com.au,tel:+61738937068,61738937068,,Bryan Kerr,Bryan,Kerr,User,sippoolsy3au103.infra.lync.com,AU-Australia-Primary,AU,UpgradeToTeams,TRUE,FALSE
kay.barrera@bmd.com.au,tel:+61739067422,61739067422,,Kay Barrera,Kay,Barrera,User,sippoolsy3au103.infra.lync.com,AU-Australia-Primary,AU,UpgradeToTeams,TRUE,FALSE
SELARI1@bmd.com.au,tel:+61398113426,61398113426,,Selvin Ariyaratnam,Selvin,Ariyaratnam,User,sippoolsy3au103.infra.lync.com,AU-Australia-Primary,AU,UpgradeToTeams,TRUE,FALSE
IANRUF1@bmd.com.au,tel:+61294756925,61294756925,,Ian Ruffles,Ian,Ruffles,User,sippoolsy3au103.infra.lync.com,AU-Australia-Primary,AU,UpgradeToTeams,TRUE,FALSE
MARJAC1@bmd.com.au,tel:+61398113423,61398113423,,Mario Jaconelli,Mario,Jaconelli,User,sippoolsy3au103.infra.lync.com,AU-Australia-Primary,AU,UpgradeToTeams,TRUE,FALSE
HUB05@bmd.com.au,tel:+61294756968,61294756968,,Sydney Board Room,,,User,sippoolsy3au103.infra.lync.com,AU-Australia-Primary,AU,UpgradeToTeams,TRUE,TRUE
SABBUR1@bmd.com.au,tel:+61730339439,61730339439,,Sabrina Burgess,Sabrina,Burgess,User,sippoolsy3au103.infra.lync.com,AU-Australia-Primary,AU,UpgradeToTeams,TRUE,FALSE
jasonl@bmd.com.au,tel:+61739029111,61739029111,,Jason Lindsay,Jason,Lindsay,User,sippoolsy3au103.infra.lync.com,AU-Australia-Primary,AU,UpgradeToTeams,TRUE,FALSE
ALMCHA1@bmd.com.au,tel:+61739000717,61739000717,,Almy Chang,Almy,Chang,User,sippoolsy3au103.infra.lync.com,AU-Australia-Primary,AU,UpgradeToTeams,TRUE,FALSE
NICVAN1@bmd.com.au,tel:+61739067446,61739067446,,Nicholas Van Schagen,Nicholas,Van Schagen,User,sippoolsy3au103.infra.lync.com,AU-Australia-Primary,AU,UpgradeToTeams,TRUE,FALSE
GERGAR1@bmd.com.au,tel:+61738937053,61738937053,,Gerard Garry,Gerard,Garry,User,sippoolsy3au103.infra.lync.com,AU-Australia-Primary,AU,UpgradeToTeams,TRUE,FALSE
kristenk@bmd.com.au,tel:+61739029102,61739029102,,Kristen Knott,Kristen,Knott,User,sippoolsy3au103.infra.lync.com,AU-Australia-Primary,AU,UpgradeToTeams,TRUE,FALSE
RONMAR1@bmd.com.au,tel:+61294756988,61294756988,,Rony Martin,Rony,Martin,User,sippoolsy3au103.infra.lync.com,AU-Australia-Primary,AU,UpgradeToTeams,TRUE,FALSE
teams_aa_resource_11@onbmd.onmicrosoft.com,tel:+61249446665,61249446665,,Teams Auto Attendant Resource Account 11,,,User,,AU-Australia-Primary,,,TRUE,FALSE
TAMCOO1@bmd.com.au,tel:+61881105195,61881105195,,Tammy Cooper,Tammy,Cooper,User,sippoolsy3au103.infra.lync.com,AU-Australia-Primary,AU,UpgradeToTeams,TRUE,FALSE
Rachel.Smith@bmd.com.au,tel:+61294756916,61294756916,,Rachel Smith,Rachel,Smith,User,sippoolsy3au103.infra.lync.com,AU-Australia-Primary,AU,UpgradeToTeams,TRUE,FALSE
teams_aa_resource_12@onbmd.onmicrosoft.com,tel:+61738937036,61738937036,,Teams Auto Attendant Resource Account 12,,,User,,AU-Australia-Primary,,,TRUE,FALSE
JOHHUN1@bmd.com.au,tel:+61730339476,61730339476,,James Hunt,James,Hunt,User,sippoolsy3au103.infra.lync.com,AU-Australia-Primary,AU,UpgradeToTeams,TRUE,FALSE
teams_aa_resource_13@onbmd.onmicrosoft.com,tel:+61889304418,61889304418,,Teams Auto Attendant Resource Account 13,,,User,,AU-Australia-Primary,,,TRUE,FALSE
jillc@bmd.com.au,tel:+61294756901,61294756901,,Jill Campbell,Jill,Campbell,User,sippoolsy3au103.infra.lync.com,AU-Australia-Primary,AU,UpgradeToTeams,TRUE,FALSE
johnh@bmd.com.au,tel:+61739029104,61739029104,,John Hede,John,Hede,User,sippoolsy3au103.infra.lync.com,AU-Australia-Primary,AU,UpgradeToTeams,TRUE,FALSE
teams_aa_resource_14@onbmd.onmicrosoft.com,tel:+61738937035,61738937035,,Teams Auto Attendant Resource Account 14,,,User,,AU-Australia-Primary,,,TRUE,FALSE
srs16@bmd.com.au,tel:+61730339516,61730339516,,TGA - Derbarl Yerrigan - Meeting Room-Capacity 18,,,User,sippoolsy3au103.infra.lync.com,AU-Australia-Primary,AU,UpgradeToTeams,TRUE,FALSE
richiew@bmd.com.au,tel:+61889304401,61889304401,,Richie Ward,Richie,Ward,User,sippoolsy3au103.infra.lync.com,AU-Australia-Primary,AU,UpgradeToTeams,TRUE,FALSE
ROBTRE1@bmd.com.au,tel:+61398113436,61398113436,,Rob Trebilco,Rob,Trebilco,User,sippoolsy3au103.infra.lync.com,AU-Australia-Primary,AU,UpgradeToTeams,TRUE,FALSE
TODZUI1@bmd.com.au,tel:+61730339438,61730339438,,Todd Zuideveld,Todd,Zuideveld,User,sippoolsy3au103.infra.lync.com,AU-Australia-Primary,AU,UpgradeToTeams,TRUE,FALSE
teams_aa_resource_15@onbmd.onmicrosoft.com,tel:+61730339414,61730339414,,Teams Auto Attendant Resource Account 15,,,User,,AU-Australia-Primary,,,TRUE,FALSE
SRS17@bmd.com.au,tel:+61730339517,61730339517,,TGA - Wagyl - Meeting Room ? Capacity 8,,,User,sippoolsy3au103.infra.lync.com,AU-Australia-Primary,AU,UpgradeToTeams,TRUE,FALSE
richard.morrison@bmd.com.au,tel:+61738936230,61738936230,,Richard Morrison,Richard,Morrison,User,sippoolsy3au103.infra.lync.com,AU-Australia-Primary,AU,UpgradeToTeams,TRUE,FALSE
KIRWAD1@bmd.com.au,tel:+61294756950,61294756950,,Kirsten Wade,Kirsten,Wade,User,sippoolsy3au103.infra.lync.com,AU-Australia-Primary,AU,UpgradeToTeams,TRUE,FALSE
CHLBRU1@bmd.com.au,tel:+61730339497,61730339497,,Chloe Blacklock,Chloe,Blacklock,User,sippoolsy3au103.infra.lync.com,AU-Australia-Primary,AU,UpgradeToTeams,TRUE,FALSE
teams_aa_resource_16@onbmd.onmicrosoft.com,tel:+61738937400,61738937400,,Better Motor Deals AA - Teams Auto Attendant Resource Account 16,,,User,,AU-Australia-Primary,,,TRUE,FALSE
SRS18@bmd.com.au,tel:+61730339518,61730339518,,Adelaide Meeting Room - Tuku Kuu,,,User,sippoolsy3au103.infra.lync.com,AU-Australia-Primary,AU,UpgradeToTeams,TRUE,FALSE
parisk@bmd.com.au,tel:+61738937001,61738937001,,Paris King,Paris,King,User,sippoolsy3au103.infra.lync.com,AU-Australia-Primary,AU,UpgradeToTeams,TRUE,FALSE
teams_aa_resource_17@onbmd.onmicrosoft.com,tel:+61739029100,61739029100,,Brisbane JMAC AA 17 - Teams Auto Attendant Resource Account 17,,,User,,AU-Australia-Primary,,,TRUE,FALSE
SRS19@bmd.com.au,tel:+61730339519,61730339519,,Job 141-4236 GDR Meeting Room - Team Room System,,,User,sippoolsy3au103.infra.lync.com,AU-Australia-Primary,AU,UpgradeToTeams,TRUE,FALSE
teams_aa_resource_18@onbmd.onmicrosoft.com,tel:+61747507070,61747507070,,Townsville JMAC AA 18 - Teams Auto Attendant Resource Account 18,,,User,,AU-Australia-Primary,,,TRUE,FALSE
SRS20@bmd.com.au,tel:+61730339520,61730339520,,Job 131-3301 Fitzsimmons Lane,,,User,sippoolsy3au103.infra.lync.com,AU-Australia-Primary,AU,UpgradeToTeams,TRUE,FALSE
MICBER1@bmd.com.au,tel:+61747507032,61747507032,,Michael Berlund,Michael,Berlund,User,sippoolsy3au103.infra.lync.com,AU-Australia-Primary,AU,UpgradeToTeams,TRUE,FALSE
teams_aa_resource_19@onbmd.onmicrosoft.com,tel:+61398113475,61398113475,,Melbourne JMAC AA 19 - Teams Auto Attendant Resource Account 19,,,User,,AU-Australia-Primary,,,TRUE,FALSE
nicholasp@bmd.com.au,tel:+61739067433,61739067433,,Nicholas Prins,Nicholas,Prins,User,sippoolsy3au103.infra.lync.com,AU-Australia-Primary,AU,UpgradeToTeams,TRUE,FALSE
PHICOO1@bmd.com.au,tel:+61738937081,61738937081,,Phillip Cooley,Phillip,Cooley,User,sippoolsy3au103.infra.lync.com,AU-Australia-Primary,AU,UpgradeToTeams,TRUE,FALSE
JASMAN1@bmd.com.au,tel:+61730339468,61730339468,,Jasmine Manalo,Jasmine,Manalo,User,sippoolsy3au103.infra.lync.com,AU-Australia-Primary,AU,UpgradeToTeams,TRUE,FALSE
LUKBET1@bmd.com.au,tel:+61398113408,61398113408,,Luke Bett,Luke,Bett,User,sippoolsy3au103.infra.lync.com,AU-Australia-Primary,AU,UpgradeToTeams,TRUE,FALSE
PETTRE1@bmd.com.au,tel:+61747507091,61747507091,,Peter Trezona,Peter,Trezona,User,sippoolsy3au103.infra.lync.com,AU-Australia-Primary,AU,UpgradeToTeams,TRUE,FALSE
JASWOO1@bmd.com.au,tel:+61747507024,61747507024,,Jason Wood,Jason,Wood,User,sippoolsy3au103.infra.lync.com,AU-Australia-Primary,AU,UpgradeToTeams,TRUE,FALSE
HUB08@bmd.com.au,tel:+61862787871,61862787871,,Perth Meeting Room - Upstairs,,,User,sippoolsy3au103.infra.lync.com,AU-Australia-Primary,AU,UpgradeToTeams,TRUE,TRUE
NICTUR1@bmd.com.au,tel:+61889304425,61889304425,,Nicole Turner,Nicole,Turner,User,sippoolsy3au103.infra.lync.com,AU-Australia-Primary,AU,UpgradeToTeams,TRUE,FALSE
NICFUR1@bmd.com.au,tel:+61738936267,61738936267,,Nicholas Furness,Nicholas,Furness,User,sippoolsy3au103.infra.lync.com,AU-Australia-Primary,AU,UpgradeToTeams,TRUE,FALSE
MELSIM1@bmd.com.au,tel:+61862787810,61862787810,,Melissa Simpson,Melissa,Simpson,User,sippoolsy3au103.infra.lync.com,AU-Australia-Primary,AU,UpgradeToTeams,TRUE,FALSE
teams_cq_resource_23@onbmd.onmicrosoft.com,tel:+61730339583,61730339583,,Sydney BMD Reception CQ 23 - Teams Call Queue Resource Account 23,,,User,,AU-Australia-Primary,,,TRUE,FALSE
HUB01@bmd.com.au,tel:+61398113468,61398113468,,Melbourne - Board Room,,,User,sippoolsy3au103.infra.lync.com,AU-Australia-Primary,AU,UpgradeToTeams,TRUE,TRUE
GANARU1@bmd.com.au,tel:+61398113469,61398113469,,Ganesh Arunachalam,Ganesh,Arunachalam,User,sippoolsy3au103.infra.lync.com,AU-Australia-Primary,AU,UpgradeToTeams,TRUE,FALSE
JOSHAR1@bmd.com.au,tel:+61739067481,61739067481,,Joshua Harriss,Joshua,Harriss,User,sippoolsy3au103.infra.lync.com,AU-Australia-Primary,AU,UpgradeToTeams,TRUE,FALSE
teams_cq_resource_24@onbmd.onmicrosoft.com,tel:+61730339584,61730339584,,Melbourne BMD Reception CQ 24 - Teams Call Queue Resource Account 24,,,User,,AU-Australia-Primary,,,TRUE,FALSE
HARWHE1@bmd.com.au,tel:+61730339436,61730339436,,Harrison Wheeley,Harrison,Wheeley,User,sippoolsy3au103.infra.lync.com,AU-Australia-Primary,AU,UpgradeToTeams,TRUE,FALSE
michaell@bmd.com.au,tel:+61739067424,61739067424,,Michael Lam,Michael,Lam,User,sippoolsy3au103.infra.lync.com,AU-Australia-Primary,AU,UpgradeToTeams,TRUE,FALSE
Louis.Palm@bmd.com.au,tel:+61738937009,61738937009,,Louis Palm,Louis,Palm,User,sippoolsy3au103.infra.lync.com,AU-Australia-Primary,AU,UpgradeToTeams,TRUE,FALSE
DANWIL1@bmd.com.au,tel:+61739067411,61739067411,,Dannii Lawrence,Dannii,Lawrence,User,sippoolsy3au103.infra.lync.com,AU-Australia-Primary,AU,UpgradeToTeams,TRUE,FALSE
JOSOLE1@bmd.com.au,tel:+61398113431,61398113431,,Joseph Ole,Joseph,Ole,User,sippoolsy3au103.infra.lync.com,AU-Australia-Primary,AU,UpgradeToTeams,TRUE,FALSE
JUSHOA1@bmd.com.au,tel:+61739029114,61739029114,,Justin Hoar,Justin,Hoar,User,sippoolsy3au103.infra.lync.com,AU-Australia-Primary,AU,UpgradeToTeams,TRUE,FALSE
ISAGEB1@bmd.com.au,tel:+61730339472,61730339472,,Isaiah Gebulan,Isaiah,Gebulan,User,sippoolsy3au103.infra.lync.com,AU-Australia-Primary,AU,UpgradeToTeams,TRUE,FALSE
jamess@bmd.com.au,tel:+61294756903,61294756903,,James Smith,James,Smith,User,sippoolsy3au103.infra.lync.com,AU-Australia-Primary,AU,UpgradeToTeams,TRUE,FALSE
KATTOP1@bmd.com.au,tel:+61739067416,61739067416,,Katie Topping,Katie,Topping,User,sippoolsy3au103.infra.lync.com,AU-Australia-Primary,AU,UpgradeToTeams,TRUE,FALSE
KIRMCI1@bmd.com.au,tel:+61739067447,61739067447,,Kirra McIntosh,Kirra,McIntosh,User,sippoolsy3au103.infra.lync.com,AU-Australia-Primary,AU,UpgradeToTeams,TRUE,FALSE
JACSLE1@bmd.com.au,tel:+61730339466,61730339466,,Jackson Slender,Jackson,Slender,User,sippoolsy3au103.infra.lync.com,AU-Australia-Primary,AU,UpgradeToTeams,TRUE,FALSE
STEFAL1@bmd.com.au,tel:+61747507096,61747507096,,Steve Falvey,Steve,Falvey,User,sippoolsy3au103.infra.lync.com,AU-Australia-Primary,AU,UpgradeToTeams,TRUE,FALSE
BROFIN1@bmd.com.au,tel:+61738937037,61738937037,,Bronte Finn,Bronte,Finn,User,sippoolsy3au103.infra.lync.com,AU-Australia-Primary,AU,UpgradeToTeams,TRUE,FALSE
michaelc@bmd.com.au,tel:+61398113419,61398113419,,Michael Creagh,Michael,Creagh,User,sippoolsy3au103.infra.lync.com,AU-Australia-Primary,AU,UpgradeToTeams,TRUE,FALSE
CHRCOR1@bmd.com.au,tel:+61738936285,61738936285,,Christopher Cornish,Christopher,Cornish,User,sippoolsy3au103.infra.lync.com,AU-Australia-Primary,AU,UpgradeToTeams,TRUE,FALSE
MITOLD1@bmd.com.au,tel:+61730339494,61730339494,,Mitchell Oldmeadow,Mitchell,Oldmeadow,User,sippoolsy3au103.infra.lync.com,AU-Australia-Primary,AU,UpgradeToTeams,TRUE,FALSE
glennr@bmd.com.au,tel:+61738937033,61738937033,,Glenn Rose,Glenn,Rose,User,sippoolsy3au103.infra.lync.com,AU-Australia-Primary,AU,UpgradeToTeams,TRUE,FALSE
Kloud@bmd.com.au,tel:+61881105185,61881105185,,uc spport,uc spport,,User,,,AU,,TRUE,TRUE
ALIBOY1@bmd.com.au,tel:+61738937038,61738937038,,Alison Boyce,Alison,Boyce,User,sippoolsy3au103.infra.lync.com,AU-Australia-Primary,AU,UpgradeToTeams,TRUE,FALSE
CARHEM1@bmd.com.au,tel:+61738937097,61738937097,,Carole Hempel,Carole,Hempel,User,sippoolsy3au103.infra.lync.com,AU-Australia-Primary,AU,UpgradeToTeams,TRUE,FALSE
TOMAND2@bmd.com.au,tel:+61730339462,61730339462,,Tom Andreas,Tom,Andreas,User,sippoolsy3au103.infra.lync.com,AU-Australia-Primary,AU,UpgradeToTeams,TRUE,FALSE
STEHER1@bmd.com.au,tel:+61738936215,61738936215,,Stephan Herholdt,Stephan,Herholdt,User,sippoolsy3au103.infra.lync.com,AU-Australia-Primary,AU,UpgradeToTeams,TRUE,FALSE
kevina@bmd.com.au,tel:+61739067492,61739067492,,Kevin Armstrong,Kevin,Armstrong,User,sippoolsy3au103.infra.lync.com,AU-Australia-Primary,AU,UpgradeToTeams,TRUE,FALSE
MICPET1@bmd.com.au,tel:+61747507006,61747507006,,Michael Peterson,Michael,Peterson,User,sippoolsy3au103.infra.lync.com,AU-Australia-Primary,AU,UpgradeToTeams,TRUE,FALSE
srs15@bmd.com.au,tel:+61738937487,61738937487,,Fleet - Meeting Room,,,User,sippoolsy3au103.infra.lync.com,AU-Australia-Primary,AU,UpgradeToTeams,TRUE,TRUE
marcm@bmd.com.au,tel:+61738937067,61738937067,,Marc Mill,Marc,Mill,User,sippoolsy3au103.infra.lync.com,AU-Australia-Primary,AU,UpgradeToTeams,TRUE,FALSE
AMAHEA1@bmd.com.au,tel:+61738936273,61738936273,,Amanda Heath,Amanda,Heath,User,sippoolsy3au103.infra.lync.com,AU-Australia-Primary,AU,UpgradeToTeams,TRUE,FALSE
stevem@bmd.com.au,tel:+61739029110,61739029110,,Steve Musgrove,Steve,Musgrove,User,sippoolsy3au103.infra.lync.com,AU-Australia-Primary,AU,UpgradeToTeams,TRUE,FALSE
STASCR1@bmd.com.au,tel:+61738936212,61738936212,,Stacey Scrutton,Stacey,Scrutton,User,sippoolsy3au103.infra.lync.com,AU-Australia-Primary,AU,UpgradeToTeams,TRUE,FALSE
SCOMIL1@bmd.com.au,tel:+61738936286,61738936286,,Scott Miller,Scott,Miller,User,sippoolsy3au103.infra.lync.com,AU-Australia-Primary,AU,UpgradeToTeams,TRUE,FALSE
SRS23@bmd.com.au,tel:+61862787872,61862787872,,Job 813-J016 - MEJV - Neerabup Meeting Room,,,User,sippoolsy3au103.infra.lync.com,AU-Australia-Primary,AU,UpgradeToTeams,TRUE,FALSE
THOADS1@bmd.com.au,tel:+61747507095,61747507095,,Thomas Adsett,Thomas,Adsett,User,sippoolsy3au103.infra.lync.com,AU-Australia-Primary,AU,UpgradeToTeams,TRUE,FALSE
WILWIL1@bmd.com.au,tel:+61730339508,61730339508,,William Wilson,William,Wilson,User,sippoolsy3au103.infra.lync.com,AU-Australia-Primary,AU,UpgradeToTeams,TRUE,FALSE
bavanm@bmd.com.au,tel:+61738937469,61738937469,,Bavan Muttulingham,Bavan,Muttulingham,User,sippoolsy3au103.infra.lync.com,AU-Australia-Primary,AU,UpgradeToTeams,TRUE,FALSE
glen.redenbach@bmd.com.au,tel:+61739067423,61739067423,,Glen Redenbach,Glen,Redenbach,User,sippoolsy3au103.infra.lync.com,AU-Australia-Primary,AU,UpgradeToTeams,TRUE,FALSE
ALAGUT1@bmd.com.au,tel:+61748426997,61748426997,,Alan Guthrie,Alan,Guthrie,User,sippoolsy3au103.infra.lync.com,AU-Australia-Primary,AU,UpgradeToTeams,TRUE,FALSE
EDMERM1@bmd.com.au,tel:+61889304410,61889304410,,Edmond Ermino,Edmond,Ermino,User,sippoolsy3au103.infra.lync.com,AU-Australia-Primary,AU,UpgradeToTeams,TRUE,FALSE
Maurice.Celotto@bmd.com.au,tel:+61738937096,61738937096,,Maurice Celotto,Maurice,Celotto,User,sippoolsy3au103.infra.lync.com,AU-Australia-Primary,AU,UpgradeToTeams,TRUE,FALSE
MARGOU1@bmd.com.au,tel:+61294756914,61294756914,,Mark Goulevitch,Mark,Goulevitch,User,sippoolsy3au103.infra.lync.com,AU-Australia-Primary,AU,UpgradeToTeams,TRUE,FALSE
VICROD1@bmd.com.au,tel:+61738936239,61738936239,,Victor Rodriguez,Victor,Rodriguez,User,sippoolsy3au103.infra.lync.com,AU-Australia-Primary,AU,UpgradeToTeams,TRUE,FALSE
THOHIL1@bmd.com.au,tel:+61862787823,61862787823,,Thomas Hiles,Thomas,Hiles,User,sippoolsy3au103.infra.lync.com,AU-Australia-Primary,AU,UpgradeToTeams,TRUE,FALSE
ASHJOH1@bmd.com.au,tel:+61294756929,61294756929,,Ashwin John,Ashwin,John,User,sippoolsy3au103.infra.lync.com,AU-Australia-Primary,AU,UpgradeToTeams,TRUE,FALSE
BETTIE1@bmd.com.au,tel:+61738936232,61738936232,,Beth Tierney,Beth,Tierney,User,sippoolsy3au103.infra.lync.com,AU-Australia-Primary,AU,UpgradeToTeams,TRUE,FALSE
cameron.gillespie@bmd.com.au,tel:+61739067472,61739067472,,Cameron Gillespie,Cameron,Gillespie,User,sippoolsy3au103.infra.lync.com,AU-Australia-Primary,AU,UpgradeToTeams,TRUE,FALSE
peter.ingerman@bmd.com.au,tel:+61889304493,61889304493,,Peter Ingerman,Peter,Ingerman,User,sippoolsy3au103.infra.lync.com,AU-Australia-Primary,AU,UpgradeToTeams,TRUE,FALSE
DEASOT1@bmd.com.au,tel:+61739067497,61739067497,,Dean Sotiriou,Dean,Sotiriou,User,sippoolsy3au103.infra.lync.com,AU-Australia-Primary,AU,UpgradeToTeams,TRUE,FALSE
BETEST1@bmd.com.au,tel:+61747507012,61747507012,,Beth Estillore,Beth,Estillore,User,sippoolsy3au103.infra.lync.com,AU-Australia-Primary,AU,UpgradeToTeams,TRUE,FALSE
Neil.Prowd@bmd.com.au,tel:+61739029105,61739029105,,Neil Prowd,Neil,Prowd,User,sippoolsy3au103.infra.lync.com,AU-Australia-Primary,AU,UpgradeToTeams,TRUE,FALSE
philj@bmd.com.au,tel:+61739067474,61739067474,,Phil Johnston,Phil,Johnston,User,sippoolsy3au103.infra.lync.com,AU-Australia-Primary,AU,UpgradeToTeams,TRUE,FALSE
JENTHO1@bmd.com.au,tel:+61738936289,61738936289,,Jennifer Thompson,Jennifer,Thompson,User,sippoolsy3au103.infra.lync.com,AU-Australia-Primary,AU,UpgradeToTeams,TRUE,FALSE
EVESAE1@bmd.com.au,tel:+61747507089,61747507089,,Evelyne Saez,Evelyne,Saez,User,sippoolsy3au103.infra.lync.com,AU-Australia-Primary,AU,UpgradeToTeams,TRUE,FALSE
scotth@bmd.com.au,tel:+61730339423,61730339423,,Scott Hughes,Scott,Hughes,User,sippoolsy3au103.infra.lync.com,AU-Australia-Primary,AU,UpgradeToTeams,TRUE,FALSE
ALEWAT1@bmd.com.au,tel:+61739067460,61739067460,,Alex Waterson,Alex,Waterson,User,sippoolsy3au103.infra.lync.com,AU-Australia-Primary,AU,UpgradeToTeams,TRUE,FALSE
SIMRED1@bmd.com.au,tel:+61738936224,61738936224,,Simon Redpath,Simon,Redpath,User,sippoolsy3au103.infra.lync.com,AU-Australia-Primary,AU,UpgradeToTeams,TRUE,FALSE
ENOANT1@bmd.com.au,tel:+61730339418,61730339418,,Enola Antolini,Enola,Antolini,User,sippoolsy3au103.infra.lync.com,AU-Australia-Primary,AU,UpgradeToTeams,TRUE,FALSE
RHYTHI1@bmd.com.au,tel:+61739067476,61739067476,,Rhys Thiele,Rhys,Thiele,User,sippoolsy3au103.infra.lync.com,AU-Australia-Primary,AU,UpgradeToTeams,TRUE,FALSE
lisak@bmd.com.au,tel:+61738937073,61738937073,,Lisa O'Driscoll,Lisa,O'Driscoll,User,sippoolsy3au103.infra.lync.com,AU-Australia-Primary,AU,UpgradeToTeams,TRUE,FALSE
LACDAR1@bmd.com.au,tel:+61738936216,61738936216,,Lachlan Darr,Lachlan,Darr,User,sippoolsy3au103.infra.lync.com,AU-Australia-Primary,AU,UpgradeToTeams,TRUE,FALSE
KATALG1@bmd.com.au,tel:+61730339411,61730339411,,Kate Algate,Kate,Algate,User,sippoolsy3au103.infra.lync.com,AU-Australia-Primary,AU,UpgradeToTeams,TRUE,FALSE
MANSHA1@bmd.com.au,tel:+61738936228,61738936228,,Manojkumar Shaha,Manojkumar,Shaha,User,sippoolsy3au103.infra.lync.com,AU-Australia-Primary,AU,UpgradeToTeams,TRUE,FALSE
JACMEA1@bmd.com.au,tel:+61862787809,61862787809,,Jack Mears,Jack,Mears,User,sippoolsy3au103.infra.lync.com,AU-Australia-Primary,AU,UpgradeToTeams,TRUE,FALSE
NORMCH1@bmd.com.au,tel:+61398113427,61398113427,,Norm Mchenry,Norm,Mchenry,User,sippoolsy3au103.infra.lync.com,AU-Australia-Primary,AU,UpgradeToTeams,TRUE,FALSE
JANHOD1@bmd.com.au,tel:+61738937027,61738937027,,Janelle Hodgson,Janelle,Hodgson,User,sippoolsy3au103.infra.lync.com,AU-Australia-Primary,AU,UpgradeToTeams,TRUE,FALSE
mickp@bmd.com.au,tel:+61738937045,61738937045,,Mick Power,Mick,Power,User,sippoolsy3au103.infra.lync.com,AU-Australia-Primary,AU,UpgradeToTeams,TRUE,FALSE
adama@bmd.com.au,tel:+61738937094,61738937094,,Adam Armstrong,Adam,Armstrong,User,sippoolsy3au103.infra.lync.com,AU-Australia-Primary,AU,UpgradeToTeams,TRUE,FALSE
GERMAR1@bmd.com.au,tel:+61738937056,61738937056,,Gerardo Martinez,Gerardo,Martinez,User,sippoolsy3au103.infra.lync.com,AU-Australia-Primary,AU,UpgradeToTeams,TRUE,FALSE
JOATIM1@bmd.com.au,tel:+61739067407,61739067407,,Joanne Timms,Joanne,Timms,User,sippoolsy3au103.infra.lync.com,AU-Australia-Primary,AU,UpgradeToTeams,TRUE,FALSE
abdulr@bmd.com.au,tel:+61294756947,61294756947,,Abdul Rahman,Abdul,Rahman,User,sippoolsy3au103.infra.lync.com,AU-Australia-Primary,AU,UpgradeToTeams,TRUE,FALSE
mark.jovicic@bmd.com.au,tel:+61739067425,61739067425,,Mark Jovicic,Mark,Jovicic,User,sippoolsy3au103.infra.lync.com,AU-Australia-Primary,AU,UpgradeToTeams,TRUE,FALSE
SUZMYE1@bmd.com.au,tel:+61889304413,61889304413,,Suzie Myerscough,Suzie,Myerscough,User,sippoolsy3au103.infra.lync.com,AU-Australia-Primary,AU,UpgradeToTeams,TRUE,FALSE
graeme.peffers@bmd.com.au,tel:+61738936265,61738936265,,Graeme Peffers,Graeme,Peffers,User,sippoolsy3au103.infra.lync.com,AU-Australia-Primary,AU,UpgradeToTeams,TRUE,FALSE
RENBAL1@bmd.com.au,tel:+61739067427,61739067427,,Renato Balbin,Renato,Balbin,User,sippoolsy3au103.infra.lync.com,AU-Australia-Primary,AU,UpgradeToTeams,TRUE,FALSE
barryv@bmd.com.au,tel:+61739067414,61739067414,,Barry Vining,Barry,Vining,User,sippoolsy3au103.infra.lync.com,AU-Australia-Primary,AU,UpgradeToTeams,TRUE,FALSE
STEALB1@bmd.com.au,tel:+61730339481,61730339481,,Stephanie Albert,Stephanie,Albert,User,sippoolsy3au103.infra.lync.com,AU-Australia-Primary,AU,UpgradeToTeams,TRUE,FALSE
LUCWES1@bmd.com.au,tel:+61730339437,61730339437,,Lucien West,Lucien,West,User,sippoolsy3au103.infra.lync.com,AU-Australia-Primary,AU,UpgradeToTeams,TRUE,FALSE
CRADUP1@bmd.com.au,tel:+61739029106,61739029106,,Craig du Preez,Craig,du Preez,User,sippoolsy3au103.infra.lync.com,AU-Australia-Primary,AU,UpgradeToTeams,TRUE,FALSE
carol.petitgas@bmd.com.au,tel:+61738937445,61738937445,,Carol Keers,Carol,Keers,User,sippoolsy3au103.infra.lync.com,AU-Australia-Primary,AU,UpgradeToTeams,TRUE,FALSE
mickpi@bmd.com.au,tel:+61738937062,61738937062,,Mick Pimpinella,Mick,Pimpinella,User,sippoolsy3au103.infra.lync.com,AU-Australia-Primary,AU,UpgradeToTeams,TRUE,FALSE
ANDTAI1@bmd.com.au,tel:+61294756921,61294756921,,Andrew Tait,Andrew,Tait,User,sippoolsy3au103.infra.lync.com,AU-Australia-Primary,AU,UpgradeToTeams,TRUE,FALSE
ANGHOF1@bmd.com.au,tel:+61730339447,61730339447,,Angela Hoffman,Angela,Hoffman,User,sippoolsy3au103.infra.lync.com,AU-Australia-Primary,AU,UpgradeToTeams,TRUE,FALSE
ROBSEL1@bmd.com.au,tel:+61881105113,61881105113,,Robert Sellen,Robert,Sellen,User,sippoolsy3au103.infra.lync.com,AU-Australia-Primary,AU,UpgradeToTeams,TRUE,FALSE
michelleb@bmd.com.au,tel:+61294756954,61294756954,,Michelle Charon,Michelle,Charon,User,sippoolsy3au103.infra.lync.com,AU-Australia-Primary,AU,UpgradeToTeams,TRUE,FALSE
glenc@bmd.com.au,tel:+61738937087,61738937087,,Glen Clifford,Glen,Clifford,User,sippoolsy3au103.infra.lync.com,AU-Australia-Primary,AU,UpgradeToTeams,TRUE,FALSE
VISASO1@bmd.com.au,tel:+61862787829,61862787829,,Vishva Asokan,Vishva,Asokan,User,sippoolsy3au103.infra.lync.com,AU-Australia-Primary,AU,UpgradeToTeams,TRUE,FALSE
teams_cq_resource_51@onbmd.onmicrosoft.com,tel:+61730339551,61730339551,,Townsville Urbex Reception CQ 51 - Teams Call Queue Resource Account 51,,,User,,AU-Australia-Primary,,,TRUE,FALSE
ASHCAM2@bmd.com.au,tel:+61730339459,61730339459,,Ashlyn Cameron,Ashlyn,Cameron,User,sippoolsy3au103.infra.lync.com,AU-Australia-Primary,AU,UpgradeToTeams,TRUE,FALSE
ANDDEF1@bmd.com.au,tel:+61398113439,61398113439,,Andrew de Fegely,Andrew,de Fegely,User,sippoolsy3au103.infra.lync.com,AU-Australia-Primary,AU,UpgradeToTeams,TRUE,FALSE
teams_aa_resource_01@onbmd.onmicrosoft.com,tel:+61730339561,61730339561,,Teams Auto Attendant Resource Account 01,,,User,,AU-Australia-Primary,,,TRUE,FALSE
SRS06@bmd.com.au,tel:+61739067438,61739067438,,SRS06,,,User,,,,,TRUE,TRUE
teams_aa_resource_02@onbmd.onmicrosoft.com,tel:+61730339562,61730339562,,Teams Auto Attendant Resource Account 02,,,User,,AU-Australia-Primary,,,TRUE,FALSE
DANSTA1@bmd.com.au,tel:+61738937041,61738937041,,Daniel Stainbank,Daniel,Stainbank,User,sippoolsy3au103.infra.lync.com,AU-Australia-Primary,AU,UpgradeToTeams,TRUE,FALSE
CARROB1@bmd.com.au,tel:+61738937030,61738937030,,Caroline Robertson,Caroline,Robertson,User,sippoolsy3au103.infra.lync.com,AU-Australia-Primary,AU,UpgradeToTeams,TRUE,FALSE
teams_cq_resource_25@onbmd.onmicrosoft.com,tel:+61730339585,61730339585,,Adelaide BMD Reception CQ 25 - Teams Call Queue Resource Account 25,,,User,,AU-Australia-Primary,,,TRUE,FALSE
teams_aa_resource_03@onbmd.onmicrosoft.com,tel:+61739067477,61739067477,,Helpdesk - Teams 03 Auto Attendant Resource Account,,,User,,AU-Australia-Primary,,,TRUE,FALSE
LORKER1@bmd.com.au,tel:+61738936282,61738936282,,Lori Kersten,Lori,Kersten,User,sippoolsy3au103.infra.lync.com,AU-Australia-Primary,AU,UpgradeToTeams,TRUE,FALSE
SINSCO1@bmd.com.au,tel:+61862787827,61862787827,,Sinead Scott,Sinead,Scott,User,sippoolsy3au103.infra.lync.com,AU-Australia-Primary,AU,UpgradeToTeams,TRUE,FALSE
markc@bmd.com.au,tel:+61398113450,61398113450,,Mark Curtis,Mark,Curtis,User,sippoolsy3au103.infra.lync.com,AU-Australia-Primary,AU,UpgradeToTeams,TRUE,FALSE
ANTBUR1@bmd.com.au,tel:+61747507029,61747507029,,Anthony Burke,Anthony,Burke,User,sippoolsy3au103.infra.lync.com,AU-Australia-Primary,AU,UpgradeToTeams,TRUE,FALSE
teams_cq_resource_26@onbmd.onmicrosoft.com,tel:+61730339586,61730339586,,Perth BMD Reception CQ 26 - Teams Call Queue Resource Account 26,,,User,,AU-Australia-Primary,,,TRUE,FALSE
teams_aa_resource_05@onbmd.onmicrosoft.com,tel:+61730339565,61730339565,,Reception Auto Attendant - Teams Auto Attendant Resource Account 05,,,User,,AU-Australia-Primary,,,TRUE,FALSE
chris.brett@bmd.com.au,tel:+61739067434,61739067434,,Chris Brett,Chris,Brett,User,sippoolsy3au103.infra.lync.com,AU-Australia-Primary,AU,UpgradeToTeams,TRUE,FALSE
teams_aa_resource_04@onbmd.onmicrosoft.com,tel:+61730339564,61730339564,,Dial by Name Auto Attendant - Teams Auto Attendant Resource Account 04,,,User,,AU-Australia-Primary,,,TRUE,FALSE
DENSED1@bmd.com.au,tel:+61398113430,61398113430,,Dennis Sedghill,Dennis,Sedghill,User,sippoolsy3au103.infra.lync.com,AU-Australia-Primary,AU,UpgradeToTeams,TRUE,FALSE
LUKSVA1@bmd.com.au,tel:+61398113497,61398113497,,Luke Svarc,Luke,Svarc,User,sippoolsy3au103.infra.lync.com,AU-Australia-Primary,AU,UpgradeToTeams,TRUE,FALSE
teams_aa_resource_06@onbmd.onmicrosoft.com,tel:+61738937013,61738937013,,Accounts Payable AA 06 - Teams Auto Attendant Resource Account 06,,,User,,AU-Australia-Primary,,,TRUE,FALSE
MATSTO1@bmd.com.au,tel:+61730339477,61730339477,,Matthew Storer,Matthew,Storer,User,sippoolsy3au103.infra.lync.com,AU-Australia-Primary,AU,UpgradeToTeams,TRUE,FALSE
stevent@bmd.com.au,tel:+61738937084,61738937084,,Steve Thomas,Steve,Thomas,User,sippoolsy3au103.infra.lync.com,AU-Australia-Primary,AU,UpgradeToTeams,TRUE,FALSE
PHOCOL1@bmd.com.au,tel:+61730339470,61730339470,,Phoebe Coleman,Phoebe,Coleman,User,sippoolsy3au103.infra.lync.com,AU-Australia-Primary,AU,UpgradeToTeams,TRUE,FALSE
ALEHAL1@bmd.com.au,tel:+61747507004,61747507004,,Alexis Hall,Alexis,Hall,User,sippoolsy3au103.infra.lync.com,AU-Australia-Primary,AU,UpgradeToTeams,TRUE,FALSE
natasha.roy@bmd.com.au,tel:+61738937077,61738937077,,Natasha Roy,Natasha,Roy,User,sippoolsy3au103.infra.lync.com,AU-Australia-Primary,AU,UpgradeToTeams,TRUE,FALSE
EDWHOU1@bmd.com.au,tel:+61738936266,61738936266,,Edward Houton,Edward,Houton,User,sippoolsy3au103.infra.lync.com,AU-Australia-Primary,AU,UpgradeToTeams,TRUE,FALSE
corey.briffa@bmd.com.au,tel:+61739067436,61739067436,,Corey Briffa,Corey,Briffa,User,sippoolsy3au103.infra.lync.com,AU-Australia-Primary,AU,UpgradeToTeams,TRUE,FALSE
lukes@bmd.com.au,tel:+61398113421,61398113421,,Luke Spaeth,Luke,Spaeth,User,sippoolsy3au103.infra.lync.com,AU-Australia-Primary,AU,UpgradeToTeams,TRUE,FALSE
srs10@bmd.com.au,tel:+61738937482,61738937482,,SRS10 - IT,,,User,sippoolsy3au103.infra.lync.com,AU-Australia-Primary,AU,UpgradeToTeams,TRUE,TRUE
greg.lebrocque@bmd.com.au,tel:+61747507015,61747507015,,Greg LeBrocque,Greg,LeBrocque,User,sippoolsy3au103.infra.lync.com,AU-Australia-Primary,AU,UpgradeToTeams,TRUE,FALSE
teams_aa_resource_51@onbmd.onmicrosoft.com,tel:+61747507077,61747507077,,Townsville Urbex Reception AA 51 - Teams Auto Attendant Resource Account 51,,,User,,AU-Australia-Primary,,,TRUE,FALSE
REBREE1@bmd.com.au,tel:+61739067412,61739067412,,Rebecca Reeves,Rebecca,Reeves,User,sippoolsy3au103.infra.lync.com,AU-Australia-Primary,AU,UpgradeToTeams,TRUE,FALSE
KELBAL1@bmd.com.au,tel:+61730339451,61730339451,,Kelsie Ballinger,Kelsie,Ballinger,User,sippoolsy3au103.infra.lync.com,AU-Australia-Primary,AU,UpgradeToTeams,TRUE,FALSE
JUSBLA1@bmd.com.au,tel:+61738936218,61738936218,,Justin Bland,Justin,Bland,User,sippoolsy3au103.infra.lync.com,AU-Australia-Primary,AU,UpgradeToTeams,TRUE,FALSE
lisa.bowdler@bmd.com.au,tel:+61739067454,61739067454,,Lisa Bowdler,Lisa,Bowdler,User,sippoolsy3au103.infra.lync.com,AU-Australia-Primary,AU,UpgradeToTeams,TRUE,FALSE
ANTMAR2@bmd.com.au,tel:+61739029112,61739029112,,Anthony Marcos,Anthony,Marcos,User,sippoolsy3au103.infra.lync.com,AU-Australia-Primary,AU,UpgradeToTeams,TRUE,FALSE
HARMEH1@bmd.com.au,tel:+61739067439,61739067439,,Hardikkumar Mehta,Hardikkumar,Mehta,User,sippoolsy3au103.infra.lync.com,AU-Australia-Primary,AU,UpgradeToTeams,TRUE,FALSE
CARMUR1@bmd.com.au,tel:+61739067496,61739067496,,Cara Murray,Cara,Murray,User,sippoolsy3au103.infra.lync.com,AU-Australia-Primary,AU,UpgradeToTeams,TRUE,FALSE
VARJOS1@bmd.com.au,tel:+61398113424,61398113424,,Varghese Joshua,Varghese,Joshua,User,sippoolsy3au103.infra.lync.com,AU-Australia-Primary,AU,UpgradeToTeams,TRUE,FALSE
CLAGAT1@bmd.com.au,tel:+61730339478,61730339478,,Claudia Gatto,Claudia,Gatto,User,sippoolsy3au103.infra.lync.com,AU-Australia-Primary,AU,UpgradeToTeams,TRUE,FALSE
daleb@bmd.com.au,tel:+61748426910,61748426910,,Dale Byrne,Dale,Byrne,User,sippoolsy3au103.infra.lync.com,AU-Australia-Primary,AU,UpgradeToTeams,TRUE,FALSE
LEOFOG1@bmd.com.au,tel:+61862787803,61862787803,,Leon Fogliani,Leon,Fogliani,User,sippoolsy3au103.infra.lync.com,AU-Australia-Primary,AU,UpgradeToTeams,TRUE,FALSE
DEEPAN1@bmd.com.au,tel:+61294756910,61294756910,,Deena Pandit,Deena,Pandit,User,sippoolsy3au103.infra.lync.com,AU-Australia-Primary,AU,UpgradeToTeams,TRUE,FALSE
SRS11@bmd.com.au,tel:+61738937483,61738937483,,Meeting Room - Andy Marcos Room,,,User,sippoolsy3au103.infra.lync.com,AU-Australia-Primary,AU,UpgradeToTeams,TRUE,TRUE
HUB09@bmd.com.au,tel:+61398113489,61398113489,,Melbourne - Power Hub - Meeting Room,,,MeetingRoom,sippoolsy3au103.infra.lync.com,AU-Australia-Primary,AU,UpgradeToTeams,TRUE,
HUB03@bmd.com.au,tel:+61889304468,61889304468,,Darwin Room,,,MeetingRoom,sippoolsy3au103.infra.lync.com,AU-Australia-Primary,AU,UpgradeToTeams,TRUE,
SRS12@bmd.com.au,tel:+61738937484,61738937484,,Meeting Room - John Mulder Room,,,MeetingRoom,sippoolsy3au103.infra.lync.com,AU-Australia-Primary,AU,UpgradeToTeams,TRUE,
HUB02@bmd.com.au,tel:+61747507068,61747507068,,Townsville Board Room,,,MeetingRoom,sippoolsy3au103.infra.lync.com,AU-Australia-Primary,AU,UpgradeToTeams,TRUE,
srs14@bmd.com.au,tel:+61738937486,61738937486,,Meeting Room - Bob Smith,,,MeetingRoom,sippoolsy3au103.infra.lync.com,AU-Australia-Primary,AU,UpgradeToTeams,TRUE,
SRS21@bmd.com.au,tel:+61747507067,61747507067,,SRS21 - TSV Boardroom,,,MeetingRoom,sippoolsy3au103.infra.lync.com,AU-Australia-Primary,AU,UpgradeToTeams,TRUE,
HUB07@bmd.com.au,tel:+61730339427,61730339427,,Scott Rafferty - Boardroom,,,MeetingRoom,sippoolsy3au103.infra.lync.com,AU-Australia-Primary,AU,UpgradeToTeams,TRUE,
SRS08@bmd.com.au,tel:+61739067435,61739067435,,IT Test Room 8,,,MeetingRoom,,,AU,,TRUE,
SRS13@bmd.com.au,tel:+61738937485,61738937485,,Meeting Room - David Young Room,,,MeetingRoom,sippoolsy3au103.infra.lync.com,AU-Australia-Primary,AU,UpgradeToTeams,TRUE,
HUB06@bmd.com.au,tel:+61738936268,61738936268,,Meeting Room - Paul Fogarty Room,,,MeetingRoom,sippoolsy3au103.infra.lync.com,AU-Australia-Primary,AU,UpgradeToTeams,TRUE,
SRS07@bmd.com.au,tel:+61739067405,61739067405,,Meeting Room - Wayne Thompson Room,,,MeetingRoom,sippoolsy3au103.infra.lync.com,AU-Australia-Primary,AU,UpgradeToTeams,TRUE,
HUB04@bmd.com.au,tel:+61881105168,61881105168,,Adelaide Boardroom - Partu Kuu,,,MeetingRoom,sippoolsy3au103.infra.lync.com,AU-Australia-Primary,AU,UpgradeToTeams,TRUE,
srs09@bmd.com.au,tel:+61739067491,61739067491,,Meeting Room - Terry Lynch Room,,,MeetingRoom,,,AU,,TRUE,
HUB05@bmd.com.au,tel:+61294756968,61294756968,,Sydney Board Room,,,MeetingRoom,sippoolsy3au103.infra.lync.com,AU-Australia-Primary,AU,UpgradeToTeams,TRUE,
srs16@bmd.com.au,tel:+61730339516,61730339516,,TGA - Derbarl Yerrigan - Meeting Room-Capacity 18,,,MeetingRoom,sippoolsy3au103.infra.lync.com,AU-Australia-Primary,AU,UpgradeToTeams,TRUE,
SRS17@bmd.com.au,tel:+61730339517,61730339517,,TGA - Wagyl - Meeting Room ? Capacity 8,,,MeetingRoom,sippoolsy3au103.infra.lync.com,AU-Australia-Primary,AU,UpgradeToTeams,TRUE,
SRS18@bmd.com.au,tel:+61730339518,61730339518,,Adelaide Meeting Room - Tuku Kuu,,,MeetingRoom,sippoolsy3au103.infra.lync.com,AU-Australia-Primary,AU,UpgradeToTeams,TRUE,
SRS19@bmd.com.au,tel:+61730339519,61730339519,,Job 141-4236 GDR Meeting Room - Team Room System,,,MeetingRoom,sippoolsy3au103.infra.lync.com,AU-Australia-Primary,AU,UpgradeToTeams,TRUE,
SRS20@bmd.com.au,tel:+61730339520,61730339520,,Job 131-3301 Fitzsimmons Lane,,,MeetingRoom,sippoolsy3au103.infra.lync.com,AU-Australia-Primary,AU,UpgradeToTeams,TRUE,
HUB08@bmd.com.au,tel:+61862787871,61862787871,,Perth Meeting Room - Upstairs,,,MeetingRoom,sippoolsy3au103.infra.lync.com,AU-Australia-Primary,AU,UpgradeToTeams,TRUE,
HUB01@bmd.com.au,tel:+61398113468,61398113468,,Melbourne - Board Room,,,MeetingRoom,sippoolsy3au103.infra.lync.com,AU-Australia-Primary,AU,UpgradeToTeams,TRUE,
srs15@bmd.com.au,tel:+61738937487,61738937487,,Fleet - Meeting Room,,,MeetingRoom,sippoolsy3au103.infra.lync.com,AU-Australia-Primary,AU,UpgradeToTeams,TRUE,
SRS23@bmd.com.au,tel:+61862787872,61862787872,,Job 813-J016 - MEJV - Neerabup Meeting Room,,,MeetingRoom,sippoolsy3au103.infra.lync.com,AU-Australia-Primary,AU,UpgradeToTeams,TRUE,
SRS06@bmd.com.au,tel:+61739067438,61739067438,,SRS06,,,MeetingRoom,,,,,TRUE,
srs10@bmd.com.au,tel:+61738937482,61738937482,,SRS10 - IT,,,MeetingRoom,sippoolsy3au103.infra.lync.com,AU-Australia-Primary,AU,UpgradeToTeams,TRUE,
SRS11@bmd.com.au,tel:+61738937483,61738937483,,Meeting Room - Andy Marcos Room,,,MeetingRoom,sippoolsy3au103.infra.lync.com,AU-Australia-Primary,AU,UpgradeToTeams,TRUE,
hg_12e8548b48b84b64aa0bd213e1c91973-new-tn@onbmd.onmicrosoft.com,tel:+63282313791,63282313791,,Philippines - Test (NEW TN),,,Call Queue Resource Account,,,,,,
teams_cq_resource_02@onbmd.onmicrosoft.com,tel:+61730339572,61730339572,,Teams Call Queue Resource Account 02,,,Call Queue Resource Account,,,,,,
teams_cq_resource_04@onbmd.onmicrosoft.com,tel:+61730339574,61730339574,,Teams Call Queue Resource Account 04,,,Call Queue Resource Account,,,,,,
teams_cq_resource_01@onbmd.onmicrosoft.com,tel:+61730339571,61730339571,,Teams Call Queue Resource Account 01,,,Call Queue Resource Account,,,,,,
teams_cq_resource_05@onbmd.onmicrosoft.com,tel:+61730339575,61730339575,,Teams Call Queue Resource Account 05,,,Call Queue Resource Account,,,,,,
teams_cq_resource_03@onbmd.onmicrosoft.com,tel:+61730339573,61730339573,,Teams Call Queue Resource Account 03,,,Call Queue Resource Account,,,,,,
teams_cq_resource_08@onbmd.onmicrosoft.com,tel:+61730339578,61730339578,,Melbourne JMAC CQ 08 - Teams Call Queue Resource Account 08,,,Call Queue Resource Account,,,,,,
teams_cq_resource_28@onbmd.onmicrosoft.com,tel:+61730339588,61730339588,,Newcastle BMD Reception CQ 28 - Teams Call Queue Resource Account 28,,,Call Queue Resource Account,,,,,,
teams_cq_resource_19@onbmd.onmicrosoft.com,tel:+61738936207,61738936207,,Purchase Orders CQ 19 - Teams Call Queue Resource Account 19,,,Call Queue Resource Account,,,,,,
teams_cq_resource_20@onbmd.onmicrosoft.com,tel:+61738936248,61738936248,,Procurement Services CQ 20 - Teams Call Queue Resource Account 20,,,Call Queue Resource Account,,,,,,
teams_cq_resource_21@onbmd.onmicrosoft.com,tel:+61730339581,61730339581,,Townsville BMD Reception CQ 21 - Teams Call Queue Resource Account 21,,,Call Queue Resource Account,,,,,,
teams_cq_resource_23@onbmd.onmicrosoft.com,tel:+61730339583,61730339583,,Sydney BMD Reception CQ 23 - Teams Call Queue Resource Account 23,,,Call Queue Resource Account,,,,,,
teams_cq_resource_24@onbmd.onmicrosoft.com,tel:+61730339584,61730339584,,Melbourne BMD Reception CQ 24 - Teams Call Queue Resource Account 24,,,Call Queue Resource Account,,,,,,
teams_cq_resource_26@onbmd.onmicrosoft.com,tel:+61730339586,61730339586,,Perth BMD Reception CQ 26 - Teams Call Queue Resource Account 26,,,Call Queue Resource Account,,,,,,
teams_cq_resource_27@onbmd.onmicrosoft.com,tel:+61730339587,61730339587,,Darwin BMD Reception CQ 27 - Teams Call Queue Resource Account 27,,,Call Queue Resource Account,,,,,,
teams_cq_resource_51@onbmd.onmicrosoft.com,tel:+61730339551,61730339551,,Townsville Urbex Reception CQ 51 - Teams Call Queue Resource Account 51,,,Call Queue Resource Account,,,,,,
teams_cq_resource_25@onbmd.onmicrosoft.com,tel:+61730339585,61730339585,,Adelaide BMD Reception CQ 25 - Teams Call Queue Resource Account 25,,,Call Queue Resource Account,,,,,,
hg_6df4672d3c9444579bb0800b6a7cbca5@bmd.com.au,tel:+61721025404,61721025404,,Brisbane - Test,,,Call Queue Resource Account,,,,,,
it_test_aa@bmd.com.au,tel:+61738937086,61738937086,,IT_Test_AA,,,Auto Attendant Resource Account,,,,,,
teams_aa_resource_02@onbmd.onmicrosoft.com,tel:+61730339562,61730339562,,Teams Auto Attendant Resource Account 02,,,Auto Attendant Resource Account,,,,,,
teams_aa_resource_01@onbmd.onmicrosoft.com,tel:+61730339561,61730339561,,Teams Auto Attendant Resource Account 01,,,Auto Attendant Resource Account,,,,,,
teams_aa_resource_15@onbmd.onmicrosoft.com,tel:+61730339414,61730339414,,Teams Auto Attendant Resource Account 15,,,Auto Attendant Resource Account,,,,,,
teams_aa_resource_14@onbmd.onmicrosoft.com,tel:+61738937035,61738937035,,Teams Auto Attendant Resource Account 14,,,Auto Attendant Resource Account,,,,,,
teams_aa_resource_13@onbmd.onmicrosoft.com,tel:+61889304418,61889304418,,Teams Auto Attendant Resource Account 13,,,Auto Attendant Resource Account,,,,,,
teams_aa_resource_12@onbmd.onmicrosoft.com,tel:+61738937036,61738937036,,Teams Auto Attendant Resource Account 12,,,Auto Attendant Resource Account,,,,,,
teams_aa_resource_11@onbmd.onmicrosoft.com,tel:+61249446665,61249446665,,Teams Auto Attendant Resource Account 11,,,Auto Attendant Resource Account,,,,,,
teams_aa_resource_04@onbmd.onmicrosoft.com,tel:+61730339564,61730339564,,Dial by Name Auto Attendant - Teams Auto Attendant Resource Account 04,,,Auto Attendant Resource Account,,,,,,
teams_aa_resource_05@onbmd.onmicrosoft.com,tel:+61730339565,61730339565,,Reception Auto Attendant - Teams Auto Attendant Resource Account 05,,,Auto Attendant Resource Account,,,,,,
teams_aa_resource_03@onbmd.onmicrosoft.com,tel:+61739067477,61739067477,,Helpdesk - Teams 03 Auto Attendant Resource Account,,,Auto Attendant Resource Account,,,,,,
teams_aa_resource_06@onbmd.onmicrosoft.com,tel:+61738937013,61738937013,,Accounts Payable AA 06 - Teams Auto Attendant Resource Account 06,,,Auto Attendant Resource Account,,,,,,
teams_aa_resource_22@onbmd.onmicrosoft.com,tel:+61738937000,61738937000,,Brisbane BMD Reception AA 22 - Teams Auto Attendant Resource Account 22,,,Auto Attendant Resource Account,,,,,,
teams_aa_resource_30@onbmd.onmicrosoft.com,tel:+61261238500,61261238500,,Canberra BMD Reception AA 30 - Teams Auto Attendant Resource Account 30,,,Auto Attendant Resource Account,,,,,,
teams_aa_resource_29@onbmd.onmicrosoft.com,tel:+61748426900,61748426900,,Mackay BMD Reception AA 29 - Teams Auto Attendant Resource Account 29,,,Auto Attendant Resource Account,,,,,,
teams_aa_resource_19@onbmd.onmicrosoft.com,tel:+61398113475,61398113475,,Melbourne JMAC AA 19 - Teams Auto Attendant Resource Account 19,,,Auto Attendant Resource Account,,,,,,
teams_aa_resource_17@onbmd.onmicrosoft.com,tel:+61739029100,61739029100,,Brisbane JMAC AA 17 - Teams Auto Attendant Resource Account 17,,,Auto Attendant Resource Account,,,,,,
teams_aa_resource_18@onbmd.onmicrosoft.com,tel:+61747507070,61747507070,,Townsville JMAC AA 18 - Teams Auto Attendant Resource Account 18,,,Auto Attendant Resource Account,,,,,,
teams_aa_resource_21@onbmd.onmicrosoft.com,tel:+61747507000,61747507000,,Townsville BMD Reception AA 21 - Teams Auto Attendant Resource Account 21,,,Auto Attendant Resource Account,,,,,,
teams_aa_resource_23@onbmd.onmicrosoft.com,tel:+61294756900,61294756900,,Sydney BMD Reception AA 23 - Teams Auto Attendant Resource Account 23,,,Auto Attendant Resource Account,,,,,,
teams_aa_resource_28@onbmd.onmicrosoft.com,tel:+61249446666,61249446666,,Newcastle BMD Reception AA 28 - Teams Auto Attendant Resource Account 28,,,Auto Attendant Resource Account,,,,,,
teams_aa_resource_10@onbmd.onmicrosoft.com,tel:+61730339570,61730339570,,Test Forward AA 10 - Teams Auto Attendant Resource Account 10,,,Auto Attendant Resource Account,,,,,,
teams_aa_resource_24@onbmd.onmicrosoft.com,tel:+61398113444,61398113444,,Melbourne BMD Reception AA 24 - Teams Auto Attendant Resource Account 24,,,Auto Attendant Resource Account,,,,,,
teams_aa_resource_53@onbmd.onmicrosoft.com,tel:+61739067444,61739067444,,Brisbane Urbex Reception AA 53 - Teams Auto Attendant Resource Account 53,,,Auto Attendant Resource Account,,,,,,
teams_aa_resource_51@onbmd.onmicrosoft.com,tel:+61747507077,61747507077,,Townsville Urbex Reception AA 51 - Teams Auto Attendant Resource Account 51,,,Auto Attendant Resource Account,,,,,,
teams_aa_resource_52@onbmd.onmicrosoft.com,tel:+61889304444,61889304444,,Darwin Urbex Reception AA 52 - Teams Auto Attendant Resource Account 52,,,Auto Attendant Resource Account,,,,,,
teams_aa_resource_25@onbmd.onmicrosoft.com,tel:+61881105111,61881105111,,Adelaide BMD Reception AA 25 - Teams Auto Attendant Resource Account 25,,,Auto Attendant Resource Account,,,,,,
teams_aa_resource_27@onbmd.onmicrosoft.com,tel:+61889304455,61889304455,,Darwin BMD Reception AA 27 - Teams Auto Attendant Resource Account 27,,,Auto Attendant Resource Account,,,,,,
teams_aa_resource_26@onbmd.onmicrosoft.com,tel:+61862787888,61862787888,,Perth BMD Reception AA26 - Teams Auto Attendant Resource Account 26,,,Auto Attendant Resource Account,,,,,,
teams_aa_resource_16@onbmd.onmicrosoft.com,tel:+61738937400,61738937400,,Better Motor Deals AA - Teams Auto Attendant Resource Account 16,,,Auto Attendant Resource Account,,,,,,
