"UserPrincipalName","LineURI","DDI","Ext","DisplayName","FirstName","LastName","Type","RegistrarPool","OnlineVoiceRoutingPolicy","DialPlan","TeamsUpgradePolicy","Enabled","OnPremEnterpriseVoiceEnabled"
"aimee.mcmahon@entag.com.au","tel:+61754090311","61754090311",,"Aimee McMahon","Aimee","McMahon","User","sippoolsy3au103.infra.lync.com",,"AU","UpgradeToTeams","True","False"
"Lars.Wheeler@entag.com.au","tel:+61754090379","61754090379",,"Lars Wheeler","Lars","Wheeler","User","sippoolsy3au103.infra.lync.com",,"AU",,"True","False"
"Kelly.Dakin@entag.com.au","tel:+61754090367","61754090367",,"Kelly Dakin","Kelly","Dakin","User","sippoolsy3au103.infra.lync.com",,"AU",,"True","False"
"Trish.Brown@tbtcqldcentralsunshinecoast.com.au","tel:+61754090386","61754090386",,"Trish Brown","Trish","Brown","User","sippoolsy3au103.infra.lync.com",,"AU",,"True","False"
"David.Porter@tshopbiz.com.au","tel:+61754090370","61754090370",,"David Porter","David","Porter","User","sippoolsy3au103.infra.lync.com",,"AU",,"True","False"
"Corey.Williams@entag.com.au","tel:+61754437254","61754437254",,"Corey Williams","Corey","Williams","User","sippoolsy3au103.infra.lync.com",,"AU","UpgradeToTeams","True","False"
"AA-Aimee-Test@entag.com.au","tel:+61731860195","61731860195",,"AA-Aimee-Test","","","User",,,,,"True","False"
"Sarah.Williams@entag.com.au","tel:+61754090355","61754090355",,"Sarah Williams","Sarah","Williams","User","sippoolsy3au104.infra.lync.com",,"AU",,"True","False"
"Christopher.Dick@entag.com.au","tel:+61754090319","61754090319",,"Christopher Dick","Christopher","Dick","User","sippoolsy3au103.infra.lync.com",,"AU",,"True","False"
"andrea.mason@entag.com.au","tel:+61754090363","61754090363",,"Andrea Mason","Andrea","Mason","User","sippoolsy3au103.infra.lync.com",,"AU","UpgradeToTeams","True","False"
"karlee.irwin@entag.com.au","tel:+61754090339","61754090339",,"Karlee Irwin","Karlee","Irwin","User","sippoolsy3au103.infra.lync.com",,"AU","UpgradeToTeams","False","False"
"Chris.Johansen@entag.com.au","tel:+61754090365","61754090365",,"Chris Johansen","Chris","Johansen","User","sippoolsy3au103.infra.lync.com",,"AU",,"True","False"
"Ashley.Smith@entag.com.au","tel:+61754435198","61754435198",,"Ashley Smith","Ashley","Smith","User","sippoolsy3au103.infra.lync.com",,"AU","UpgradeToTeams","True","False"
"AA-Finance@TSHOPBIZ.onmicrosoft.com","tel:+61731847086","61731847086",,"AA-Finance","","","User",,,,,"True","False"
"Lexie.Edwards@tshopbiz.com.au","tel:+61754090376","61754090376",,"Lexie Edwards","Lexie","Edwards","User","sippoolsy3au103.infra.lync.com",,"AU",,"True","False"
"AA-HR@TSHOPBIZ.onmicrosoft.com","tel:+61731847085","61731847085",,"AA-HR","","","User",,,,,"True","False"
"eben.ngata@entag.com.au","tel:+61754090328","61754090328",,"Eben Ngata","Eben","Ngata","User","sippoolsy3au103.infra.lync.com",,"AU",,"True","False"
"Melissa.Whitfield@tshopbiz.com.au","tel:+61754090382","61754090382",,"Melissa Whitfield","Melissa","Whitfield","User","sippoolsy3au103.infra.lync.com",,"AU",,"True","False"
"dan.bolland@tbtcqldcentralsunshinecoast.com.au","tel:+61754090387","61754090387",,"Dan Bolland","Dan","Bolland","User","sippoolsy3au103.infra.lync.com",,"AU",,"True","False"
"AA-Provisioning-Projects@TSHOPBIZ.onmicrosoft.com","tel:+61731860198","61731860198",,"AA-Provisioning-Projects","","","User",,,,,"True","False"
"Andrew.Baird@entag.com.au","tel:+61754090309","61754090309",,"Andrew Baird","Andrew","Baird","User","sippoolsy3au103.infra.lync.com",,"AU",,"True","False"
"John.Sexton@entag.com.au","tel:+61754090340","61754090340",,"John Sexton","John","Sexton","User","sippoolsy3au103.infra.lync.com",,"AU",,"True","False"
"CQ-Landis-Test-Alpha@entag.com.au","tel:+61754090302","61754090302",,"CQ-Landis-Test-Alpha","","","User",,,,,"True","False"
"Anthony.Kassulke@entag.com.au","tel:+61754090389","61754090389",,"Anthony Kassulke","Anthony","Kassulke","User","sippoolsy3au103.infra.lync.com",,"AU",,"True","False"
"Pascal.Stussi@tshopbiz.com.au","tel:+61754090381","61754090381",,"Pascal Stussi","Pascal","Stussi","User","sippoolsy3au103.infra.lync.com",,"AU",,"True","False"
"karl.brockman@tbtcqldcentralsunshinecoast.com.au","tel:+61754090390","61754090390",,"Karl Brockman","Karl","Brockman","User","sippoolsy3au103.infra.lync.com",,"AU",,"True","False"
"AA-TBTC-FOH@TSHOPBIZ.onmicrosoft.com","tel:+61731860193","61731860193",,"AA-TBTC-FOH","","","User",,,,,"True","False"
"Andrew.Walter@entag.com.au","tel:+61754090306","61754090306",,"Andrew  Walter","Andrew","Walter","User","sippoolsy3au103.infra.lync.com",,"AU",,"True","False"
"Serena.Coghlan@entag.com.au","tel:+61754090318","61754090318",,"Serena Coghlan","Serena","Coghlan","User","sippoolsy3au103.infra.lync.com",,"AU",,"True","False"
"bryton.wishart@entag.com.au","tel:+61754432793","61754432793",,"Bryton I. Wishart","Bryton","Wishart","User","sippoolsy3au103.infra.lync.com",,"AU","UpgradeToTeams","True","False"
"AA-Reception-Test@entag.com.au","tel:+61731840783","61731840783",,"AA-Reception-Test","","","User",,,,,"True","False"
"Jess.Ryan@entag.com.au","tel:+61754090312","61754090312",,"Jess Ryan","Jess","Ryan","User","sippoolsy3au103.infra.lync.com",,"AU",,"True","False"
"Lisa.May@entag.com.au","tel:+61754090313","61754090313",,"Lisa May","Lisa","May","User","sippoolsy3au103.infra.lync.com",,"AU",,"True","False"
"Jacqaomi.Evans@tshopbiz.com.au","tel:+61754090368","61754090368",,"Jacqaomi Evans","Jacqaomi","Evans","User","sippoolsy3au103.infra.lync.com",,"AU",,"True","False"
"adam.busby@tbtcqldcentralsunshinecoast.com.au","tel:+61754090307","61754090307",,"Adam Busby","Adam","Busby","User","sippoolsy3au103.infra.lync.com",,"AU",,"True","False"
"breanna.lucas@entag.com.au","tel:+61754090349","61754090349",,"Breanna Lucas","Breanna","Lucas","User","sippoolsy3au103.infra.lync.com",,"AU",,"True","False"
"Jackson.Curro@tshopbiz.com.au","tel:+61754090380","61754090380",,"Jackson Curro","Jackson","Curro","User","sippoolsy3au103.infra.lync.com",,"AU",,"True","False"
"hg_6fb882f24a3648b6bde1f3122ba199cb@entag.com.au","tel:+61754090303","61754090303",,"CQ-Entag-Sales","","","User",,,,,"True","False"
"Michelle.Lowe@entag.com.au","tel:+61754090371","61754090371",,"Michelle Lowe","Michelle","Lowe","User","sippoolsy3au103.infra.lync.com",,"AU",,"True","False"
"AA-ProjectSupport@entag.com.au","tel:+61731847057","61731847057",,"AA-ProjectSupport","","","User",,,,,"True","False"
"Anita.Piers@tshopbiz.com.au","tel:+61754090384","61754090384",,"Anita Piers","Anita","Piers","User","sippoolsy3au103.infra.lync.com",,"AU",,"True","False"
"catherine.little@entag.com.au","tel:+61754090308","61754090308",,"Catherine Little","Catherine","Little","User","sippoolsy3au103.infra.lync.com",,"AU",,"True","False"
"Mark.Williamson@entag.com.au","tel:+61754090330","61754090330",,"Mark Williamson","Mark","Williamson","User","sippoolsy3au103.infra.lync.com",,"AU",,"True","False"
"Rikki.Kelly@entag.com.au","tel:+61754090333","61754090333",,"Rikki Kelly","Rikki","Kelly","User","sippoolsy3au103.infra.lync.com",,"AU",,"True","False"
"Damien.Hicks@tshopbiz.com.au","tel:+61754090366","61754090366",,"Damien Hicks","Damien","Hicks","User","sippoolsy3au103.infra.lync.com",,"AU",,"True","False"
"esther.williams@entag.com.au","tel:+61754090345","61754090345",,"Esther Williams","Esther","Williams","User","sippoolsy3au103.infra.lync.com",,"AU",,"True","False"
"Berit.Bell@entag.com.au","tel:+61754090323","61754090323",,"Berit Bell","Berit","Bell","User","sippoolsy3au103.infra.lync.com",,"AU",,"True","False"
"Jamie.Houghton@entag.com.au","tel:+61754090322","61754090322",,"Jamie Houghton - ENTAG","Jamie","Houghton","User","sippoolsy3au103.infra.lync.com",,"AU",,"True","False"
"amanda.avery@entag.com.au","tel:+61754090343","61754090343",,"Amanda Avery","Amanda","Avery","User","sippoolsy3au103.infra.lync.com",,"AU","UpgradeToTeams","True","False"
"oaa_b2c2c85acd1745498830a074a126219f@entag.com.au","tel:+61731840727","61731840727",,"AA-Entag-Main","","","User",,,,,"True","False"
"Suni.Rajapakse@entag.com.au","tel:+61754090388","61754090388",,"Suni Rajapakse","Suni","Rajapakse","User","sippoolsy3au103.infra.lync.com",,"AU",,"True","False"
"Lachlan.Kennedy@entag.com.au","tel:+61754090377","61754090377",,"Lachlan Kennedy","Lachlan","Kennedy","User","sippoolsy3au103.infra.lync.com",,"AU",,"True","False"
"oaa_53d93f98de10473b840e82ac2034b053@entag.com.au","tel:+61754090300","61754090300",,"AA-ENTAG-MSP","","","User",,,,,"True","False"
"daniel.quick@entag.com.au","tel:+61754090393","61754090393",,"Daniel Quick","Daniel","Quick","User","sippoolsy3au103.infra.lync.com",,"AU","UpgradeToTeams","True","False"
"Damien.Davies@entag.com.au","tel:+61754090398","61754090398",,"Damien Davies","Damien","Davies","User","sippoolsy3au103.infra.lync.com",,"AU",,"True","False"
"CQ-TCO-Nuture@entag.com.au","tel:+61731860197","61731860197",,"CQ-TCO-Nuture","","","User",,,,,"True","False"
"thea.mulheran@entag.com.au","tel:+61754090373","61754090373",,"Thea Mulheran","Thea","Mulheran","User","sippoolsy3au103.infra.lync.com",,"AU","UpgradeToTeams","True","False"
"peter.whitburn@entag.com.au","tel:+61754090320","61754090320",,"Peter Whitburn","Peter","Whitburn","User","sippoolsy3au103.infra.lync.com",,"AU","UpgradeToTeams","True","False"
"Dan.Burg@entag.com.au","tel:+61754090310","61754090310",,"Dan Burg","Daniel","Burg","User","sippoolsy3au103.infra.lync.com",,"AU",,"True","False"
"CQ-Aimee-Test@entag.com.au","tel:+61731840724","61731840724",,"CQ-Aimee-Test","","","User",,,,,"True","False"
"michael.stig@entag.com.au","tel:+61754090399","61754090399",,"Michael Stig","Michael","Stig","User","sippoolsy3au103.infra.lync.com",,"AU",,"True","False"
"Kevin.Staib@entag.com.au","tel:+61754090369","61754090369",,"Shane Staib","Shane","Staib","User","sippoolsy3au103.infra.lync.com",,"AU",,"True","False"
"AA-TBTC-Business-Plus@TSHOPBIZ.onmicrosoft.com","tel:+61731847034","61731847034",,"AA-TBTC-Business-Plus","","","User",,,,,"True","False"
"hg_5f65d879540e4675a9a10781df5d40a5@entag.com.au","tel:+61754090304","61754090304",,"CQ-Test1","","","User",,,,,"True","False"
"Cindy.White@entag.com.au","tel:+61754090372","61754090372",,"Cindy White","Cindy","White","User","sippoolsy3au103.infra.lync.com",,"AU",,"True","False"
"Ashleigh.Hazell@entag.com.au","tel:+61754090374","61754090374",,"Ashleigh Hazell [ENTAG]","Ashleigh","Hazell","User","sippoolsy3au103.infra.lync.com",,"AU",,"True","False"
"Alex.krinks@entag.com.au","tel:+61754090353","61754090353",,"Alex Krinks","Alex","Krinks","User","sippoolsy3au103.infra.lync.com",,"AU","UpgradeToTeams","True","False"
"Alex.Moody@entag.com.au","tel:+61754090375","61754090375",,"Alex Moody","Alex","Moody","User","sippoolsy3au103.infra.lync.com",,"AU",,"True","False"
"Louise.O'Neill@entag.com.au","tel:+61754090329","61754090329",,"Louise O'Neill","Louise","O'Neill","User","sippoolsy3au103.infra.lync.com",,"AU",,"True","False"
"craig.white@entag.com.au","tel:+61754433794","61754433794",,"Craig White","Craig","White","User","sippoolsy3au103.infra.lync.com",,"AU","UpgradeToTeams","True","False"
"Matt.Storer@tshopbiz.com.au","tel:+61754090378","61754090378",,"Matt Storer","Matt","Storer","User","sippoolsy3au103.infra.lync.com",,"AU",,"True","False"
"stephen.bell@entag.com.au","tel:+61754433530","61754433530",,"Stephen Bell","Stephen","Bell","User","sippoolsy3au103.infra.lync.com",,"AU","UpgradeToTeams","True","False"
"hg_12989792652b44a2accc1b7e2aba675b@entag.com.au","tel:+61754090301","61754090301",,"CQ-Entag-MSP","","","User",,,,,"True","False"
"teamsdemo@entag.com.au","tel:+61754090331","61754090331",,"[ENTAG] Demo DO NOT TOUCH","","","User","sippoolsy3au104.infra.lync.com",,"AU",,"True","False"
"Emily.Smith@tshopbiz.com.au","tel:+61754090385","61754090385",,"Emily Smith","Emily","Smith","User","sippoolsy3au103.infra.lync.com",,"AU",,"False","False"
"Brandon.Kime@entag.com.au","tel:+61754090305","61754090305",,"Brandon Kime","Brandon","Kime","User","sippoolsy3au103.infra.lync.com",,"AU","UpgradeToTeams","True","False"
"Pratik.Pokharel@entag.com.au","tel:+61754090383","61754090383",,"Pratik Pokharel","Pratik","Pokharel","User","sippoolsy3au103.infra.lync.com",,"AU",,"True","False"
"AA-Stephen-Test@entag.com.au","tel:+61753708818","61753708818",,"AA-Stephen-Test","","","User",,,,,"True","False"
"hg_5f65d879540e4675a9a10781df5d40a5@entag.com.au","tel:+61754090304","61754090304",,"CQ-Test1",,,"Call Queue Resource Account",,,,,,
"hg_12989792652b44a2accc1b7e2aba675b@entag.com.au","tel:+61754090301","61754090301",,"CQ-Entag-MSP",,,"Call Queue Resource Account",,,,,,
"hg_6fb882f24a3648b6bde1f3122ba199cb@entag.com.au","tel:+61754090303","61754090303",,"CQ-Entag-Sales",,,"Call Queue Resource Account",,,,,,
"CQ-Landis-Test-Alpha@entag.com.au","tel:+61754090302","61754090302",,"CQ-Landis-Test-Alpha",,,"Call Queue Resource Account",,,,,,
"CQ-Aimee-Test@entag.com.au","tel:+61731840724","61731840724",,"CQ-Aimee-Test",,,"Call Queue Resource Account",,,,,,
"CQ-TCO-Nuture@entag.com.au","tel:+61731860197","61731860197",,"CQ-TCO-Nuture",,,"Call Queue Resource Account",,,,,,
"AA-Reception-Test@entag.com.au","tel:+61731840783","61731840783",,"AA-Reception-Test",,,"Auto Attendant Resource Account",,,,,,
"oaa_b2c2c85acd1745498830a074a126219f@entag.com.au","tel:+61731840727","61731840727",,"AA-Entag-Main",,,"Auto Attendant Resource Account",,,,,,
"oaa_53d93f98de10473b840e82ac2034b053@entag.com.au","tel:+61754090300","61754090300",,"AA-ENTAG-MSP",,,"Auto Attendant Resource Account",,,,,,
"AA-Aimee-Test@entag.com.au","tel:+61731860195","61731860195",,"AA-Aimee-Test",,,"Auto Attendant Resource Account",,,,,,
"AA-Stephen-Test@entag.com.au","tel:+61753708818","61753708818",,"AA-Stephen-Test",,,"Auto Attendant Resource Account",,,,,,
"AA-ProjectSupport@entag.com.au","tel:+61731847057","61731847057",,"AA-ProjectSupport",,,"Auto Attendant Resource Account",,,,,,
"AA-Finance@TSHOPBIZ.onmicrosoft.com","tel:+61731847086","61731847086",,"AA-Finance",,,"Auto Attendant Resource Account",,,,,,
"AA-HR@TSHOPBIZ.onmicrosoft.com","tel:+61731847085","61731847085",,"AA-HR",,,"Auto Attendant Resource Account",,,,,,
"AA-Provisioning-Projects@TSHOPBIZ.onmicrosoft.com","tel:+61731860198","61731860198",,"AA-Provisioning-Projects",,,"Auto Attendant Resource Account",,,,,,
"AA-TBTC-FOH@TSHOPBIZ.onmicrosoft.com","tel:+61731860193","61731860193",,"AA-TBTC-FOH",,,"Auto Attendant Resource Account",,,,,,
"AA-TBTC-Business-Plus@TSHOPBIZ.onmicrosoft.com","tel:+61731847034","61731847034",,"AA-TBTC-Business-Plus",,,"Auto Attendant Resource Account",,,,,,
