PSComputerName,RunspaceId,PSShowComputerName,ActivationState,BridgeNumber,CallingProfile,CityCode,FriendlyName,Id,InventoryType,Location,O365Region,SourceType,TargetType,Tenant,TenantId,UserId,IsManagedByServiceDesk,PortInOrderStatus
api.interfaces.records.teams.microsoft.com,b7905bef-ddb1-4aa3-9fe9-ebd35e6793ac,FALSE,Activated,,de37889f-ae11-4e98-87b3-ca536628cb63,APAC-AU-ALL-QLD_BR,NGC-Bot,61731840724,Service,,APAC,Tnm,ucap,,,,FALSE,
api.interfaces.records.teams.microsoft.com,b7905bef-ddb1-4aa3-9fe9-ebd35e6793ac,FALSE,Activated,,de37889f-ae11-4e98-87b3-ca536628cb63,APAC-AU-ALL-QLD_BR,AutoAttendant,61731840727,Service,,APAC,Tnm,ucap,,,,FALSE,
api.interfaces.records.teams.microsoft.com,b7905bef-ddb1-4aa3-9fe9-ebd35e6793ac,FALSE,Activated,,de37889f-ae11-4e98-87b3-ca536628cb63,APAC-AU-ALL-QLD_BR,NGC-Bot,61731840783,Service,,APAC,Tnm,ucap,,,,FALSE,
api.interfaces.records.teams.microsoft.com,b7905bef-ddb1-4aa3-9fe9-ebd35e6793ac,FALSE,Activated,,de37889f-ae11-4e98-87b3-ca536628cb63,APAC-AU-ALL-QLD_BR,,61731847034,Service,,APAC,TnmFullyManaged,,,,,FALSE,
api.interfaces.records.teams.microsoft.com,b7905bef-ddb1-4aa3-9fe9-ebd35e6793ac,FALSE,Activated,,de37889f-ae11-4e98-87b3-ca536628cb63,APAC-AU-ALL-QLD_BR,NGC-Bot,61731847057,Service,,APAC,TnmFullyManaged,ucap,,,,FALSE,
api.interfaces.records.teams.microsoft.com,b7905bef-ddb1-4aa3-9fe9-ebd35e6793ac,FALSE,Activated,,de37889f-ae11-4e98-87b3-ca536628cb63,APAC-AU-ALL-QLD_BR,,61731847085,Service,,APAC,TnmFullyManaged,,,,,FALSE,
api.interfaces.records.teams.microsoft.com,b7905bef-ddb1-4aa3-9fe9-ebd35e6793ac,FALSE,Activated,,de37889f-ae11-4e98-87b3-ca536628cb63,APAC-AU-ALL-QLD_BR,,61731847086,Service,,APAC,TnmFullyManaged,,,,,FALSE,
api.interfaces.records.teams.microsoft.com,b7905bef-ddb1-4aa3-9fe9-ebd35e6793ac,FALSE,Activated,,de37889f-ae11-4e98-87b3-ca536628cb63,APAC-AU-ALL-QLD_BR,,61731847087,Service,,APAC,TnmFullyManaged,caa,,,,FALSE,
api.interfaces.records.teams.microsoft.com,b7905bef-ddb1-4aa3-9fe9-ebd35e6793ac,FALSE,Activated,,de37889f-ae11-4e98-87b3-ca536628cb63,APAC-AU-ALL-QLD_BR,NGC-Bot,61731847089,Service,,APAC,TnmFullyManaged,ucap,,,,FALSE,
api.interfaces.records.teams.microsoft.com,b7905bef-ddb1-4aa3-9fe9-ebd35e6793ac,FALSE,Activated,,de37889f-ae11-4e98-87b3-ca536628cb63,APAC-AU-ALL-QLD_BR,,61731860193,Service,,APAC,TnmFullyManaged,,,,,FALSE,
api.interfaces.records.teams.microsoft.com,b7905bef-ddb1-4aa3-9fe9-ebd35e6793ac,FALSE,Activated,,de37889f-ae11-4e98-87b3-ca536628cb63,APAC-AU-ALL-QLD_BR,NGC-Bot,61731860195,Service,,APAC,TnmFullyManaged,ucap,,,,FALSE,
api.interfaces.records.teams.microsoft.com,b7905bef-ddb1-4aa3-9fe9-ebd35e6793ac,FALSE,Activated,,de37889f-ae11-4e98-87b3-ca536628cb63,APAC-AU-ALL-QLD_BR,NGC-Bot,61731860197,Service,,APAC,TnmFullyManaged,ucap,,,,FALSE,
api.interfaces.records.teams.microsoft.com,b7905bef-ddb1-4aa3-9fe9-ebd35e6793ac,FALSE,Activated,,de37889f-ae11-4e98-87b3-ca536628cb63,APAC-AU-ALL-QLD_BR,,61731860198,Service,,APAC,TnmFullyManaged,,,,,FALSE,
api.interfaces.records.teams.microsoft.com,b7905bef-ddb1-4aa3-9fe9-ebd35e6793ac,FALSE,Activated,,0e2782cb-987c-4ca1-916d-b53c9ed6eb61,APAC-AU-ALL-QLD_BR,NGC-Bot,61733259800,Service,,APAC,Tnm,ucap,,,,TRUE,
api.interfaces.records.teams.microsoft.com,b7905bef-ddb1-4aa3-9fe9-ebd35e6793ac,FALSE,Activated,,0e2782cb-987c-4ca1-916d-b53c9ed6eb61,APAC-AU-ALL-QLD_BR,NGC-Bot,61733259801,Service,,APAC,Tnm,ucap,,,,TRUE,
api.interfaces.records.teams.microsoft.com,b7905bef-ddb1-4aa3-9fe9-ebd35e6793ac,FALSE,Activated,,0e2782cb-987c-4ca1-916d-b53c9ed6eb61,APAC-AU-ALL-QLD_BR,NGC-Bot,61733259802,Service,,APAC,Tnm,ucap,,,,TRUE,
api.interfaces.records.teams.microsoft.com,b7905bef-ddb1-4aa3-9fe9-ebd35e6793ac,FALSE,Activated,,0e2782cb-987c-4ca1-916d-b53c9ed6eb61,APAC-AU-ALL-QLD_BR,NGC-Bot,61733259803,Service,,APAC,Tnm,ucap,,,,TRUE,
api.interfaces.records.teams.microsoft.com,b7905bef-ddb1-4aa3-9fe9-ebd35e6793ac,FALSE,Activated,,0e2782cb-987c-4ca1-916d-b53c9ed6eb61,APAC-AU-ALL-QLD_BR,NGC-Bot,61733259804,Service,,APAC,Tnm,ucap,,,,TRUE,
api.interfaces.records.teams.microsoft.com,b7905bef-ddb1-4aa3-9fe9-ebd35e6793ac,FALSE,Activated,,0e2782cb-987c-4ca1-916d-b53c9ed6eb61,APAC-AU-ALL-QLD_BR,NGC-Bot,61733259805,Service,,APAC,Tnm,ucap,,,,TRUE,
api.interfaces.records.teams.microsoft.com,b7905bef-ddb1-4aa3-9fe9-ebd35e6793ac,FALSE,Activated,,0e2782cb-987c-4ca1-916d-b53c9ed6eb61,APAC-AU-ALL-QLD_BR,NGC-Bot,61733259806,Service,,APAC,Tnm,ucap,,,,TRUE,
api.interfaces.records.teams.microsoft.com,b7905bef-ddb1-4aa3-9fe9-ebd35e6793ac,FALSE,Activated,,0e2782cb-987c-4ca1-916d-b53c9ed6eb61,APAC-AU-ALL-QLD_BR,NGC-Bot,61733259807,Service,,APAC,Tnm,ucap,,,,TRUE,
api.interfaces.records.teams.microsoft.com,b7905bef-ddb1-4aa3-9fe9-ebd35e6793ac,FALSE,Activated,,0e2782cb-987c-4ca1-916d-b53c9ed6eb61,APAC-AU-ALL-QLD_BR,NGC-Bot,61733259808,Service,,APAC,Tnm,ucap,,,,TRUE,
api.interfaces.records.teams.microsoft.com,b7905bef-ddb1-4aa3-9fe9-ebd35e6793ac,FALSE,Activated,,0e2782cb-987c-4ca1-916d-b53c9ed6eb61,APAC-AU-ALL-QLD_BR,NGC-Bot,61733259809,Service,,APAC,Tnm,ucap,,,,TRUE,
api.interfaces.records.teams.microsoft.com,b7905bef-ddb1-4aa3-9fe9-ebd35e6793ac,FALSE,Activated,,0e2782cb-987c-4ca1-916d-b53c9ed6eb61,APAC-AU-ALL-QLD_BR,NGC-Bot,61733259810,Service,,APAC,Tnm,ucap,,,,TRUE,
api.interfaces.records.teams.microsoft.com,b7905bef-ddb1-4aa3-9fe9-ebd35e6793ac,FALSE,Activated,,0e2782cb-987c-4ca1-916d-b53c9ed6eb61,APAC-AU-ALL-QLD_BR,NGC-Bot,61733259811,Service,,APAC,Tnm,ucap,,,,TRUE,
api.interfaces.records.teams.microsoft.com,b7905bef-ddb1-4aa3-9fe9-ebd35e6793ac,FALSE,Activated,,0e2782cb-987c-4ca1-916d-b53c9ed6eb61,APAC-AU-ALL-QLD_BR,NGC-Bot,61733259812,Service,,APAC,Tnm,ucap,,,,TRUE,
api.interfaces.records.teams.microsoft.com,b7905bef-ddb1-4aa3-9fe9-ebd35e6793ac,FALSE,Activated,,0e2782cb-987c-4ca1-916d-b53c9ed6eb61,APAC-AU-ALL-QLD_BR,,61733259813,Service,,APAC,Tnm,,,,,TRUE,
api.interfaces.records.teams.microsoft.com,b7905bef-ddb1-4aa3-9fe9-ebd35e6793ac,FALSE,Activated,,0e2782cb-987c-4ca1-916d-b53c9ed6eb61,APAC-AU-ALL-QLD_BR,NGC-Bot,61733259814,Service,,APAC,Tnm,ucap,,,,TRUE,
api.interfaces.records.teams.microsoft.com,b7905bef-ddb1-4aa3-9fe9-ebd35e6793ac,FALSE,Activated,,0e2782cb-987c-4ca1-916d-b53c9ed6eb61,APAC-AU-ALL-QLD_BR,,61733259815,Subscriber,,APAC,Tnm,user,,,,TRUE,
api.interfaces.records.teams.microsoft.com,b7905bef-ddb1-4aa3-9fe9-ebd35e6793ac,FALSE,Activated,,0e2782cb-987c-4ca1-916d-b53c9ed6eb61,APAC-AU-ALL-QLD_BR,,61733259816,Subscriber,,APAC,Tnm,user,,,,TRUE,
api.interfaces.records.teams.microsoft.com,b7905bef-ddb1-4aa3-9fe9-ebd35e6793ac,FALSE,Activated,,0e2782cb-987c-4ca1-916d-b53c9ed6eb61,APAC-AU-ALL-QLD_BR,,61733259817,Subscriber,,APAC,Tnm,user,,,,TRUE,
api.interfaces.records.teams.microsoft.com,b7905bef-ddb1-4aa3-9fe9-ebd35e6793ac,FALSE,Activated,,0e2782cb-987c-4ca1-916d-b53c9ed6eb61,APAC-AU-ALL-QLD_BR,,61733259818,Subscriber,,APAC,Tnm,user,,,,TRUE,
api.interfaces.records.teams.microsoft.com,b7905bef-ddb1-4aa3-9fe9-ebd35e6793ac,FALSE,Activated,,0e2782cb-987c-4ca1-916d-b53c9ed6eb61,APAC-AU-ALL-QLD_BR,,61733259819,Subscriber,,APAC,Tnm,user,,,,TRUE,
api.interfaces.records.teams.microsoft.com,b7905bef-ddb1-4aa3-9fe9-ebd35e6793ac,FALSE,Activated,,0e2782cb-987c-4ca1-916d-b53c9ed6eb61,APAC-AU-ALL-QLD_BR,,61733259820,Subscriber,,APAC,Tnm,,,,,TRUE,
api.interfaces.records.teams.microsoft.com,b7905bef-ddb1-4aa3-9fe9-ebd35e6793ac,FALSE,Activated,,0e2782cb-987c-4ca1-916d-b53c9ed6eb61,APAC-AU-ALL-QLD_BR,,61733259821,Subscriber,,APAC,Tnm,user,,,,TRUE,
api.interfaces.records.teams.microsoft.com,b7905bef-ddb1-4aa3-9fe9-ebd35e6793ac,FALSE,Activated,,0e2782cb-987c-4ca1-916d-b53c9ed6eb61,APAC-AU-ALL-QLD_BR,,61733259822,Subscriber,,APAC,Tnm,,,,,TRUE,
api.interfaces.records.teams.microsoft.com,b7905bef-ddb1-4aa3-9fe9-ebd35e6793ac,FALSE,Activated,,0e2782cb-987c-4ca1-916d-b53c9ed6eb61,APAC-AU-ALL-QLD_BR,,61733259823,Subscriber,,APAC,Tnm,user,,,,TRUE,
api.interfaces.records.teams.microsoft.com,b7905bef-ddb1-4aa3-9fe9-ebd35e6793ac,FALSE,Activated,,0e2782cb-987c-4ca1-916d-b53c9ed6eb61,APAC-AU-ALL-QLD_BR,,61733259824,Subscriber,,APAC,Tnm,user,,,,TRUE,
api.interfaces.records.teams.microsoft.com,b7905bef-ddb1-4aa3-9fe9-ebd35e6793ac,FALSE,Activated,,0e2782cb-987c-4ca1-916d-b53c9ed6eb61,APAC-AU-ALL-QLD_BR,,61733259825,Subscriber,,APAC,Tnm,user,,,,TRUE,
api.interfaces.records.teams.microsoft.com,b7905bef-ddb1-4aa3-9fe9-ebd35e6793ac,FALSE,Activated,,0e2782cb-987c-4ca1-916d-b53c9ed6eb61,APAC-AU-ALL-QLD_BR,,61733259826,Subscriber,,APAC,Tnm,user,,,,TRUE,
api.interfaces.records.teams.microsoft.com,b7905bef-ddb1-4aa3-9fe9-ebd35e6793ac,FALSE,Activated,,0e2782cb-987c-4ca1-916d-b53c9ed6eb61,APAC-AU-ALL-QLD_BR,,61733259827,Subscriber,,APAC,Tnm,user,,,,TRUE,
api.interfaces.records.teams.microsoft.com,b7905bef-ddb1-4aa3-9fe9-ebd35e6793ac,FALSE,Activated,,0e2782cb-987c-4ca1-916d-b53c9ed6eb61,APAC-AU-ALL-QLD_BR,,61733259828,Subscriber,,APAC,Tnm,user,,,,TRUE,
api.interfaces.records.teams.microsoft.com,b7905bef-ddb1-4aa3-9fe9-ebd35e6793ac,FALSE,Activated,,0e2782cb-987c-4ca1-916d-b53c9ed6eb61,APAC-AU-ALL-QLD_BR,,61733259829,Subscriber,,APAC,Tnm,user,,,,TRUE,
api.interfaces.records.teams.microsoft.com,b7905bef-ddb1-4aa3-9fe9-ebd35e6793ac,FALSE,Activated,,0e2782cb-987c-4ca1-916d-b53c9ed6eb61,APAC-AU-ALL-QLD_BR,,61733259830,Subscriber,,APAC,Tnm,user,,,,TRUE,
api.interfaces.records.teams.microsoft.com,b7905bef-ddb1-4aa3-9fe9-ebd35e6793ac,FALSE,Activated,,0e2782cb-987c-4ca1-916d-b53c9ed6eb61,APAC-AU-ALL-QLD_BR,,61733259831,Subscriber,,APAC,Tnm,user,,,,TRUE,
api.interfaces.records.teams.microsoft.com,b7905bef-ddb1-4aa3-9fe9-ebd35e6793ac,FALSE,Activated,,0e2782cb-987c-4ca1-916d-b53c9ed6eb61,APAC-AU-ALL-QLD_BR,,61733259832,Subscriber,,APAC,Tnm,user,,,,TRUE,
api.interfaces.records.teams.microsoft.com,b7905bef-ddb1-4aa3-9fe9-ebd35e6793ac,FALSE,Activated,,0e2782cb-987c-4ca1-916d-b53c9ed6eb61,APAC-AU-ALL-QLD_BR,,61733259833,Subscriber,,APAC,Tnm,user,,,,TRUE,
api.interfaces.records.teams.microsoft.com,b7905bef-ddb1-4aa3-9fe9-ebd35e6793ac,FALSE,Activated,,0e2782cb-987c-4ca1-916d-b53c9ed6eb61,APAC-AU-ALL-QLD_BR,,61733259834,Subscriber,,APAC,Tnm,user,,,,TRUE,
api.interfaces.records.teams.microsoft.com,b7905bef-ddb1-4aa3-9fe9-ebd35e6793ac,FALSE,Activated,,0e2782cb-987c-4ca1-916d-b53c9ed6eb61,APAC-AU-ALL-QLD_BR,,61733259835,Subscriber,,APAC,Tnm,user,,,,TRUE,
api.interfaces.records.teams.microsoft.com,b7905bef-ddb1-4aa3-9fe9-ebd35e6793ac,FALSE,Activated,,0e2782cb-987c-4ca1-916d-b53c9ed6eb61,APAC-AU-ALL-QLD_BR,,61733259836,Subscriber,,APAC,Tnm,user,,,,TRUE,
api.interfaces.records.teams.microsoft.com,b7905bef-ddb1-4aa3-9fe9-ebd35e6793ac,FALSE,Activated,,0e2782cb-987c-4ca1-916d-b53c9ed6eb61,APAC-AU-ALL-QLD_BR,,61733259837,Subscriber,,APAC,Tnm,user,,,,TRUE,
api.interfaces.records.teams.microsoft.com,b7905bef-ddb1-4aa3-9fe9-ebd35e6793ac,FALSE,Activated,,0e2782cb-987c-4ca1-916d-b53c9ed6eb61,APAC-AU-ALL-QLD_BR,,61733259838,Subscriber,,APAC,Tnm,user,,,,TRUE,
api.interfaces.records.teams.microsoft.com,b7905bef-ddb1-4aa3-9fe9-ebd35e6793ac,FALSE,Activated,,0e2782cb-987c-4ca1-916d-b53c9ed6eb61,APAC-AU-ALL-QLD_BR,,61733259839,Subscriber,,APAC,Tnm,user,,,,TRUE,
api.interfaces.records.teams.microsoft.com,b7905bef-ddb1-4aa3-9fe9-ebd35e6793ac,FALSE,Activated,,0e2782cb-987c-4ca1-916d-b53c9ed6eb61,APAC-AU-ALL-QLD_BR,,61733259840,Subscriber,,APAC,Tnm,user,,,,TRUE,
api.interfaces.records.teams.microsoft.com,b7905bef-ddb1-4aa3-9fe9-ebd35e6793ac,FALSE,Activated,,0e2782cb-987c-4ca1-916d-b53c9ed6eb61,APAC-AU-ALL-QLD_BR,,61733259841,Subscriber,,APAC,Tnm,user,,,,TRUE,
api.interfaces.records.teams.microsoft.com,b7905bef-ddb1-4aa3-9fe9-ebd35e6793ac,FALSE,Activated,,0e2782cb-987c-4ca1-916d-b53c9ed6eb61,APAC-AU-ALL-QLD_BR,,61733259842,Subscriber,,APAC,Tnm,user,,,,TRUE,
api.interfaces.records.teams.microsoft.com,b7905bef-ddb1-4aa3-9fe9-ebd35e6793ac,FALSE,Activated,,0e2782cb-987c-4ca1-916d-b53c9ed6eb61,APAC-AU-ALL-QLD_BR,,61733259843,Subscriber,,APAC,Tnm,,,,,TRUE,
api.interfaces.records.teams.microsoft.com,b7905bef-ddb1-4aa3-9fe9-ebd35e6793ac,FALSE,Activated,,0e2782cb-987c-4ca1-916d-b53c9ed6eb61,APAC-AU-ALL-QLD_BR,,61733259844,Subscriber,,APAC,Tnm,,,,,TRUE,
api.interfaces.records.teams.microsoft.com,b7905bef-ddb1-4aa3-9fe9-ebd35e6793ac,FALSE,Activated,,0e2782cb-987c-4ca1-916d-b53c9ed6eb61,APAC-AU-ALL-QLD_BR,,61733259845,Subscriber,,APAC,Tnm,user,,,,TRUE,
api.interfaces.records.teams.microsoft.com,b7905bef-ddb1-4aa3-9fe9-ebd35e6793ac,FALSE,Activated,,0e2782cb-987c-4ca1-916d-b53c9ed6eb61,APAC-AU-ALL-QLD_BR,,61733259846,Subscriber,,APAC,Tnm,user,,,,TRUE,
api.interfaces.records.teams.microsoft.com,b7905bef-ddb1-4aa3-9fe9-ebd35e6793ac,FALSE,Activated,,0e2782cb-987c-4ca1-916d-b53c9ed6eb61,APAC-AU-ALL-QLD_BR,,61733259847,Subscriber,,APAC,Tnm,user,,,,TRUE,
api.interfaces.records.teams.microsoft.com,b7905bef-ddb1-4aa3-9fe9-ebd35e6793ac,FALSE,Activated,,0e2782cb-987c-4ca1-916d-b53c9ed6eb61,APAC-AU-ALL-QLD_BR,,61733259848,Subscriber,,APAC,Tnm,user,,,,TRUE,
api.interfaces.records.teams.microsoft.com,b7905bef-ddb1-4aa3-9fe9-ebd35e6793ac,FALSE,Activated,,0e2782cb-987c-4ca1-916d-b53c9ed6eb61,APAC-AU-ALL-QLD_BR,,61733259849,Subscriber,,APAC,Tnm,user,,,,TRUE,
api.interfaces.records.teams.microsoft.com,b7905bef-ddb1-4aa3-9fe9-ebd35e6793ac,FALSE,Activated,,0e2782cb-987c-4ca1-916d-b53c9ed6eb61,APAC-AU-ALL-QLD_BR,,61733259850,Subscriber,,APAC,Tnm,user,,,,TRUE,
api.interfaces.records.teams.microsoft.com,b7905bef-ddb1-4aa3-9fe9-ebd35e6793ac,FALSE,Activated,,0e2782cb-987c-4ca1-916d-b53c9ed6eb61,APAC-AU-ALL-QLD_BR,,61733259851,Subscriber,,APAC,Tnm,user,,,,TRUE,
api.interfaces.records.teams.microsoft.com,b7905bef-ddb1-4aa3-9fe9-ebd35e6793ac,FALSE,Activated,,0e2782cb-987c-4ca1-916d-b53c9ed6eb61,APAC-AU-ALL-QLD_BR,,61733259852,Subscriber,,APAC,Tnm,user,,,,TRUE,
api.interfaces.records.teams.microsoft.com,b7905bef-ddb1-4aa3-9fe9-ebd35e6793ac,FALSE,Activated,,0e2782cb-987c-4ca1-916d-b53c9ed6eb61,APAC-AU-ALL-QLD_BR,,61733259853,Subscriber,,APAC,Tnm,user,,,,TRUE,
api.interfaces.records.teams.microsoft.com,b7905bef-ddb1-4aa3-9fe9-ebd35e6793ac,FALSE,Activated,,0e2782cb-987c-4ca1-916d-b53c9ed6eb61,APAC-AU-ALL-QLD_BR,,61733259854,Subscriber,,APAC,Tnm,user,,,,TRUE,
api.interfaces.records.teams.microsoft.com,b7905bef-ddb1-4aa3-9fe9-ebd35e6793ac,FALSE,Activated,,0e2782cb-987c-4ca1-916d-b53c9ed6eb61,APAC-AU-ALL-QLD_BR,,61733259855,Subscriber,,APAC,Tnm,user,,,,TRUE,
api.interfaces.records.teams.microsoft.com,b7905bef-ddb1-4aa3-9fe9-ebd35e6793ac,FALSE,Activated,,0e2782cb-987c-4ca1-916d-b53c9ed6eb61,APAC-AU-ALL-QLD_BR,,61733259856,Subscriber,,APAC,Tnm,user,,,,TRUE,
api.interfaces.records.teams.microsoft.com,b7905bef-ddb1-4aa3-9fe9-ebd35e6793ac,FALSE,Activated,,0e2782cb-987c-4ca1-916d-b53c9ed6eb61,APAC-AU-ALL-QLD_BR,,61733259857,Subscriber,,APAC,Tnm,user,,,,TRUE,
api.interfaces.records.teams.microsoft.com,b7905bef-ddb1-4aa3-9fe9-ebd35e6793ac,FALSE,Activated,,0e2782cb-987c-4ca1-916d-b53c9ed6eb61,APAC-AU-ALL-QLD_BR,,61733259858,Subscriber,,APAC,Tnm,user,,,,TRUE,
api.interfaces.records.teams.microsoft.com,b7905bef-ddb1-4aa3-9fe9-ebd35e6793ac,FALSE,Activated,,0e2782cb-987c-4ca1-916d-b53c9ed6eb61,APAC-AU-ALL-QLD_BR,,61733259859,Subscriber,,APAC,Tnm,,,,,TRUE,
api.interfaces.records.teams.microsoft.com,b7905bef-ddb1-4aa3-9fe9-ebd35e6793ac,FALSE,Activated,,0e2782cb-987c-4ca1-916d-b53c9ed6eb61,APAC-AU-ALL-QLD_BR,,61733259860,Subscriber,,APAC,Tnm,,,,,TRUE,
api.interfaces.records.teams.microsoft.com,b7905bef-ddb1-4aa3-9fe9-ebd35e6793ac,FALSE,Activated,,0e2782cb-987c-4ca1-916d-b53c9ed6eb61,APAC-AU-ALL-QLD_BR,,61733259861,Subscriber,,APAC,Tnm,,,,,TRUE,
api.interfaces.records.teams.microsoft.com,b7905bef-ddb1-4aa3-9fe9-ebd35e6793ac,FALSE,Activated,,0e2782cb-987c-4ca1-916d-b53c9ed6eb61,APAC-AU-ALL-QLD_BR,,61733259862,Subscriber,,APAC,Tnm,,,,,TRUE,
api.interfaces.records.teams.microsoft.com,b7905bef-ddb1-4aa3-9fe9-ebd35e6793ac,FALSE,Activated,,0e2782cb-987c-4ca1-916d-b53c9ed6eb61,APAC-AU-ALL-QLD_BR,,61733259863,Subscriber,,APAC,Tnm,,,,,TRUE,
api.interfaces.records.teams.microsoft.com,b7905bef-ddb1-4aa3-9fe9-ebd35e6793ac,FALSE,Activated,,0e2782cb-987c-4ca1-916d-b53c9ed6eb61,APAC-AU-ALL-QLD_BR,,61733259864,Subscriber,,APAC,Tnm,,,,,TRUE,
api.interfaces.records.teams.microsoft.com,b7905bef-ddb1-4aa3-9fe9-ebd35e6793ac,FALSE,Activated,,0e2782cb-987c-4ca1-916d-b53c9ed6eb61,APAC-AU-ALL-QLD_BR,,61733259865,Subscriber,,APAC,Tnm,,,,,TRUE,
api.interfaces.records.teams.microsoft.com,b7905bef-ddb1-4aa3-9fe9-ebd35e6793ac,FALSE,Activated,,0e2782cb-987c-4ca1-916d-b53c9ed6eb61,APAC-AU-ALL-QLD_BR,,61733259866,Subscriber,,APAC,Tnm,,,,,TRUE,
api.interfaces.records.teams.microsoft.com,b7905bef-ddb1-4aa3-9fe9-ebd35e6793ac,FALSE,Activated,,0e2782cb-987c-4ca1-916d-b53c9ed6eb61,APAC-AU-ALL-QLD_BR,,61733259867,Subscriber,,APAC,Tnm,,,,,TRUE,
api.interfaces.records.teams.microsoft.com,b7905bef-ddb1-4aa3-9fe9-ebd35e6793ac,FALSE,Activated,,0e2782cb-987c-4ca1-916d-b53c9ed6eb61,APAC-AU-ALL-QLD_BR,,61733259868,Subscriber,,APAC,Tnm,,,,,TRUE,
api.interfaces.records.teams.microsoft.com,b7905bef-ddb1-4aa3-9fe9-ebd35e6793ac,FALSE,Activated,,0e2782cb-987c-4ca1-916d-b53c9ed6eb61,APAC-AU-ALL-QLD_BR,,61733259869,Subscriber,,APAC,Tnm,,,,,TRUE,
api.interfaces.records.teams.microsoft.com,b7905bef-ddb1-4aa3-9fe9-ebd35e6793ac,FALSE,Activated,,0e2782cb-987c-4ca1-916d-b53c9ed6eb61,APAC-AU-ALL-QLD_BR,,61733259870,Subscriber,,APAC,Tnm,,,,,TRUE,
api.interfaces.records.teams.microsoft.com,b7905bef-ddb1-4aa3-9fe9-ebd35e6793ac,FALSE,Activated,,0e2782cb-987c-4ca1-916d-b53c9ed6eb61,APAC-AU-ALL-QLD_BR,,61733259871,Subscriber,,APAC,Tnm,,,,,TRUE,
api.interfaces.records.teams.microsoft.com,b7905bef-ddb1-4aa3-9fe9-ebd35e6793ac,FALSE,Activated,,0e2782cb-987c-4ca1-916d-b53c9ed6eb61,APAC-AU-ALL-QLD_BR,,61733259872,Subscriber,,APAC,Tnm,,,,,TRUE,
api.interfaces.records.teams.microsoft.com,b7905bef-ddb1-4aa3-9fe9-ebd35e6793ac,FALSE,Activated,,0e2782cb-987c-4ca1-916d-b53c9ed6eb61,APAC-AU-ALL-QLD_BR,,61733259873,Subscriber,,APAC,Tnm,,,,,TRUE,
api.interfaces.records.teams.microsoft.com,b7905bef-ddb1-4aa3-9fe9-ebd35e6793ac,FALSE,Activated,,0e2782cb-987c-4ca1-916d-b53c9ed6eb61,APAC-AU-ALL-QLD_BR,,61733259874,Subscriber,,APAC,Tnm,,,,,TRUE,
api.interfaces.records.teams.microsoft.com,b7905bef-ddb1-4aa3-9fe9-ebd35e6793ac,FALSE,Activated,,0e2782cb-987c-4ca1-916d-b53c9ed6eb61,APAC-AU-ALL-QLD_BR,,61733259875,Subscriber,,APAC,Tnm,,,,,TRUE,
api.interfaces.records.teams.microsoft.com,b7905bef-ddb1-4aa3-9fe9-ebd35e6793ac,FALSE,Activated,,0e2782cb-987c-4ca1-916d-b53c9ed6eb61,APAC-AU-ALL-QLD_BR,,61733259876,Subscriber,,APAC,Tnm,,,,,TRUE,
api.interfaces.records.teams.microsoft.com,b7905bef-ddb1-4aa3-9fe9-ebd35e6793ac,FALSE,Activated,,0e2782cb-987c-4ca1-916d-b53c9ed6eb61,APAC-AU-ALL-QLD_BR,,61733259877,Subscriber,,APAC,Tnm,,,,,TRUE,
api.interfaces.records.teams.microsoft.com,b7905bef-ddb1-4aa3-9fe9-ebd35e6793ac,FALSE,Activated,,0e2782cb-987c-4ca1-916d-b53c9ed6eb61,APAC-AU-ALL-QLD_BR,,61733259878,Subscriber,,APAC,Tnm,,,,,TRUE,
api.interfaces.records.teams.microsoft.com,b7905bef-ddb1-4aa3-9fe9-ebd35e6793ac,FALSE,Activated,,0e2782cb-987c-4ca1-916d-b53c9ed6eb61,APAC-AU-ALL-QLD_BR,,61733259879,Subscriber,,APAC,Tnm,,,,,TRUE,
api.interfaces.records.teams.microsoft.com,b7905bef-ddb1-4aa3-9fe9-ebd35e6793ac,FALSE,Activated,,0e2782cb-987c-4ca1-916d-b53c9ed6eb61,APAC-AU-ALL-QLD_BR,,61733259880,Subscriber,,APAC,Tnm,,,,,TRUE,
api.interfaces.records.teams.microsoft.com,b7905bef-ddb1-4aa3-9fe9-ebd35e6793ac,FALSE,Activated,,0e2782cb-987c-4ca1-916d-b53c9ed6eb61,APAC-AU-ALL-QLD_BR,,61733259881,Subscriber,,APAC,Tnm,,,,,TRUE,
api.interfaces.records.teams.microsoft.com,b7905bef-ddb1-4aa3-9fe9-ebd35e6793ac,FALSE,Activated,,0e2782cb-987c-4ca1-916d-b53c9ed6eb61,APAC-AU-ALL-QLD_BR,,61733259882,Subscriber,,APAC,Tnm,,,,,TRUE,
api.interfaces.records.teams.microsoft.com,b7905bef-ddb1-4aa3-9fe9-ebd35e6793ac,FALSE,Activated,,0e2782cb-987c-4ca1-916d-b53c9ed6eb61,APAC-AU-ALL-QLD_BR,,61733259883,Subscriber,,APAC,Tnm,,,,,TRUE,
api.interfaces.records.teams.microsoft.com,b7905bef-ddb1-4aa3-9fe9-ebd35e6793ac,FALSE,Activated,,0e2782cb-987c-4ca1-916d-b53c9ed6eb61,APAC-AU-ALL-QLD_BR,,61733259884,Subscriber,,APAC,Tnm,,,,,TRUE,
api.interfaces.records.teams.microsoft.com,b7905bef-ddb1-4aa3-9fe9-ebd35e6793ac,FALSE,Activated,,0e2782cb-987c-4ca1-916d-b53c9ed6eb61,APAC-AU-ALL-QLD_BR,,61733259885,Subscriber,,APAC,Tnm,,,,,TRUE,
api.interfaces.records.teams.microsoft.com,b7905bef-ddb1-4aa3-9fe9-ebd35e6793ac,FALSE,Activated,,0e2782cb-987c-4ca1-916d-b53c9ed6eb61,APAC-AU-ALL-QLD_BR,,61733259886,Subscriber,,APAC,Tnm,,,,,TRUE,
api.interfaces.records.teams.microsoft.com,b7905bef-ddb1-4aa3-9fe9-ebd35e6793ac,FALSE,Activated,,0e2782cb-987c-4ca1-916d-b53c9ed6eb61,APAC-AU-ALL-QLD_BR,,61733259887,Subscriber,,APAC,Tnm,,,,,TRUE,
api.interfaces.records.teams.microsoft.com,b7905bef-ddb1-4aa3-9fe9-ebd35e6793ac,FALSE,Activated,,0e2782cb-987c-4ca1-916d-b53c9ed6eb61,APAC-AU-ALL-QLD_BR,,61733259888,Subscriber,,APAC,Tnm,,,,,TRUE,
api.interfaces.records.teams.microsoft.com,b7905bef-ddb1-4aa3-9fe9-ebd35e6793ac,FALSE,Activated,,0e2782cb-987c-4ca1-916d-b53c9ed6eb61,APAC-AU-ALL-QLD_BR,,61733259889,Subscriber,,APAC,Tnm,,,,,TRUE,
api.interfaces.records.teams.microsoft.com,b7905bef-ddb1-4aa3-9fe9-ebd35e6793ac,FALSE,Activated,,0e2782cb-987c-4ca1-916d-b53c9ed6eb61,APAC-AU-ALL-QLD_BR,,61733259890,Subscriber,,APAC,Tnm,,,,,TRUE,
api.interfaces.records.teams.microsoft.com,b7905bef-ddb1-4aa3-9fe9-ebd35e6793ac,FALSE,Activated,,0e2782cb-987c-4ca1-916d-b53c9ed6eb61,APAC-AU-ALL-QLD_BR,,61733259891,Subscriber,,APAC,Tnm,,,,,TRUE,
api.interfaces.records.teams.microsoft.com,b7905bef-ddb1-4aa3-9fe9-ebd35e6793ac,FALSE,Activated,,0e2782cb-987c-4ca1-916d-b53c9ed6eb61,APAC-AU-ALL-QLD_BR,,61733259892,Subscriber,,APAC,Tnm,,,,,TRUE,
api.interfaces.records.teams.microsoft.com,b7905bef-ddb1-4aa3-9fe9-ebd35e6793ac,FALSE,Activated,,0e2782cb-987c-4ca1-916d-b53c9ed6eb61,APAC-AU-ALL-QLD_BR,,61733259893,Subscriber,,APAC,Tnm,,,,,TRUE,
api.interfaces.records.teams.microsoft.com,b7905bef-ddb1-4aa3-9fe9-ebd35e6793ac,FALSE,Activated,,0e2782cb-987c-4ca1-916d-b53c9ed6eb61,APAC-AU-ALL-QLD_BR,,61733259894,Subscriber,,APAC,Tnm,,,,,TRUE,
api.interfaces.records.teams.microsoft.com,b7905bef-ddb1-4aa3-9fe9-ebd35e6793ac,FALSE,Activated,,0e2782cb-987c-4ca1-916d-b53c9ed6eb61,APAC-AU-ALL-QLD_BR,,61733259895,Subscriber,,APAC,Tnm,,,,,TRUE,
api.interfaces.records.teams.microsoft.com,b7905bef-ddb1-4aa3-9fe9-ebd35e6793ac,FALSE,Activated,,0e2782cb-987c-4ca1-916d-b53c9ed6eb61,APAC-AU-ALL-QLD_BR,,61733259896,Subscriber,,APAC,Tnm,,,,,TRUE,
api.interfaces.records.teams.microsoft.com,b7905bef-ddb1-4aa3-9fe9-ebd35e6793ac,FALSE,Activated,,0e2782cb-987c-4ca1-916d-b53c9ed6eb61,APAC-AU-ALL-QLD_BR,,61733259897,Subscriber,,APAC,Tnm,,,,,TRUE,
api.interfaces.records.teams.microsoft.com,b7905bef-ddb1-4aa3-9fe9-ebd35e6793ac,FALSE,Activated,,0e2782cb-987c-4ca1-916d-b53c9ed6eb61,APAC-AU-ALL-QLD_BR,,61733259898,Subscriber,,APAC,Tnm,,,,,TRUE,
api.interfaces.records.teams.microsoft.com,b7905bef-ddb1-4aa3-9fe9-ebd35e6793ac,FALSE,Activated,,0e2782cb-987c-4ca1-916d-b53c9ed6eb61,APAC-AU-ALL-QLD_BR,,61733259899,Subscriber,,APAC,Tnm,,,,,TRUE,
api.interfaces.records.teams.microsoft.com,b7905bef-ddb1-4aa3-9fe9-ebd35e6793ac,FALSE,Activated,,0e2782cb-987c-4ca1-916d-b53c9ed6eb61,APAC-AU-ALL-QLD_CB,NGC-Bot,61752313900,Service,,APAC,Tnm,ucap,,,,TRUE,
api.interfaces.records.teams.microsoft.com,b7905bef-ddb1-4aa3-9fe9-ebd35e6793ac,FALSE,Activated,,0e2782cb-987c-4ca1-916d-b53c9ed6eb61,APAC-AU-ALL-QLD_CB,NGC-Bot,61752313901,Service,,APAC,Tnm,ucap,,,,TRUE,
api.interfaces.records.teams.microsoft.com,b7905bef-ddb1-4aa3-9fe9-ebd35e6793ac,FALSE,Activated,,0e2782cb-987c-4ca1-916d-b53c9ed6eb61,APAC-AU-ALL-QLD_CB,NGC-Bot,61752313902,Service,,APAC,Tnm,ucap,,,,TRUE,
api.interfaces.records.teams.microsoft.com,b7905bef-ddb1-4aa3-9fe9-ebd35e6793ac,FALSE,Activated,,0e2782cb-987c-4ca1-916d-b53c9ed6eb61,APAC-AU-ALL-QLD_CB,NGC-Bot,61752313903,Service,,APAC,Tnm,ucap,,,,TRUE,
api.interfaces.records.teams.microsoft.com,b7905bef-ddb1-4aa3-9fe9-ebd35e6793ac,FALSE,Activated,,0e2782cb-987c-4ca1-916d-b53c9ed6eb61,APAC-AU-ALL-QLD_CB,NGC-Bot,61752313904,Service,,APAC,Tnm,ucap,,,,TRUE,
api.interfaces.records.teams.microsoft.com,b7905bef-ddb1-4aa3-9fe9-ebd35e6793ac,FALSE,Activated,,0e2782cb-987c-4ca1-916d-b53c9ed6eb61,APAC-AU-ALL-QLD_CB,,61752313905,Service,,APAC,Tnm,,,,,TRUE,
api.interfaces.records.teams.microsoft.com,b7905bef-ddb1-4aa3-9fe9-ebd35e6793ac,FALSE,Activated,,0e2782cb-987c-4ca1-916d-b53c9ed6eb61,APAC-AU-ALL-QLD_CB,,61752313906,Service,,APAC,Tnm,,,,,TRUE,
api.interfaces.records.teams.microsoft.com,b7905bef-ddb1-4aa3-9fe9-ebd35e6793ac,FALSE,Activated,,0e2782cb-987c-4ca1-916d-b53c9ed6eb61,APAC-AU-ALL-QLD_CB,,61752313907,Service,,APAC,Tnm,,,,,TRUE,
api.interfaces.records.teams.microsoft.com,b7905bef-ddb1-4aa3-9fe9-ebd35e6793ac,FALSE,Activated,,0e2782cb-987c-4ca1-916d-b53c9ed6eb61,APAC-AU-ALL-QLD_CB,,61752313908,Service,,APAC,Tnm,,,,,TRUE,
api.interfaces.records.teams.microsoft.com,b7905bef-ddb1-4aa3-9fe9-ebd35e6793ac,FALSE,Activated,,0e2782cb-987c-4ca1-916d-b53c9ed6eb61,APAC-AU-ALL-QLD_CB,,61752313909,Service,,APAC,Tnm,,,,,TRUE,
api.interfaces.records.teams.microsoft.com,b7905bef-ddb1-4aa3-9fe9-ebd35e6793ac,FALSE,Activated,,0e2782cb-987c-4ca1-916d-b53c9ed6eb61,APAC-AU-ALL-QLD_CB,,61752313910,Service,,APAC,Tnm,,,,,TRUE,
api.interfaces.records.teams.microsoft.com,b7905bef-ddb1-4aa3-9fe9-ebd35e6793ac,FALSE,Activated,,0e2782cb-987c-4ca1-916d-b53c9ed6eb61,APAC-AU-ALL-QLD_CB,,61752313911,Service,,APAC,Tnm,,,,,TRUE,
api.interfaces.records.teams.microsoft.com,b7905bef-ddb1-4aa3-9fe9-ebd35e6793ac,FALSE,Activated,,0e2782cb-987c-4ca1-916d-b53c9ed6eb61,APAC-AU-ALL-QLD_CB,,61752313912,Service,,APAC,Tnm,,,,,TRUE,
api.interfaces.records.teams.microsoft.com,b7905bef-ddb1-4aa3-9fe9-ebd35e6793ac,FALSE,Activated,,0e2782cb-987c-4ca1-916d-b53c9ed6eb61,APAC-AU-ALL-QLD_CB,,61752313913,Service,,APAC,Tnm,,,,,TRUE,
api.interfaces.records.teams.microsoft.com,b7905bef-ddb1-4aa3-9fe9-ebd35e6793ac,FALSE,Activated,,0e2782cb-987c-4ca1-916d-b53c9ed6eb61,APAC-AU-ALL-QLD_CB,NGC-Bot,61752313914,Service,,APAC,Tnm,ucap,,,,TRUE,
api.interfaces.records.teams.microsoft.com,b7905bef-ddb1-4aa3-9fe9-ebd35e6793ac,FALSE,Activated,,0e2782cb-987c-4ca1-916d-b53c9ed6eb61,APAC-AU-ALL-QLD_CB,,61752313915,Subscriber,,APAC,Tnm,,,,,TRUE,
api.interfaces.records.teams.microsoft.com,b7905bef-ddb1-4aa3-9fe9-ebd35e6793ac,FALSE,Activated,,0e2782cb-987c-4ca1-916d-b53c9ed6eb61,APAC-AU-ALL-QLD_CB,,61752313916,Subscriber,,APAC,Tnm,,,,,TRUE,
api.interfaces.records.teams.microsoft.com,b7905bef-ddb1-4aa3-9fe9-ebd35e6793ac,FALSE,Activated,,0e2782cb-987c-4ca1-916d-b53c9ed6eb61,APAC-AU-ALL-QLD_CB,,61752313917,Subscriber,,APAC,Tnm,,,,,TRUE,
api.interfaces.records.teams.microsoft.com,b7905bef-ddb1-4aa3-9fe9-ebd35e6793ac,FALSE,Activated,,0e2782cb-987c-4ca1-916d-b53c9ed6eb61,APAC-AU-ALL-QLD_CB,,61752313918,Subscriber,,APAC,Tnm,,,,,TRUE,
api.interfaces.records.teams.microsoft.com,b7905bef-ddb1-4aa3-9fe9-ebd35e6793ac,FALSE,Activated,,0e2782cb-987c-4ca1-916d-b53c9ed6eb61,APAC-AU-ALL-QLD_CB,,61752313919,Subscriber,,APAC,Tnm,,,,,TRUE,
api.interfaces.records.teams.microsoft.com,b7905bef-ddb1-4aa3-9fe9-ebd35e6793ac,FALSE,Activated,,0e2782cb-987c-4ca1-916d-b53c9ed6eb61,APAC-AU-ALL-QLD_CB,,61752313920,Subscriber,,APAC,Tnm,,,,,TRUE,
api.interfaces.records.teams.microsoft.com,b7905bef-ddb1-4aa3-9fe9-ebd35e6793ac,FALSE,Activated,,0e2782cb-987c-4ca1-916d-b53c9ed6eb61,APAC-AU-ALL-QLD_CB,,61752313921,Subscriber,,APAC,Tnm,,,,,TRUE,
api.interfaces.records.teams.microsoft.com,b7905bef-ddb1-4aa3-9fe9-ebd35e6793ac,FALSE,Activated,,0e2782cb-987c-4ca1-916d-b53c9ed6eb61,APAC-AU-ALL-QLD_CB,,61752313922,Subscriber,,APAC,Tnm,,,,,TRUE,
api.interfaces.records.teams.microsoft.com,b7905bef-ddb1-4aa3-9fe9-ebd35e6793ac,FALSE,Activated,,0e2782cb-987c-4ca1-916d-b53c9ed6eb61,APAC-AU-ALL-QLD_CB,,61752313923,Subscriber,,APAC,Tnm,,,,,TRUE,
api.interfaces.records.teams.microsoft.com,b7905bef-ddb1-4aa3-9fe9-ebd35e6793ac,FALSE,Activated,,0e2782cb-987c-4ca1-916d-b53c9ed6eb61,APAC-AU-ALL-QLD_CB,,61752313924,Subscriber,,APAC,Tnm,,,,,TRUE,
api.interfaces.records.teams.microsoft.com,b7905bef-ddb1-4aa3-9fe9-ebd35e6793ac,FALSE,Activated,,0e2782cb-987c-4ca1-916d-b53c9ed6eb61,APAC-AU-ALL-QLD_CB,,61752313925,Subscriber,,APAC,Tnm,,,,,TRUE,
api.interfaces.records.teams.microsoft.com,b7905bef-ddb1-4aa3-9fe9-ebd35e6793ac,FALSE,Activated,,0e2782cb-987c-4ca1-916d-b53c9ed6eb61,APAC-AU-ALL-QLD_CB,,61752313926,Subscriber,,APAC,Tnm,,,,,TRUE,
api.interfaces.records.teams.microsoft.com,b7905bef-ddb1-4aa3-9fe9-ebd35e6793ac,FALSE,Activated,,0e2782cb-987c-4ca1-916d-b53c9ed6eb61,APAC-AU-ALL-QLD_CB,,61752313927,Subscriber,,APAC,Tnm,,,,,TRUE,
api.interfaces.records.teams.microsoft.com,b7905bef-ddb1-4aa3-9fe9-ebd35e6793ac,FALSE,Activated,,0e2782cb-987c-4ca1-916d-b53c9ed6eb61,APAC-AU-ALL-QLD_CB,,61752313928,Subscriber,,APAC,Tnm,,,,,TRUE,
api.interfaces.records.teams.microsoft.com,b7905bef-ddb1-4aa3-9fe9-ebd35e6793ac,FALSE,Activated,,0e2782cb-987c-4ca1-916d-b53c9ed6eb61,APAC-AU-ALL-QLD_CB,,61752313929,Subscriber,,APAC,Tnm,,,,,TRUE,
api.interfaces.records.teams.microsoft.com,b7905bef-ddb1-4aa3-9fe9-ebd35e6793ac,FALSE,Activated,,0e2782cb-987c-4ca1-916d-b53c9ed6eb61,APAC-AU-ALL-QLD_CB,,61752313930,Subscriber,,APAC,Tnm,,,,,TRUE,
api.interfaces.records.teams.microsoft.com,b7905bef-ddb1-4aa3-9fe9-ebd35e6793ac,FALSE,Activated,,0e2782cb-987c-4ca1-916d-b53c9ed6eb61,APAC-AU-ALL-QLD_CB,,61752313931,Subscriber,,APAC,Tnm,,,,,TRUE,
api.interfaces.records.teams.microsoft.com,b7905bef-ddb1-4aa3-9fe9-ebd35e6793ac,FALSE,Activated,,0e2782cb-987c-4ca1-916d-b53c9ed6eb61,APAC-AU-ALL-QLD_CB,,61752313932,Subscriber,,APAC,Tnm,,,,,TRUE,
api.interfaces.records.teams.microsoft.com,b7905bef-ddb1-4aa3-9fe9-ebd35e6793ac,FALSE,Activated,,0e2782cb-987c-4ca1-916d-b53c9ed6eb61,APAC-AU-ALL-QLD_CB,,61752313933,Subscriber,,APAC,Tnm,,,,,TRUE,
api.interfaces.records.teams.microsoft.com,b7905bef-ddb1-4aa3-9fe9-ebd35e6793ac,FALSE,Activated,,0e2782cb-987c-4ca1-916d-b53c9ed6eb61,APAC-AU-ALL-QLD_CB,,61752313934,Subscriber,,APAC,Tnm,,,,,TRUE,
api.interfaces.records.teams.microsoft.com,b7905bef-ddb1-4aa3-9fe9-ebd35e6793ac,FALSE,Activated,,0e2782cb-987c-4ca1-916d-b53c9ed6eb61,APAC-AU-ALL-QLD_CB,,61752313935,Subscriber,,APAC,Tnm,,,,,TRUE,
api.interfaces.records.teams.microsoft.com,b7905bef-ddb1-4aa3-9fe9-ebd35e6793ac,FALSE,Activated,,0e2782cb-987c-4ca1-916d-b53c9ed6eb61,APAC-AU-ALL-QLD_CB,,61752313936,Subscriber,,APAC,Tnm,,,,,TRUE,
api.interfaces.records.teams.microsoft.com,b7905bef-ddb1-4aa3-9fe9-ebd35e6793ac,FALSE,Activated,,0e2782cb-987c-4ca1-916d-b53c9ed6eb61,APAC-AU-ALL-QLD_CB,,61752313937,Subscriber,,APAC,Tnm,,,,,TRUE,
api.interfaces.records.teams.microsoft.com,b7905bef-ddb1-4aa3-9fe9-ebd35e6793ac,FALSE,Activated,,0e2782cb-987c-4ca1-916d-b53c9ed6eb61,APAC-AU-ALL-QLD_CB,,61752313938,Subscriber,,APAC,Tnm,,,,,TRUE,
api.interfaces.records.teams.microsoft.com,b7905bef-ddb1-4aa3-9fe9-ebd35e6793ac,FALSE,Activated,,0e2782cb-987c-4ca1-916d-b53c9ed6eb61,APAC-AU-ALL-QLD_CB,,61752313939,Subscriber,,APAC,Tnm,,,,,TRUE,
api.interfaces.records.teams.microsoft.com,b7905bef-ddb1-4aa3-9fe9-ebd35e6793ac,FALSE,Activated,,0e2782cb-987c-4ca1-916d-b53c9ed6eb61,APAC-AU-ALL-QLD_CB,,61752313940,Subscriber,,APAC,Tnm,,,,,TRUE,
api.interfaces.records.teams.microsoft.com,b7905bef-ddb1-4aa3-9fe9-ebd35e6793ac,FALSE,Activated,,0e2782cb-987c-4ca1-916d-b53c9ed6eb61,APAC-AU-ALL-QLD_CB,,61752313941,Subscriber,,APAC,Tnm,,,,,TRUE,
api.interfaces.records.teams.microsoft.com,b7905bef-ddb1-4aa3-9fe9-ebd35e6793ac,FALSE,Activated,,0e2782cb-987c-4ca1-916d-b53c9ed6eb61,APAC-AU-ALL-QLD_CB,,61752313942,Subscriber,,APAC,Tnm,,,,,TRUE,
api.interfaces.records.teams.microsoft.com,b7905bef-ddb1-4aa3-9fe9-ebd35e6793ac,FALSE,Activated,,0e2782cb-987c-4ca1-916d-b53c9ed6eb61,APAC-AU-ALL-QLD_CB,,61752313943,Subscriber,,APAC,Tnm,,,,,TRUE,
api.interfaces.records.teams.microsoft.com,b7905bef-ddb1-4aa3-9fe9-ebd35e6793ac,FALSE,Activated,,0e2782cb-987c-4ca1-916d-b53c9ed6eb61,APAC-AU-ALL-QLD_CB,,61752313944,Subscriber,,APAC,Tnm,,,,,TRUE,
api.interfaces.records.teams.microsoft.com,b7905bef-ddb1-4aa3-9fe9-ebd35e6793ac,FALSE,Activated,,0e2782cb-987c-4ca1-916d-b53c9ed6eb61,APAC-AU-ALL-QLD_CB,,61752313945,Subscriber,,APAC,Tnm,,,,,TRUE,
api.interfaces.records.teams.microsoft.com,b7905bef-ddb1-4aa3-9fe9-ebd35e6793ac,FALSE,Activated,,0e2782cb-987c-4ca1-916d-b53c9ed6eb61,APAC-AU-ALL-QLD_CB,,61752313946,Subscriber,,APAC,Tnm,,,,,TRUE,
api.interfaces.records.teams.microsoft.com,b7905bef-ddb1-4aa3-9fe9-ebd35e6793ac,FALSE,Activated,,0e2782cb-987c-4ca1-916d-b53c9ed6eb61,APAC-AU-ALL-QLD_CB,,61752313947,Subscriber,,APAC,Tnm,,,,,TRUE,
api.interfaces.records.teams.microsoft.com,b7905bef-ddb1-4aa3-9fe9-ebd35e6793ac,FALSE,Activated,,0e2782cb-987c-4ca1-916d-b53c9ed6eb61,APAC-AU-ALL-QLD_CB,,61752313948,Subscriber,,APAC,Tnm,,,,,TRUE,
api.interfaces.records.teams.microsoft.com,b7905bef-ddb1-4aa3-9fe9-ebd35e6793ac,FALSE,Activated,,0e2782cb-987c-4ca1-916d-b53c9ed6eb61,APAC-AU-ALL-QLD_CB,,61752313949,Subscriber,,APAC,Tnm,,,,,TRUE,
api.interfaces.records.teams.microsoft.com,b7905bef-ddb1-4aa3-9fe9-ebd35e6793ac,FALSE,Activated,,0e2782cb-987c-4ca1-916d-b53c9ed6eb61,APAC-AU-ALL-QLD_CB,,61752313950,Subscriber,,APAC,Tnm,,,,,TRUE,
api.interfaces.records.teams.microsoft.com,b7905bef-ddb1-4aa3-9fe9-ebd35e6793ac,FALSE,Activated,,0e2782cb-987c-4ca1-916d-b53c9ed6eb61,APAC-AU-ALL-QLD_CB,,61752313951,Subscriber,,APAC,Tnm,,,,,TRUE,
api.interfaces.records.teams.microsoft.com,b7905bef-ddb1-4aa3-9fe9-ebd35e6793ac,FALSE,Activated,,0e2782cb-987c-4ca1-916d-b53c9ed6eb61,APAC-AU-ALL-QLD_CB,,61752313952,Subscriber,,APAC,Tnm,,,,,TRUE,
api.interfaces.records.teams.microsoft.com,b7905bef-ddb1-4aa3-9fe9-ebd35e6793ac,FALSE,Activated,,0e2782cb-987c-4ca1-916d-b53c9ed6eb61,APAC-AU-ALL-QLD_CB,,61752313953,Subscriber,,APAC,Tnm,,,,,TRUE,
api.interfaces.records.teams.microsoft.com,b7905bef-ddb1-4aa3-9fe9-ebd35e6793ac,FALSE,Activated,,0e2782cb-987c-4ca1-916d-b53c9ed6eb61,APAC-AU-ALL-QLD_CB,,61752313954,Subscriber,,APAC,Tnm,,,,,TRUE,
api.interfaces.records.teams.microsoft.com,b7905bef-ddb1-4aa3-9fe9-ebd35e6793ac,FALSE,Activated,,0e2782cb-987c-4ca1-916d-b53c9ed6eb61,APAC-AU-ALL-QLD_CB,,61752313955,Subscriber,,APAC,Tnm,,,,,TRUE,
api.interfaces.records.teams.microsoft.com,b7905bef-ddb1-4aa3-9fe9-ebd35e6793ac,FALSE,Activated,,0e2782cb-987c-4ca1-916d-b53c9ed6eb61,APAC-AU-ALL-QLD_CB,,61752313956,Subscriber,,APAC,Tnm,,,,,TRUE,
api.interfaces.records.teams.microsoft.com,b7905bef-ddb1-4aa3-9fe9-ebd35e6793ac,FALSE,Activated,,0e2782cb-987c-4ca1-916d-b53c9ed6eb61,APAC-AU-ALL-QLD_CB,,61752313957,Subscriber,,APAC,Tnm,,,,,TRUE,
api.interfaces.records.teams.microsoft.com,b7905bef-ddb1-4aa3-9fe9-ebd35e6793ac,FALSE,Activated,,0e2782cb-987c-4ca1-916d-b53c9ed6eb61,APAC-AU-ALL-QLD_CB,,61752313958,Subscriber,,APAC,Tnm,,,,,TRUE,
api.interfaces.records.teams.microsoft.com,b7905bef-ddb1-4aa3-9fe9-ebd35e6793ac,FALSE,Activated,,0e2782cb-987c-4ca1-916d-b53c9ed6eb61,APAC-AU-ALL-QLD_CB,,61752313959,Subscriber,,APAC,Tnm,,,,,TRUE,
api.interfaces.records.teams.microsoft.com,b7905bef-ddb1-4aa3-9fe9-ebd35e6793ac,FALSE,Activated,,0e2782cb-987c-4ca1-916d-b53c9ed6eb61,APAC-AU-ALL-QLD_CB,,61752313960,Subscriber,,APAC,Tnm,,,,,TRUE,
api.interfaces.records.teams.microsoft.com,b7905bef-ddb1-4aa3-9fe9-ebd35e6793ac,FALSE,Activated,,0e2782cb-987c-4ca1-916d-b53c9ed6eb61,APAC-AU-ALL-QLD_CB,,61752313961,Subscriber,,APAC,Tnm,,,,,TRUE,
api.interfaces.records.teams.microsoft.com,b7905bef-ddb1-4aa3-9fe9-ebd35e6793ac,FALSE,Activated,,0e2782cb-987c-4ca1-916d-b53c9ed6eb61,APAC-AU-ALL-QLD_CB,,61752313962,Subscriber,,APAC,Tnm,,,,,TRUE,
api.interfaces.records.teams.microsoft.com,b7905bef-ddb1-4aa3-9fe9-ebd35e6793ac,FALSE,Activated,,0e2782cb-987c-4ca1-916d-b53c9ed6eb61,APAC-AU-ALL-QLD_CB,,61752313963,Subscriber,,APAC,Tnm,,,,,TRUE,
api.interfaces.records.teams.microsoft.com,b7905bef-ddb1-4aa3-9fe9-ebd35e6793ac,FALSE,Activated,,0e2782cb-987c-4ca1-916d-b53c9ed6eb61,APAC-AU-ALL-QLD_CB,,61752313964,Subscriber,,APAC,Tnm,,,,,TRUE,
api.interfaces.records.teams.microsoft.com,b7905bef-ddb1-4aa3-9fe9-ebd35e6793ac,FALSE,Activated,,0e2782cb-987c-4ca1-916d-b53c9ed6eb61,APAC-AU-ALL-QLD_CB,,61752313965,Subscriber,,APAC,Tnm,,,,,TRUE,
api.interfaces.records.teams.microsoft.com,b7905bef-ddb1-4aa3-9fe9-ebd35e6793ac,FALSE,Activated,,0e2782cb-987c-4ca1-916d-b53c9ed6eb61,APAC-AU-ALL-QLD_CB,,61752313966,Subscriber,,APAC,Tnm,,,,,TRUE,
api.interfaces.records.teams.microsoft.com,b7905bef-ddb1-4aa3-9fe9-ebd35e6793ac,FALSE,Activated,,0e2782cb-987c-4ca1-916d-b53c9ed6eb61,APAC-AU-ALL-QLD_CB,,61752313967,Subscriber,,APAC,Tnm,,,,,TRUE,
api.interfaces.records.teams.microsoft.com,b7905bef-ddb1-4aa3-9fe9-ebd35e6793ac,FALSE,Activated,,0e2782cb-987c-4ca1-916d-b53c9ed6eb61,APAC-AU-ALL-QLD_CB,,61752313968,Subscriber,,APAC,Tnm,,,,,TRUE,
api.interfaces.records.teams.microsoft.com,b7905bef-ddb1-4aa3-9fe9-ebd35e6793ac,FALSE,Activated,,0e2782cb-987c-4ca1-916d-b53c9ed6eb61,APAC-AU-ALL-QLD_CB,,61752313969,Subscriber,,APAC,Tnm,,,,,TRUE,
api.interfaces.records.teams.microsoft.com,b7905bef-ddb1-4aa3-9fe9-ebd35e6793ac,FALSE,Activated,,0e2782cb-987c-4ca1-916d-b53c9ed6eb61,APAC-AU-ALL-QLD_CB,,61752313970,Subscriber,,APAC,Tnm,,,,,TRUE,
api.interfaces.records.teams.microsoft.com,b7905bef-ddb1-4aa3-9fe9-ebd35e6793ac,FALSE,Activated,,0e2782cb-987c-4ca1-916d-b53c9ed6eb61,APAC-AU-ALL-QLD_CB,,61752313971,Subscriber,,APAC,Tnm,,,,,TRUE,
api.interfaces.records.teams.microsoft.com,b7905bef-ddb1-4aa3-9fe9-ebd35e6793ac,FALSE,Activated,,0e2782cb-987c-4ca1-916d-b53c9ed6eb61,APAC-AU-ALL-QLD_CB,,61752313972,Subscriber,,APAC,Tnm,,,,,TRUE,
api.interfaces.records.teams.microsoft.com,b7905bef-ddb1-4aa3-9fe9-ebd35e6793ac,FALSE,Activated,,0e2782cb-987c-4ca1-916d-b53c9ed6eb61,APAC-AU-ALL-QLD_CB,,61752313973,Subscriber,,APAC,Tnm,,,,,TRUE,
api.interfaces.records.teams.microsoft.com,b7905bef-ddb1-4aa3-9fe9-ebd35e6793ac,FALSE,Activated,,0e2782cb-987c-4ca1-916d-b53c9ed6eb61,APAC-AU-ALL-QLD_CB,,61752313974,Subscriber,,APAC,Tnm,,,,,TRUE,
api.interfaces.records.teams.microsoft.com,b7905bef-ddb1-4aa3-9fe9-ebd35e6793ac,FALSE,Activated,,0e2782cb-987c-4ca1-916d-b53c9ed6eb61,APAC-AU-ALL-QLD_CB,,61752313975,Subscriber,,APAC,Tnm,,,,,TRUE,
api.interfaces.records.teams.microsoft.com,b7905bef-ddb1-4aa3-9fe9-ebd35e6793ac,FALSE,Activated,,0e2782cb-987c-4ca1-916d-b53c9ed6eb61,APAC-AU-ALL-QLD_CB,,61752313976,Subscriber,,APAC,Tnm,,,,,TRUE,
api.interfaces.records.teams.microsoft.com,b7905bef-ddb1-4aa3-9fe9-ebd35e6793ac,FALSE,Activated,,0e2782cb-987c-4ca1-916d-b53c9ed6eb61,APAC-AU-ALL-QLD_CB,,61752313977,Subscriber,,APAC,Tnm,,,,,TRUE,
api.interfaces.records.teams.microsoft.com,b7905bef-ddb1-4aa3-9fe9-ebd35e6793ac,FALSE,Activated,,0e2782cb-987c-4ca1-916d-b53c9ed6eb61,APAC-AU-ALL-QLD_CB,,61752313978,Subscriber,,APAC,Tnm,,,,,TRUE,
api.interfaces.records.teams.microsoft.com,b7905bef-ddb1-4aa3-9fe9-ebd35e6793ac,FALSE,Activated,,0e2782cb-987c-4ca1-916d-b53c9ed6eb61,APAC-AU-ALL-QLD_CB,,61752313979,Subscriber,,APAC,Tnm,,,,,TRUE,
api.interfaces.records.teams.microsoft.com,b7905bef-ddb1-4aa3-9fe9-ebd35e6793ac,FALSE,Activated,,0e2782cb-987c-4ca1-916d-b53c9ed6eb61,APAC-AU-ALL-QLD_CB,,61752313980,Subscriber,,APAC,Tnm,,,,,TRUE,
api.interfaces.records.teams.microsoft.com,b7905bef-ddb1-4aa3-9fe9-ebd35e6793ac,FALSE,Activated,,0e2782cb-987c-4ca1-916d-b53c9ed6eb61,APAC-AU-ALL-QLD_CB,,61752313981,Subscriber,,APAC,Tnm,,,,,TRUE,
api.interfaces.records.teams.microsoft.com,b7905bef-ddb1-4aa3-9fe9-ebd35e6793ac,FALSE,Activated,,0e2782cb-987c-4ca1-916d-b53c9ed6eb61,APAC-AU-ALL-QLD_CB,,61752313982,Subscriber,,APAC,Tnm,,,,,TRUE,
api.interfaces.records.teams.microsoft.com,b7905bef-ddb1-4aa3-9fe9-ebd35e6793ac,FALSE,Activated,,0e2782cb-987c-4ca1-916d-b53c9ed6eb61,APAC-AU-ALL-QLD_CB,,61752313983,Subscriber,,APAC,Tnm,,,,,TRUE,
api.interfaces.records.teams.microsoft.com,b7905bef-ddb1-4aa3-9fe9-ebd35e6793ac,FALSE,Activated,,0e2782cb-987c-4ca1-916d-b53c9ed6eb61,APAC-AU-ALL-QLD_CB,,61752313984,Subscriber,,APAC,Tnm,,,,,TRUE,
api.interfaces.records.teams.microsoft.com,b7905bef-ddb1-4aa3-9fe9-ebd35e6793ac,FALSE,Activated,,0e2782cb-987c-4ca1-916d-b53c9ed6eb61,APAC-AU-ALL-QLD_CB,,61752313985,Subscriber,,APAC,Tnm,,,,,TRUE,
api.interfaces.records.teams.microsoft.com,b7905bef-ddb1-4aa3-9fe9-ebd35e6793ac,FALSE,Activated,,0e2782cb-987c-4ca1-916d-b53c9ed6eb61,APAC-AU-ALL-QLD_CB,,61752313986,Subscriber,,APAC,Tnm,,,,,TRUE,
api.interfaces.records.teams.microsoft.com,b7905bef-ddb1-4aa3-9fe9-ebd35e6793ac,FALSE,Activated,,0e2782cb-987c-4ca1-916d-b53c9ed6eb61,APAC-AU-ALL-QLD_CB,,61752313987,Subscriber,,APAC,Tnm,,,,,TRUE,
api.interfaces.records.teams.microsoft.com,b7905bef-ddb1-4aa3-9fe9-ebd35e6793ac,FALSE,Activated,,0e2782cb-987c-4ca1-916d-b53c9ed6eb61,APAC-AU-ALL-QLD_CB,,61752313988,Subscriber,,APAC,Tnm,,,,,TRUE,
api.interfaces.records.teams.microsoft.com,b7905bef-ddb1-4aa3-9fe9-ebd35e6793ac,FALSE,Activated,,0e2782cb-987c-4ca1-916d-b53c9ed6eb61,APAC-AU-ALL-QLD_CB,,61752313989,Subscriber,,APAC,Tnm,,,,,TRUE,
api.interfaces.records.teams.microsoft.com,b7905bef-ddb1-4aa3-9fe9-ebd35e6793ac,FALSE,Activated,,0e2782cb-987c-4ca1-916d-b53c9ed6eb61,APAC-AU-ALL-QLD_CB,,61752313990,Subscriber,,APAC,Tnm,,,,,TRUE,
api.interfaces.records.teams.microsoft.com,b7905bef-ddb1-4aa3-9fe9-ebd35e6793ac,FALSE,Activated,,0e2782cb-987c-4ca1-916d-b53c9ed6eb61,APAC-AU-ALL-QLD_CB,,61752313991,Subscriber,,APAC,Tnm,,,,,TRUE,
api.interfaces.records.teams.microsoft.com,b7905bef-ddb1-4aa3-9fe9-ebd35e6793ac,FALSE,Activated,,0e2782cb-987c-4ca1-916d-b53c9ed6eb61,APAC-AU-ALL-QLD_CB,,61752313992,Subscriber,,APAC,Tnm,,,,,TRUE,
api.interfaces.records.teams.microsoft.com,b7905bef-ddb1-4aa3-9fe9-ebd35e6793ac,FALSE,Activated,,0e2782cb-987c-4ca1-916d-b53c9ed6eb61,APAC-AU-ALL-QLD_CB,,61752313993,Subscriber,,APAC,Tnm,,,,,TRUE,
api.interfaces.records.teams.microsoft.com,b7905bef-ddb1-4aa3-9fe9-ebd35e6793ac,FALSE,Activated,,0e2782cb-987c-4ca1-916d-b53c9ed6eb61,APAC-AU-ALL-QLD_CB,,61752313994,Subscriber,,APAC,Tnm,,,,,TRUE,
api.interfaces.records.teams.microsoft.com,b7905bef-ddb1-4aa3-9fe9-ebd35e6793ac,FALSE,Activated,,0e2782cb-987c-4ca1-916d-b53c9ed6eb61,APAC-AU-ALL-QLD_CB,,61752313995,Subscriber,,APAC,Tnm,,,,,TRUE,
api.interfaces.records.teams.microsoft.com,b7905bef-ddb1-4aa3-9fe9-ebd35e6793ac,FALSE,Activated,,0e2782cb-987c-4ca1-916d-b53c9ed6eb61,APAC-AU-ALL-QLD_CB,,61752313996,Subscriber,,APAC,Tnm,,,,,TRUE,
api.interfaces.records.teams.microsoft.com,b7905bef-ddb1-4aa3-9fe9-ebd35e6793ac,FALSE,Activated,,0e2782cb-987c-4ca1-916d-b53c9ed6eb61,APAC-AU-ALL-QLD_CB,,61752313997,Subscriber,,APAC,Tnm,,,,,TRUE,
api.interfaces.records.teams.microsoft.com,b7905bef-ddb1-4aa3-9fe9-ebd35e6793ac,FALSE,Activated,,0e2782cb-987c-4ca1-916d-b53c9ed6eb61,APAC-AU-ALL-QLD_CB,,61752313998,Subscriber,,APAC,Tnm,,,,,TRUE,
api.interfaces.records.teams.microsoft.com,b7905bef-ddb1-4aa3-9fe9-ebd35e6793ac,FALSE,Activated,,0e2782cb-987c-4ca1-916d-b53c9ed6eb61,APAC-AU-ALL-QLD_CB,,61752313999,Subscriber,,APAC,Tnm,,,,,TRUE,
api.interfaces.records.teams.microsoft.com,b7905bef-ddb1-4aa3-9fe9-ebd35e6793ac,FALSE,Activated,,0e2782cb-987c-4ca1-916d-b53c9ed6eb61,APAC-AU-ALL-QLD_SC,NGC-Bot,61753708818,Service,,APAC,Tnm,ucap,,,,TRUE,
api.interfaces.records.teams.microsoft.com,b7905bef-ddb1-4aa3-9fe9-ebd35e6793ac,FALSE,Activated,,0e2782cb-987c-4ca1-916d-b53c9ed6eb61,APAC-AU-ALL-QLD_SC,AutoAttendant,61754090300,Service,,APAC,Tnm,ucap,,,,TRUE,
api.interfaces.records.teams.microsoft.com,b7905bef-ddb1-4aa3-9fe9-ebd35e6793ac,FALSE,Activated,,0e2782cb-987c-4ca1-916d-b53c9ed6eb61,APAC-AU-ALL-QLD_SC,CallQueue,61754090301,Service,,APAC,Tnm,ucap,,,,TRUE,
api.interfaces.records.teams.microsoft.com,b7905bef-ddb1-4aa3-9fe9-ebd35e6793ac,FALSE,Activated,,0e2782cb-987c-4ca1-916d-b53c9ed6eb61,APAC-AU-ALL-QLD_SC,NGC-Bot,61754090302,Service,,APAC,Tnm,ucap,,,,TRUE,
api.interfaces.records.teams.microsoft.com,b7905bef-ddb1-4aa3-9fe9-ebd35e6793ac,FALSE,Activated,,0e2782cb-987c-4ca1-916d-b53c9ed6eb61,APAC-AU-ALL-QLD_SC,CallQueue,61754090303,Service,,APAC,Tnm,ucap,,,,TRUE,
api.interfaces.records.teams.microsoft.com,b7905bef-ddb1-4aa3-9fe9-ebd35e6793ac,FALSE,Activated,,0e2782cb-987c-4ca1-916d-b53c9ed6eb61,APAC-AU-ALL-QLD_SC,CallQueue,61754090304,Service,,APAC,Tnm,ucap,,,,TRUE,
api.interfaces.records.teams.microsoft.com,b7905bef-ddb1-4aa3-9fe9-ebd35e6793ac,FALSE,Activated,,0e2782cb-987c-4ca1-916d-b53c9ed6eb61,APAC-AU-ALL-QLD_SC,,61754090305,Subscriber,,APAC,Tnm,user,,,,TRUE,
api.interfaces.records.teams.microsoft.com,b7905bef-ddb1-4aa3-9fe9-ebd35e6793ac,FALSE,Activated,,0e2782cb-987c-4ca1-916d-b53c9ed6eb61,APAC-AU-ALL-QLD_SC,,61754090306,Subscriber,,APAC,Tnm,user,,,,TRUE,
api.interfaces.records.teams.microsoft.com,b7905bef-ddb1-4aa3-9fe9-ebd35e6793ac,FALSE,Activated,,0e2782cb-987c-4ca1-916d-b53c9ed6eb61,APAC-AU-ALL-QLD_SC,,61754090307,Subscriber,,APAC,Tnm,user,,,,TRUE,
api.interfaces.records.teams.microsoft.com,b7905bef-ddb1-4aa3-9fe9-ebd35e6793ac,FALSE,Activated,,0e2782cb-987c-4ca1-916d-b53c9ed6eb61,APAC-AU-ALL-QLD_SC,,61754090308,Subscriber,,APAC,Tnm,user,,,,TRUE,
api.interfaces.records.teams.microsoft.com,b7905bef-ddb1-4aa3-9fe9-ebd35e6793ac,FALSE,Activated,,0e2782cb-987c-4ca1-916d-b53c9ed6eb61,APAC-AU-ALL-QLD_SC,,61754090309,Subscriber,,APAC,Tnm,user,,,,TRUE,
api.interfaces.records.teams.microsoft.com,b7905bef-ddb1-4aa3-9fe9-ebd35e6793ac,FALSE,Activated,,0e2782cb-987c-4ca1-916d-b53c9ed6eb61,APAC-AU-ALL-QLD_SC,,61754090310,Subscriber,,APAC,Tnm,user,,,,TRUE,
api.interfaces.records.teams.microsoft.com,b7905bef-ddb1-4aa3-9fe9-ebd35e6793ac,FALSE,Activated,,0e2782cb-987c-4ca1-916d-b53c9ed6eb61,APAC-AU-ALL-QLD_SC,,61754090311,Subscriber,,APAC,Tnm,user,,,,TRUE,
api.interfaces.records.teams.microsoft.com,b7905bef-ddb1-4aa3-9fe9-ebd35e6793ac,FALSE,Activated,,0e2782cb-987c-4ca1-916d-b53c9ed6eb61,APAC-AU-ALL-QLD_SC,,61754090312,Subscriber,,APAC,Tnm,user,,,,TRUE,
api.interfaces.records.teams.microsoft.com,b7905bef-ddb1-4aa3-9fe9-ebd35e6793ac,FALSE,Activated,,0e2782cb-987c-4ca1-916d-b53c9ed6eb61,APAC-AU-ALL-QLD_SC,,61754090313,Subscriber,,APAC,Tnm,user,,,,TRUE,
api.interfaces.records.teams.microsoft.com,b7905bef-ddb1-4aa3-9fe9-ebd35e6793ac,FALSE,Activated,,0e2782cb-987c-4ca1-916d-b53c9ed6eb61,APAC-AU-ALL-QLD_SC,,61754090314,Subscriber,,APAC,Tnm,user,,,,TRUE,
api.interfaces.records.teams.microsoft.com,b7905bef-ddb1-4aa3-9fe9-ebd35e6793ac,FALSE,Activated,,0e2782cb-987c-4ca1-916d-b53c9ed6eb61,APAC-AU-ALL-QLD_SC,,61754090315,Subscriber,,APAC,Tnm,user,,,,TRUE,
api.interfaces.records.teams.microsoft.com,b7905bef-ddb1-4aa3-9fe9-ebd35e6793ac,FALSE,Activated,,0e2782cb-987c-4ca1-916d-b53c9ed6eb61,APAC-AU-ALL-QLD_SC,,61754090316,Subscriber,,APAC,Tnm,user,,,,TRUE,
api.interfaces.records.teams.microsoft.com,b7905bef-ddb1-4aa3-9fe9-ebd35e6793ac,FALSE,Activated,,0e2782cb-987c-4ca1-916d-b53c9ed6eb61,APAC-AU-ALL-QLD_SC,,61754090317,Subscriber,,APAC,Tnm,user,,,,TRUE,
api.interfaces.records.teams.microsoft.com,b7905bef-ddb1-4aa3-9fe9-ebd35e6793ac,FALSE,Activated,,0e2782cb-987c-4ca1-916d-b53c9ed6eb61,APAC-AU-ALL-QLD_SC,,61754090318,Subscriber,,APAC,Tnm,user,,,,TRUE,
api.interfaces.records.teams.microsoft.com,b7905bef-ddb1-4aa3-9fe9-ebd35e6793ac,FALSE,Activated,,0e2782cb-987c-4ca1-916d-b53c9ed6eb61,APAC-AU-ALL-QLD_SC,,61754090319,Subscriber,,APAC,Tnm,user,,,,TRUE,
api.interfaces.records.teams.microsoft.com,b7905bef-ddb1-4aa3-9fe9-ebd35e6793ac,FALSE,Activated,,0e2782cb-987c-4ca1-916d-b53c9ed6eb61,APAC-AU-ALL-QLD_SC,,61754090320,Subscriber,,APAC,Tnm,user,,,,TRUE,
api.interfaces.records.teams.microsoft.com,b7905bef-ddb1-4aa3-9fe9-ebd35e6793ac,FALSE,Activated,,0e2782cb-987c-4ca1-916d-b53c9ed6eb61,APAC-AU-ALL-QLD_SC,,61754090321,Subscriber,,APAC,Tnm,user,,,,TRUE,
api.interfaces.records.teams.microsoft.com,b7905bef-ddb1-4aa3-9fe9-ebd35e6793ac,FALSE,Activated,,0e2782cb-987c-4ca1-916d-b53c9ed6eb61,APAC-AU-ALL-QLD_SC,,61754090322,Subscriber,,APAC,Tnm,user,,,,TRUE,
api.interfaces.records.teams.microsoft.com,b7905bef-ddb1-4aa3-9fe9-ebd35e6793ac,FALSE,Activated,,0e2782cb-987c-4ca1-916d-b53c9ed6eb61,APAC-AU-ALL-QLD_SC,,61754090323,Subscriber,,APAC,Tnm,user,,,,TRUE,
api.interfaces.records.teams.microsoft.com,b7905bef-ddb1-4aa3-9fe9-ebd35e6793ac,FALSE,Activated,,0e2782cb-987c-4ca1-916d-b53c9ed6eb61,APAC-AU-ALL-QLD_SC,,61754090324,Subscriber,,APAC,Tnm,,,,,TRUE,
api.interfaces.records.teams.microsoft.com,b7905bef-ddb1-4aa3-9fe9-ebd35e6793ac,FALSE,Activated,,0e2782cb-987c-4ca1-916d-b53c9ed6eb61,APAC-AU-ALL-QLD_SC,,61754090325,Subscriber,,APAC,Tnm,,,,,TRUE,
api.interfaces.records.teams.microsoft.com,b7905bef-ddb1-4aa3-9fe9-ebd35e6793ac,FALSE,Activated,,0e2782cb-987c-4ca1-916d-b53c9ed6eb61,APAC-AU-ALL-QLD_SC,,61754090326,Subscriber,,APAC,Tnm,,,,,TRUE,
api.interfaces.records.teams.microsoft.com,b7905bef-ddb1-4aa3-9fe9-ebd35e6793ac,FALSE,Activated,,0e2782cb-987c-4ca1-916d-b53c9ed6eb61,APAC-AU-ALL-QLD_SC,,61754090327,Subscriber,,APAC,Tnm,,,,,TRUE,
api.interfaces.records.teams.microsoft.com,b7905bef-ddb1-4aa3-9fe9-ebd35e6793ac,FALSE,Activated,,0e2782cb-987c-4ca1-916d-b53c9ed6eb61,APAC-AU-ALL-QLD_SC,,61754090328,Subscriber,,APAC,Tnm,user,,,,TRUE,
api.interfaces.records.teams.microsoft.com,b7905bef-ddb1-4aa3-9fe9-ebd35e6793ac,FALSE,Activated,,0e2782cb-987c-4ca1-916d-b53c9ed6eb61,APAC-AU-ALL-QLD_SC,,61754090329,Subscriber,,APAC,Tnm,user,,,,TRUE,
api.interfaces.records.teams.microsoft.com,b7905bef-ddb1-4aa3-9fe9-ebd35e6793ac,FALSE,Activated,,0e2782cb-987c-4ca1-916d-b53c9ed6eb61,APAC-AU-ALL-QLD_SC,,61754090330,Subscriber,,APAC,Tnm,user,,,,TRUE,
api.interfaces.records.teams.microsoft.com,b7905bef-ddb1-4aa3-9fe9-ebd35e6793ac,FALSE,Activated,,0e2782cb-987c-4ca1-916d-b53c9ed6eb61,APAC-AU-ALL-QLD_SC,,61754090331,Subscriber,,APAC,Tnm,user,,,,TRUE,
api.interfaces.records.teams.microsoft.com,b7905bef-ddb1-4aa3-9fe9-ebd35e6793ac,FALSE,Activated,,0e2782cb-987c-4ca1-916d-b53c9ed6eb61,APAC-AU-ALL-QLD_SC,,61754090332,Subscriber,,APAC,Tnm,,,,,TRUE,
api.interfaces.records.teams.microsoft.com,b7905bef-ddb1-4aa3-9fe9-ebd35e6793ac,FALSE,Activated,,0e2782cb-987c-4ca1-916d-b53c9ed6eb61,APAC-AU-ALL-QLD_SC,,61754090333,Subscriber,,APAC,Tnm,user,,,,TRUE,
api.interfaces.records.teams.microsoft.com,b7905bef-ddb1-4aa3-9fe9-ebd35e6793ac,FALSE,Activated,,0e2782cb-987c-4ca1-916d-b53c9ed6eb61,APAC-AU-ALL-QLD_SC,,61754090334,Subscriber,,APAC,Tnm,,,,,TRUE,
api.interfaces.records.teams.microsoft.com,b7905bef-ddb1-4aa3-9fe9-ebd35e6793ac,FALSE,Activated,,0e2782cb-987c-4ca1-916d-b53c9ed6eb61,APAC-AU-ALL-QLD_SC,,61754090335,Subscriber,,APAC,Tnm,,,,,TRUE,
api.interfaces.records.teams.microsoft.com,b7905bef-ddb1-4aa3-9fe9-ebd35e6793ac,FALSE,Activated,,0e2782cb-987c-4ca1-916d-b53c9ed6eb61,APAC-AU-ALL-QLD_SC,,61754090336,Subscriber,,APAC,Tnm,,,,,TRUE,
api.interfaces.records.teams.microsoft.com,b7905bef-ddb1-4aa3-9fe9-ebd35e6793ac,FALSE,Activated,,0e2782cb-987c-4ca1-916d-b53c9ed6eb61,APAC-AU-ALL-QLD_SC,,61754090337,Subscriber,,APAC,Tnm,,,,,TRUE,
api.interfaces.records.teams.microsoft.com,b7905bef-ddb1-4aa3-9fe9-ebd35e6793ac,FALSE,Activated,,0e2782cb-987c-4ca1-916d-b53c9ed6eb61,APAC-AU-ALL-QLD_SC,,61754090338,Subscriber,,APAC,Tnm,,,,,TRUE,
api.interfaces.records.teams.microsoft.com,b7905bef-ddb1-4aa3-9fe9-ebd35e6793ac,FALSE,Activated,,0e2782cb-987c-4ca1-916d-b53c9ed6eb61,APAC-AU-ALL-QLD_SC,,61754090339,Subscriber,,APAC,Tnm,user,,,,TRUE,
api.interfaces.records.teams.microsoft.com,b7905bef-ddb1-4aa3-9fe9-ebd35e6793ac,FALSE,Activated,,0e2782cb-987c-4ca1-916d-b53c9ed6eb61,APAC-AU-ALL-QLD_SC,,61754090340,Subscriber,,APAC,Tnm,user,,,,TRUE,
api.interfaces.records.teams.microsoft.com,b7905bef-ddb1-4aa3-9fe9-ebd35e6793ac,FALSE,Activated,,0e2782cb-987c-4ca1-916d-b53c9ed6eb61,APAC-AU-ALL-QLD_SC,,61754090341,Subscriber,,APAC,Tnm,,,,,TRUE,
api.interfaces.records.teams.microsoft.com,b7905bef-ddb1-4aa3-9fe9-ebd35e6793ac,FALSE,Activated,,0e2782cb-987c-4ca1-916d-b53c9ed6eb61,APAC-AU-ALL-QLD_SC,,61754090342,Subscriber,,APAC,Tnm,,,,,TRUE,
api.interfaces.records.teams.microsoft.com,b7905bef-ddb1-4aa3-9fe9-ebd35e6793ac,FALSE,Activated,,0e2782cb-987c-4ca1-916d-b53c9ed6eb61,APAC-AU-ALL-QLD_SC,,61754090343,Subscriber,,APAC,Tnm,user,,,,TRUE,
api.interfaces.records.teams.microsoft.com,b7905bef-ddb1-4aa3-9fe9-ebd35e6793ac,FALSE,Activated,,0e2782cb-987c-4ca1-916d-b53c9ed6eb61,APAC-AU-ALL-QLD_SC,,61754090344,Subscriber,,APAC,Tnm,,,,,TRUE,
api.interfaces.records.teams.microsoft.com,b7905bef-ddb1-4aa3-9fe9-ebd35e6793ac,FALSE,Activated,,0e2782cb-987c-4ca1-916d-b53c9ed6eb61,APAC-AU-ALL-QLD_SC,,61754090345,Subscriber,,APAC,Tnm,user,,,,TRUE,
api.interfaces.records.teams.microsoft.com,b7905bef-ddb1-4aa3-9fe9-ebd35e6793ac,FALSE,Activated,,0e2782cb-987c-4ca1-916d-b53c9ed6eb61,APAC-AU-ALL-QLD_SC,,61754090346,Subscriber,,APAC,Tnm,,,,,TRUE,
api.interfaces.records.teams.microsoft.com,b7905bef-ddb1-4aa3-9fe9-ebd35e6793ac,FALSE,Activated,,0e2782cb-987c-4ca1-916d-b53c9ed6eb61,APAC-AU-ALL-QLD_SC,,61754090347,Subscriber,,APAC,Tnm,,,,,TRUE,
api.interfaces.records.teams.microsoft.com,b7905bef-ddb1-4aa3-9fe9-ebd35e6793ac,FALSE,Activated,,0e2782cb-987c-4ca1-916d-b53c9ed6eb61,APAC-AU-ALL-QLD_SC,,61754090348,Subscriber,,APAC,Tnm,,,,,TRUE,
api.interfaces.records.teams.microsoft.com,b7905bef-ddb1-4aa3-9fe9-ebd35e6793ac,FALSE,Activated,,0e2782cb-987c-4ca1-916d-b53c9ed6eb61,APAC-AU-ALL-QLD_SC,,61754090349,Subscriber,,APAC,Tnm,user,,,,TRUE,
api.interfaces.records.teams.microsoft.com,b7905bef-ddb1-4aa3-9fe9-ebd35e6793ac,FALSE,Activated,,0e2782cb-987c-4ca1-916d-b53c9ed6eb61,APAC-AU-ALL-QLD_SC,,61754090350,Subscriber,,APAC,Tnm,,,,,TRUE,
api.interfaces.records.teams.microsoft.com,b7905bef-ddb1-4aa3-9fe9-ebd35e6793ac,FALSE,Activated,,0e2782cb-987c-4ca1-916d-b53c9ed6eb61,APAC-AU-ALL-QLD_SC,,61754090351,Subscriber,,APAC,Tnm,,,,,TRUE,
api.interfaces.records.teams.microsoft.com,b7905bef-ddb1-4aa3-9fe9-ebd35e6793ac,FALSE,Activated,,0e2782cb-987c-4ca1-916d-b53c9ed6eb61,APAC-AU-ALL-QLD_SC,,61754090352,Subscriber,,APAC,Tnm,,,,,TRUE,
api.interfaces.records.teams.microsoft.com,b7905bef-ddb1-4aa3-9fe9-ebd35e6793ac,FALSE,Activated,,0e2782cb-987c-4ca1-916d-b53c9ed6eb61,APAC-AU-ALL-QLD_SC,,61754090353,Subscriber,,APAC,Tnm,user,,,,TRUE,
api.interfaces.records.teams.microsoft.com,b7905bef-ddb1-4aa3-9fe9-ebd35e6793ac,FALSE,Activated,,0e2782cb-987c-4ca1-916d-b53c9ed6eb61,APAC-AU-ALL-QLD_SC,,61754090354,Subscriber,,APAC,Tnm,,,,,TRUE,
api.interfaces.records.teams.microsoft.com,b7905bef-ddb1-4aa3-9fe9-ebd35e6793ac,FALSE,Activated,,0e2782cb-987c-4ca1-916d-b53c9ed6eb61,APAC-AU-ALL-QLD_SC,,61754090355,Subscriber,,APAC,Tnm,user,,,,TRUE,
api.interfaces.records.teams.microsoft.com,b7905bef-ddb1-4aa3-9fe9-ebd35e6793ac,FALSE,Activated,,0e2782cb-987c-4ca1-916d-b53c9ed6eb61,APAC-AU-ALL-QLD_SC,,61754090356,Subscriber,,APAC,Tnm,,,,,TRUE,
api.interfaces.records.teams.microsoft.com,b7905bef-ddb1-4aa3-9fe9-ebd35e6793ac,FALSE,Activated,,0e2782cb-987c-4ca1-916d-b53c9ed6eb61,APAC-AU-ALL-QLD_SC,,61754090357,Subscriber,,APAC,Tnm,,,,,TRUE,
api.interfaces.records.teams.microsoft.com,b7905bef-ddb1-4aa3-9fe9-ebd35e6793ac,FALSE,Activated,,0e2782cb-987c-4ca1-916d-b53c9ed6eb61,APAC-AU-ALL-QLD_SC,,61754090358,Subscriber,,APAC,Tnm,,,,,TRUE,
api.interfaces.records.teams.microsoft.com,b7905bef-ddb1-4aa3-9fe9-ebd35e6793ac,FALSE,Activated,,0e2782cb-987c-4ca1-916d-b53c9ed6eb61,APAC-AU-ALL-QLD_SC,,61754090359,Subscriber,,APAC,Tnm,,,,,TRUE,
api.interfaces.records.teams.microsoft.com,b7905bef-ddb1-4aa3-9fe9-ebd35e6793ac,FALSE,Activated,,0e2782cb-987c-4ca1-916d-b53c9ed6eb61,APAC-AU-ALL-QLD_SC,,61754090360,Subscriber,,APAC,Tnm,,,,,TRUE,
api.interfaces.records.teams.microsoft.com,b7905bef-ddb1-4aa3-9fe9-ebd35e6793ac,FALSE,Activated,,0e2782cb-987c-4ca1-916d-b53c9ed6eb61,APAC-AU-ALL-QLD_SC,,61754090361,Subscriber,,APAC,Tnm,,,,,TRUE,
api.interfaces.records.teams.microsoft.com,b7905bef-ddb1-4aa3-9fe9-ebd35e6793ac,FALSE,Activated,,0e2782cb-987c-4ca1-916d-b53c9ed6eb61,APAC-AU-ALL-QLD_SC,,61754090362,Subscriber,,APAC,Tnm,,,,,TRUE,
api.interfaces.records.teams.microsoft.com,b7905bef-ddb1-4aa3-9fe9-ebd35e6793ac,FALSE,Activated,,0e2782cb-987c-4ca1-916d-b53c9ed6eb61,APAC-AU-ALL-QLD_SC,,61754090363,Subscriber,,APAC,Tnm,user,,,,TRUE,
api.interfaces.records.teams.microsoft.com,b7905bef-ddb1-4aa3-9fe9-ebd35e6793ac,FALSE,Activated,,0e2782cb-987c-4ca1-916d-b53c9ed6eb61,APAC-AU-ALL-QLD_SC,,61754090364,Subscriber,,APAC,Tnm,,,,,TRUE,
api.interfaces.records.teams.microsoft.com,b7905bef-ddb1-4aa3-9fe9-ebd35e6793ac,FALSE,Activated,,0e2782cb-987c-4ca1-916d-b53c9ed6eb61,APAC-AU-ALL-QLD_SC,,61754090365,Subscriber,,APAC,Tnm,user,,,,TRUE,
api.interfaces.records.teams.microsoft.com,b7905bef-ddb1-4aa3-9fe9-ebd35e6793ac,FALSE,Activated,,0e2782cb-987c-4ca1-916d-b53c9ed6eb61,APAC-AU-ALL-QLD_SC,,61754090366,Subscriber,,APAC,Tnm,user,,,,TRUE,
api.interfaces.records.teams.microsoft.com,b7905bef-ddb1-4aa3-9fe9-ebd35e6793ac,FALSE,Activated,,0e2782cb-987c-4ca1-916d-b53c9ed6eb61,APAC-AU-ALL-QLD_SC,,61754090367,Subscriber,,APAC,Tnm,user,,,,TRUE,
api.interfaces.records.teams.microsoft.com,b7905bef-ddb1-4aa3-9fe9-ebd35e6793ac,FALSE,Activated,,0e2782cb-987c-4ca1-916d-b53c9ed6eb61,APAC-AU-ALL-QLD_SC,,61754090368,Subscriber,,APAC,Tnm,user,,,,TRUE,
api.interfaces.records.teams.microsoft.com,b7905bef-ddb1-4aa3-9fe9-ebd35e6793ac,FALSE,Activated,,0e2782cb-987c-4ca1-916d-b53c9ed6eb61,APAC-AU-ALL-QLD_SC,,61754090369,Subscriber,,APAC,Tnm,user,,,,TRUE,
api.interfaces.records.teams.microsoft.com,b7905bef-ddb1-4aa3-9fe9-ebd35e6793ac,FALSE,Activated,,0e2782cb-987c-4ca1-916d-b53c9ed6eb61,APAC-AU-ALL-QLD_SC,,61754090370,Subscriber,,APAC,Tnm,user,,,,TRUE,
api.interfaces.records.teams.microsoft.com,b7905bef-ddb1-4aa3-9fe9-ebd35e6793ac,FALSE,Activated,,0e2782cb-987c-4ca1-916d-b53c9ed6eb61,APAC-AU-ALL-QLD_SC,,61754090371,Subscriber,,APAC,Tnm,user,,,,TRUE,
api.interfaces.records.teams.microsoft.com,b7905bef-ddb1-4aa3-9fe9-ebd35e6793ac,FALSE,Activated,,0e2782cb-987c-4ca1-916d-b53c9ed6eb61,APAC-AU-ALL-QLD_SC,,61754090372,Subscriber,,APAC,Tnm,user,,,,TRUE,
api.interfaces.records.teams.microsoft.com,b7905bef-ddb1-4aa3-9fe9-ebd35e6793ac,FALSE,Activated,,0e2782cb-987c-4ca1-916d-b53c9ed6eb61,APAC-AU-ALL-QLD_SC,,61754090373,Subscriber,,APAC,Tnm,user,,,,TRUE,
api.interfaces.records.teams.microsoft.com,b7905bef-ddb1-4aa3-9fe9-ebd35e6793ac,FALSE,Activated,,0e2782cb-987c-4ca1-916d-b53c9ed6eb61,APAC-AU-ALL-QLD_SC,,61754090374,Subscriber,,APAC,Tnm,,,,,TRUE,
api.interfaces.records.teams.microsoft.com,b7905bef-ddb1-4aa3-9fe9-ebd35e6793ac,FALSE,Activated,,0e2782cb-987c-4ca1-916d-b53c9ed6eb61,APAC-AU-ALL-QLD_SC,,61754090375,Subscriber,,APAC,Tnm,user,,,,TRUE,
api.interfaces.records.teams.microsoft.com,b7905bef-ddb1-4aa3-9fe9-ebd35e6793ac,FALSE,Activated,,0e2782cb-987c-4ca1-916d-b53c9ed6eb61,APAC-AU-ALL-QLD_SC,,61754090376,Subscriber,,APAC,Tnm,,,,,TRUE,
api.interfaces.records.teams.microsoft.com,b7905bef-ddb1-4aa3-9fe9-ebd35e6793ac,FALSE,Activated,,0e2782cb-987c-4ca1-916d-b53c9ed6eb61,APAC-AU-ALL-QLD_SC,,61754090377,Subscriber,,APAC,Tnm,,,,,TRUE,
api.interfaces.records.teams.microsoft.com,b7905bef-ddb1-4aa3-9fe9-ebd35e6793ac,FALSE,Activated,,0e2782cb-987c-4ca1-916d-b53c9ed6eb61,APAC-AU-ALL-QLD_SC,,61754090378,Subscriber,,APAC,Tnm,user,,,,TRUE,
api.interfaces.records.teams.microsoft.com,b7905bef-ddb1-4aa3-9fe9-ebd35e6793ac,FALSE,Activated,,0e2782cb-987c-4ca1-916d-b53c9ed6eb61,APAC-AU-ALL-QLD_SC,,61754090379,Subscriber,,APAC,Tnm,,,,,TRUE,
api.interfaces.records.teams.microsoft.com,b7905bef-ddb1-4aa3-9fe9-ebd35e6793ac,FALSE,Activated,,0e2782cb-987c-4ca1-916d-b53c9ed6eb61,APAC-AU-ALL-QLD_SC,,61754090380,Subscriber,,APAC,Tnm,user,,,,TRUE,
api.interfaces.records.teams.microsoft.com,b7905bef-ddb1-4aa3-9fe9-ebd35e6793ac,FALSE,Activated,,0e2782cb-987c-4ca1-916d-b53c9ed6eb61,APAC-AU-ALL-QLD_SC,,61754090381,Subscriber,,APAC,Tnm,user,,,,TRUE,
api.interfaces.records.teams.microsoft.com,b7905bef-ddb1-4aa3-9fe9-ebd35e6793ac,FALSE,Activated,,0e2782cb-987c-4ca1-916d-b53c9ed6eb61,APAC-AU-ALL-QLD_SC,,61754090382,Subscriber,,APAC,Tnm,,,,,TRUE,
api.interfaces.records.teams.microsoft.com,b7905bef-ddb1-4aa3-9fe9-ebd35e6793ac,FALSE,Activated,,0e2782cb-987c-4ca1-916d-b53c9ed6eb61,APAC-AU-ALL-QLD_SC,,61754090383,Subscriber,,APAC,Tnm,user,,,,TRUE,
api.interfaces.records.teams.microsoft.com,b7905bef-ddb1-4aa3-9fe9-ebd35e6793ac,FALSE,Activated,,0e2782cb-987c-4ca1-916d-b53c9ed6eb61,APAC-AU-ALL-QLD_SC,,61754090384,Subscriber,,APAC,Tnm,user,,,,TRUE,
api.interfaces.records.teams.microsoft.com,b7905bef-ddb1-4aa3-9fe9-ebd35e6793ac,FALSE,Activated,,0e2782cb-987c-4ca1-916d-b53c9ed6eb61,APAC-AU-ALL-QLD_SC,,61754090385,Subscriber,,APAC,Tnm,,,,,TRUE,
api.interfaces.records.teams.microsoft.com,b7905bef-ddb1-4aa3-9fe9-ebd35e6793ac,FALSE,Activated,,0e2782cb-987c-4ca1-916d-b53c9ed6eb61,APAC-AU-ALL-QLD_SC,,61754090386,Subscriber,,APAC,Tnm,user,,,,TRUE,
api.interfaces.records.teams.microsoft.com,b7905bef-ddb1-4aa3-9fe9-ebd35e6793ac,FALSE,Activated,,0e2782cb-987c-4ca1-916d-b53c9ed6eb61,APAC-AU-ALL-QLD_SC,,61754090387,Subscriber,,APAC,Tnm,user,,,,TRUE,
api.interfaces.records.teams.microsoft.com,b7905bef-ddb1-4aa3-9fe9-ebd35e6793ac,FALSE,Activated,,0e2782cb-987c-4ca1-916d-b53c9ed6eb61,APAC-AU-ALL-QLD_SC,,61754090388,Subscriber,,APAC,Tnm,user,,,,TRUE,
api.interfaces.records.teams.microsoft.com,b7905bef-ddb1-4aa3-9fe9-ebd35e6793ac,FALSE,Activated,,0e2782cb-987c-4ca1-916d-b53c9ed6eb61,APAC-AU-ALL-QLD_SC,,61754090389,Subscriber,,APAC,Tnm,user,,,,TRUE,
api.interfaces.records.teams.microsoft.com,b7905bef-ddb1-4aa3-9fe9-ebd35e6793ac,FALSE,Activated,,0e2782cb-987c-4ca1-916d-b53c9ed6eb61,APAC-AU-ALL-QLD_SC,,61754090390,Subscriber,,APAC,Tnm,user,,,,TRUE,
api.interfaces.records.teams.microsoft.com,b7905bef-ddb1-4aa3-9fe9-ebd35e6793ac,FALSE,Activated,,0e2782cb-987c-4ca1-916d-b53c9ed6eb61,APAC-AU-ALL-QLD_SC,,61754090391,Subscriber,,APAC,Tnm,,,,,TRUE,
api.interfaces.records.teams.microsoft.com,b7905bef-ddb1-4aa3-9fe9-ebd35e6793ac,FALSE,Activated,,0e2782cb-987c-4ca1-916d-b53c9ed6eb61,APAC-AU-ALL-QLD_SC,,61754090392,Subscriber,,APAC,Tnm,,,,,TRUE,
api.interfaces.records.teams.microsoft.com,b7905bef-ddb1-4aa3-9fe9-ebd35e6793ac,FALSE,Activated,,0e2782cb-987c-4ca1-916d-b53c9ed6eb61,APAC-AU-ALL-QLD_SC,,61754090393,Subscriber,,APAC,Tnm,user,,,,TRUE,
api.interfaces.records.teams.microsoft.com,b7905bef-ddb1-4aa3-9fe9-ebd35e6793ac,FALSE,Activated,,0e2782cb-987c-4ca1-916d-b53c9ed6eb61,APAC-AU-ALL-QLD_SC,,61754090394,Subscriber,,APAC,Tnm,,,,,TRUE,
api.interfaces.records.teams.microsoft.com,b7905bef-ddb1-4aa3-9fe9-ebd35e6793ac,FALSE,Activated,,0e2782cb-987c-4ca1-916d-b53c9ed6eb61,APAC-AU-ALL-QLD_SC,,61754090395,Subscriber,,APAC,Tnm,,,,,TRUE,
api.interfaces.records.teams.microsoft.com,b7905bef-ddb1-4aa3-9fe9-ebd35e6793ac,FALSE,Activated,,0e2782cb-987c-4ca1-916d-b53c9ed6eb61,APAC-AU-ALL-QLD_SC,,61754090396,Subscriber,,APAC,Tnm,user,,,,TRUE,
api.interfaces.records.teams.microsoft.com,b7905bef-ddb1-4aa3-9fe9-ebd35e6793ac,FALSE,Activated,,0e2782cb-987c-4ca1-916d-b53c9ed6eb61,APAC-AU-ALL-QLD_SC,,61754090397,Subscriber,,APAC,Tnm,user,,,,TRUE,
api.interfaces.records.teams.microsoft.com,b7905bef-ddb1-4aa3-9fe9-ebd35e6793ac,FALSE,Activated,,0e2782cb-987c-4ca1-916d-b53c9ed6eb61,APAC-AU-ALL-QLD_SC,,61754090398,Subscriber,,APAC,Tnm,user,,,,TRUE,
api.interfaces.records.teams.microsoft.com,b7905bef-ddb1-4aa3-9fe9-ebd35e6793ac,FALSE,Activated,,0e2782cb-987c-4ca1-916d-b53c9ed6eb61,APAC-AU-ALL-QLD_SC,,61754090399,Subscriber,,APAC,Tnm,user,,,,TRUE,
api.interfaces.records.teams.microsoft.com,b7905bef-ddb1-4aa3-9fe9-ebd35e6793ac,FALSE,Activated,,0e2782cb-987c-4ca1-916d-b53c9ed6eb61,APAC-AU-ALL-QLD_SC,,61754432793,Subscriber,,APAC,Tnm,user,,,,TRUE,
api.interfaces.records.teams.microsoft.com,b7905bef-ddb1-4aa3-9fe9-ebd35e6793ac,FALSE,Activated,,0e2782cb-987c-4ca1-916d-b53c9ed6eb61,APAC-AU-ALL-QLD_SC,,61754433530,Subscriber,,APAC,Tnm,user,,,,TRUE,
api.interfaces.records.teams.microsoft.com,b7905bef-ddb1-4aa3-9fe9-ebd35e6793ac,FALSE,Activated,,0e2782cb-987c-4ca1-916d-b53c9ed6eb61,APAC-AU-ALL-QLD_SC,,61754433794,Subscriber,,APAC,Tnm,user,,,,TRUE,
api.interfaces.records.teams.microsoft.com,b7905bef-ddb1-4aa3-9fe9-ebd35e6793ac,FALSE,Activated,,0e2782cb-987c-4ca1-916d-b53c9ed6eb61,APAC-AU-ALL-QLD_SC,,61754435198,Subscriber,,APAC,Tnm,user,,,,TRUE,
api.interfaces.records.teams.microsoft.com,b7905bef-ddb1-4aa3-9fe9-ebd35e6793ac,FALSE,Activated,,0e2782cb-987c-4ca1-916d-b53c9ed6eb61,APAC-AU-ALL-QLD_SC,,61754437254,Subscriber,,APAC,Tnm,user,,,,TRUE,
