"DisplayName","UserPrincipalName","Enabled","EnterpriseVoiceEnabled","UsageLocation","DialPlan","TenantDialPlan","OnlineVoiceRoutingPolicy","LineUri","OnPremLineUri","OnlineDialinConferencingPolicy","TeamsCallingPolicy","HostingProvider","InterpretedUserType","VoicePolicy"
"AA-Main-BNE-61733546500","AA-Main-BNE-61733546500@fkgardnersons.onmicrosoft.com",,"True","AU","AU",,,"tel:+61733546500","Not Yet Supported.",,,"sipfed.online.lync.com","PureOnlineApplicationInstance",
"AA-Main-BNE","AA-Main-BNE@fkgardnersons.onmicrosoft.com",,"True","AU","AU",,,"tel:+61746141702","Not Yet Supported.",,,"sipfed.online.lync.com","PureOnlineApplicationInstance",
"AA-Main-ITHelpDesk-61733546558","AA-Main-ITHelpDesk-61733546558@fkgardnersons.onmicrosoft.com",,"True","AU","AU",,,"tel:+61733546558","Not Yet Supported.",,,"sipfed.online.lync.com","PureOnlineApplicationInstance",
"AA-Main-ITHelpDesk-61746200549","AA-Main-ITHelpDesk-61746200549@fkgardnersons.onmicrosoft.com",,"True","AU","AU",,,"tel:+61746200549","Not Yet Supported.",,,"sipfed.online.lync.com","PureOnlineApplicationInstance",
"AA-Main-ITHelpDesk","AA-Main-ITHelpDesk@fkgardnersons.onmicrosoft.com",,"True","AU","AU",,,"tel:+61746141700","Not Yet Supported.",,,"sipfed.online.lync.com","PureOnlineApplicationInstance",
"AA-Main-NRG-61746317900","AA-Main-NRG-61746317900@fkgardnersons.onmicrosoft.com",,"True","AU","AU",,,"tel:+61746317900","Not Yet Supported.",,,"sipfed.online.lync.com","PureOnlineApplicationInstance",
"AA-Main-NRG","AA-Main-NRG@fkgardnersons.onmicrosoft.com",,"True","AU","AU",,,"tel:+61746141703","Not Yet Supported.",,,"sipfed.online.lync.com","PureOnlineApplicationInstance",
"AA-Main-TWMA-61746200500","AA-Main-TWMA-61746200500@fkgardnersons.onmicrosoft.com",,"True","AU","AU",,,"tel:+61746200500","Not Yet Supported.",,,"sipfed.online.lync.com","PureOnlineApplicationInstance",
"AA-Main-TWMA","AA-Main-TWMA@fkgardnersons.onmicrosoft.com",,"True","AU","AU",,,"tel:+61746141701","Not Yet Supported.",,,"sipfed.online.lync.com","PureOnlineApplicationInstance",
"Alex Fessey","alex.fessey@fkg.com.au",,"True","AU","AU",,,"tel:+61746141720","Not Yet Supported.",,,"sipfed.online.lync.com","HybridOnlineTeamsOnlyUser",
"Alice Mcgowan","alice.mcgowan@fkg.com.au",,"True","AU","AU",,,"tel:+61746200577","Not Yet Supported.",,,"sipfed.online.lync.com","HybridOnlineTeamsOnlyUser",
"Amanda McLean","amanda.mclean@fkg.com.au",,"True","AU","AU",,,"tel:+61746141721","Not Yet Supported.",,,"sipfed.online.lync.com","HybridOnlineTeamsOnlyUser",
"Andrew Crestani","andrew.crestani@fkg.com.au",,"True","AU","AU",,,"tel:+61746141722","Not Yet Supported.",,,"sipfed.online.lync.com","HybridOnlineTeamsOnlyUser",
"Andrew Macdonald","andrew.macdonald@fkg.com.au",,"True","AU","AU",,,"tel:+61746903751","Not Yet Supported.",,,"sipfed.online.lync.com","HybridOnlineTeamsOnlyUser",
"Annalise Russell","annalise.russell@fkg.com.au",,"True","AU","AU",,,"tel:+61746200510","Not Yet Supported.",,,"sipfed.online.lync.com","HybridOnlineTeamsOnlyUser",
"Anni Depontes","anni.depontes@fkg.com.au",,"True","AU","AU",,,"tel:+61746141724","Not Yet Supported.",,,"sipfed.online.lync.com","HybridOnlineTeamsOnlyUser",
"Ben Mendl","ben.mendl@fkg.com.au",,"True","AU","AU",,,"tel:+61746141725","Not Yet Supported.",,,"sipfed.online.lync.com","HybridOnlineTeamsOnlyUser",
"Bill Fogarty","bill.fogarty@ezyquip.com.au",,"True","AU","AU",,,"tel:+61746141726","Not Yet Supported.",,,"sipfed.online.lync.com","HybridOnlineTeamsOnlyUser",
"Shannon Odendaal","bnereception@fkg.com.au",,"True","AU","AU",,,"tel:+61746141750","Not Yet Supported.",,"Call Waiting ON","sipfed.online.lync.com","HybridOnlineTeamsOnlyUser",
"Brett Smith","brett.smith@fkg.com.au",,"True","AU","AU",,,"tel:+61746200587","Not Yet Supported.",,,"sipfed.online.lync.com","HybridOnlineTeamsOnlyUser",
"Cameron Donaldson","cameron.donaldson@fkg.com.au",,"True","AU","AU",,,"tel:+61746200595","Not Yet Supported.",,,"sipfed.online.lync.com","HybridOnlineTeamsOnlyUser",
"Carly Hull","carly.hull@fkg.com.au",,"True","AU","AU",,,"tel:+61746200505","Not Yet Supported.",,,"sipfed.online.lync.com","HybridOnlineTeamsOnlyUser",
"Chloe Macdonald","chloe.dahlin@fkg.com.au",,"True","AU","AU",,,"tel:+61746200534","Not Yet Supported.",,,"sipfed.online.lync.com","HybridOnlineTeamsOnlyUser",
"CQ-Ezyquip-61746310600","CQ-Ezyquip-61746310600@fkgardnersons.onmicrosoft.com",,"True","AU","AU",,,"tel:+61746310600","Not Yet Supported.",,,"sipfed.online.lync.com","PureOnlineApplicationInstance",
"CQ-Ezyquip","CQ-Ezyquip@fkgardnersons.onmicrosoft.com",,"True","AU","AU",,,"tel:+61746141704","Not Yet Supported.",,,"sipfed.online.lync.com","PureOnlineApplicationInstance",
"Daniel Wells","daniel.wells@ezyquip.com.au",,"True","AU","AU",,,"tel:+61746310640","Not Yet Supported.",,,"sipfed.online.lync.com","HybridOnlineTeamsOnlyUser",
"Elise Eiser","elise.paten@fkg.com.au",,"True","AU","AU",,,"tel:+61746903706","Not Yet Supported.",,,"sipfed.online.lync.com","HybridOnlineTeamsOnlyUser",
"Emily Muggeridge","emily.muggeridge@ezyquip.com.au",,"True","AU","AU",,,"tel:+61746200581","Not Yet Supported.",,,"sipfed.online.lync.com","HybridOnlineTeamsOnlyUser",
"Emily Drewett","emily.saunders@fkg.com.au",,"True","AU","AU",,,"tel:+61746141730","Not Yet Supported.",,,"sipfed.online.lync.com","HybridOnlineTeamsOnlyUser",
"Erin Duffus","erin.duffus@fkg.com.au",,"True","AU","AU",,,"tel:+61746141732","Not Yet Supported.",,,"sipfed.online.lync.com","HybridOnlineTeamsOnlyUser",
"Gary Gardner","garyg@fkg.com.au",,"True","AU","AU",,,"tel:+61746200501","Not Yet Supported.",,,"sipfed.online.lync.com","HybridOnlineTeamsOnlyUser",
"Grant Trott","grant.trott@ezyquip.com.au",,"True","AU","AU",,,"tel:+61746310621","Not Yet Supported.",,,"sipfed.online.lync.com","HybridOnlineTeamsOnlyUser",
"Hayley Hubbard","hayley.brandt@fkg.com.au",,"True","AU","AU",,,"tel:+61746200583","Not Yet Supported.",,,"sipfed.online.lync.com","HybridOnlineTeamsOnlyUser",
"Jacinta Wright","jacinta.pain@fkg.com.au",,"True","AU","AU",,,"tel:+61746200504","Not Yet Supported.",,,"sipfed.online.lync.com","HybridOnlineTeamsOnlyUser",
"Jack Gardner","jack.gardner@fkg.com.au",,"True","AU","AU",,,"tel:+61746200570","Not Yet Supported.",,,"sipfed.online.lync.com","HybridOnlineTeamsOnlyUser",
"Jane Gray","jane.gray@fkg.com.au",,"True","AU","AU",,,"tel:+61746903746","Not Yet Supported.",,,"sipfed.online.lync.com","HybridOnlineTeamsOnlyUser",
"Janelle Prior","janelle.prior@nrgservicesqld.com.au",,"True","AU","AU",,,"tel:+61746903711","Not Yet Supported.",,,"sipfed.online.lync.com","HybridOnlineTeamsOnlyUser",
"Jessica Newman","jessica.newman@fkg.com.au",,"True","AU","AU",,,"tel:+61733546588","Not Yet Supported.",,,"sipfed.online.lync.com","HybridOnlineTeamsOnlyUser",
"Jodi Daniels","jodi.daniels@fkg.com.au",,"True","AU","AU",,,"tel:+61733546552","Not Yet Supported.",,,"sipfed.online.lync.com","HybridOnlineTeamsOnlyUser",
"John Henderson","john.henderson@pulsedc.com.au",,"True","AU","AU",,,"tel:+61746200524","Not Yet Supported.",,,"sipfed.online.lync.com","HybridOnlineTeamsOnlyUser",
"Joshua Lush","joshua.lush@fkg.com.au",,"True","AU","AU",,,"tel:+61746141738","Not Yet Supported.",,,"sipfed.online.lync.com","HybridOnlineTeamsOnlyUser",
"Julie Stenhouse","julie.stenhouse@fkg.com.au",,"True","AU","AU",,,"tel:+61733546565","Not Yet Supported.",,,"sipfed.online.lync.com","HybridOnlineTeamsOnlyUser",
"Karen Nugent","karen.nugent@fkg.com.au",,"True","AU","AU",,,"tel:+61746200503","Not Yet Supported.",,,"sipfed.online.lync.com","HybridOnlineTeamsOnlyUser",
"Katie Green","katie.green@fkg.com.au",,"True","AU","AU",,,"tel:+61746141741","Not Yet Supported.",,,"sipfed.online.lync.com","HybridOnlineTeamsOnlyUser",
"Kelli Matthews","kelli.matthews@fkg.com.au",,"True","AU","AU",,,"tel:+61746200562","Not Yet Supported.",,,"sipfed.online.lync.com","HybridOnlineTeamsOnlyUser",
"Kim Hopper","kim.hopper@fkg.com.au",,"True","AU","AU",,,"tel:+61746141743","Not Yet Supported.",,,"sipfed.online.lync.com","HybridOnlineTeamsOnlyUser",
"Kirsty Botha","kirsty.botha@fkg.com.au",,"True","AU","AU",,,"tel:+61733546590","Not Yet Supported.",,,"sipfed.online.lync.com","HybridOnlineTeamsOnlyUser",
"Krystal McMahon","krystal.McMahon@nrgservicesqld.com.au",,"True","AU","AU",,,"tel:+61746903732","Not Yet Supported.",,,"sipfed.online.lync.com","HybridOnlineTeamsOnlyUser",
"Kym Marsh","kym.marsh@fkg.com.au",,"True","AU","AU",,,"tel:+61746903745","Not Yet Supported.",,,"sipfed.online.lync.com","HybridOnlineTeamsOnlyUser",
"Lauren Purvis","lauren.purvis@fkg.com.au",,"True","AU","AU",,,"tel:+61746200536","Not Yet Supported.",,,"sipfed.online.lync.com","HybridOnlineTeamsOnlyUser",
"Leanne Wruck","leanne.wruck@fkg.com.au",,"True","AU","AU",,,"tel:+61746903713","Not Yet Supported.",,,"sipfed.online.lync.com","HybridOnlineTeamsOnlyUser",
"Liane Paris","liane.paris@fkg.com.au",,"True","AU","AU",,,"tel:+61746200506","Not Yet Supported.",,,"sipfed.online.lync.com","HybridOnlineTeamsOnlyUser",
"Lochlan Jurd","lochlan.jurd@ezyquip.com.au",,"True","AU","AU",,,"tel:+61746141746","Not Yet Supported.",,,"sipfed.online.lync.com","HybridOnlineTeamsOnlyUser",
"Loret Burnett","loret.burnett@fkg.com.au",,"True","AU","AU",,,"tel:+61746141747","Not Yet Supported.",,,"sipfed.online.lync.com","HybridOnlineTeamsOnlyUser",
"Mandy Hunter","mandy.hunter@fkg.com.au",,"True","AU","AU",,,"tel:+61746141748","Not Yet Supported.",,,"sipfed.online.lync.com","HybridOnlineTeamsOnlyUser",
"Mark Brown","mark.brown@fkg.com.au",,"True","AU","AU",,,"tel:+61746141749","Not Yet Supported.",,,"sipfed.online.lync.com","HybridOnlineTeamsOnlyUser",
"Mat Cantarella","mat.cantarella@fkg.com.au",,"True","AU","AU",,,"tel:+61746200560","Not Yet Supported.",,,"sipfed.online.lync.com","HybridOnlineTeamsOnlyUser",
"Melanie Fellows","melanie.fellows@fkg.com.au",,"True","AU","AU",,,"tel:+61746200580","Not Yet Supported.",,,"sipfed.online.lync.com","HybridOnlineTeamsOnlyUser",
"Melody Yuan","melody.yuan@fkg.com.au",,"True","AU","AU",,,"tel:+61733546596","Not Yet Supported.",,,"sipfed.online.lync.com","HybridOnlineTeamsOnlyUser",
"Monica English","monica.english@fkg.com.au",,"True","AU","AU",,,"tel:+61746200598","Not Yet Supported.",,,"sipfed.online.lync.com","HybridOnlineTeamsOnlyUser",
"Nick Gardner","nick.gardner@fkg.com.au",,"True","AU","AU",,,"tel:+61733546531","Not Yet Supported.",,,"sipfed.online.lync.com","HybridOnlineTeamsOnlyUser",
"Niree Cowan","niree.cowan@fkg.com.au",,"True","AU","AU",,,"tel:+61746141753","Not Yet Supported.",,,"sipfed.online.lync.com","HybridOnlineTeamsOnlyUser",
"Penny McColley","penny.mccolley@fkg.com.au",,"True","AU","AU",,,"tel:+61746200594","Not Yet Supported.",,,"sipfed.online.lync.com","HybridOnlineActiveDirectoryDisabledUser",
"Rhielly Smith","rhielly.smith@nrgservicesqld.com.au",,"True","AU","AU",,,"tel:+61746200596","Not Yet Supported.",,,"sipfed.online.lync.com","HybridOnlineTeamsOnlyUser",
"Samantha Male","samantha.johanson@fkg.com.au",,"True","AU","AU",,,"tel:+61746200544","Not Yet Supported.",,,"sipfed.online.lync.com","HybridOnlineTeamsOnlyUser",
"Sam Valentine","samuel.valentine@fkg.com.au",,"True","AU","AU",,,"tel:+61733547874","Not Yet Supported.",,,"sipfed.online.lync.com","HybridOnlineTeamsOnlyUser",
"Sarah Whitbourne","sarah.whitbourne@fkg.com.au",,"True","AU","AU",,,"tel:+61733546563","Not Yet Supported.",,,"sipfed.online.lync.com","HybridOnlineTeamsOnlyUser",
"Scott Carter","scott.carter@fkg.com.au",,"True","AU","AU",,,"tel:+61746200578","Not Yet Supported.",,,"sipfed.online.lync.com","HybridOnlineTeamsOnlyUser",
"Shane Cash","shane.cash@ezyquip.com.au",,"True","AU","AU",,,"tel:+61746141759","Not Yet Supported.",,,"sipfed.online.lync.com","HybridOnlineTeamsOnlyUser",
"Shelbie Hanlon","shelbie.hanlon@fkg.com.au",,"True","AU","AU",,,"tel:+61746141760","Not Yet Supported.",,,"sipfed.online.lync.com","HybridOnlineTeamsOnlyUser",
"Sid Pathak","sid.pathak@fkg.com.au",,"True","AU","AU",,,"tel:+61733547876","Not Yet Supported.",,,"sipfed.online.lync.com","HybridOnlineTeamsOnlyUser",
"Simone Fox","simone.fox@fkg.com.au",,"True","AU","AU",,,"tel:+61746141761","Not Yet Supported.",,,"sipfed.online.lync.com","HybridOnlineTeamsOnlyUser",
"Sophie Stocker","sophie.stocker@nrgservicesqld.com.au",,"True","AU","AU",,,"tel:+61746141762","Not Yet Supported.",,,"sipfed.online.lync.com","HybridOnlineTeamsOnlyUser",
"Stacey Phillips","stacey.phillips@nrgservicesqld.com.au",,"True","AU","AU",,,"tel:+61746903707","Not Yet Supported.",,,"sipfed.online.lync.com","HybridOnlineTeamsOnlyUser",
"Tenille Evans","tenille.evans@nrgservicesqld.com.au",,"True","AU","AU",,,"tel:+61746903731","Not Yet Supported.",,,"sipfed.online.lync.com","HybridOnlineTeamsOnlyUser",
"Travis Michael","travis.michael@ezyquip.com.au",,"True","AU","AU",,,"tel:+61746141764","Not Yet Supported.",,,"sipfed.online.lync.com","HybridOnlineTeamsOnlyUser",
"Trent Mason","trent.mason@fkg.com.au",,"True","AU","AU",,,"tel:+61746141765","Not Yet Supported.",,,"sipfed.online.lync.com","HybridOnlineTeamsOnlyUser",
"Wayne Mcphee","wayne.mcphee@ezyquip.com.au",,"True","AU","AU",,,"tel:+61746141766","Not Yet Supported.",,,"sipfed.online.lync.com","HybridOnlineTeamsOnlyUser",
"William Scott","william.scott@fkg.com.au",,"True","AU","AU",,,"tel:+61746200528","Not Yet Supported.",,,"sipfed.online.lync.com","HybridOnlineTeamsOnlyUser",
