"AccountEnabled","AccountType","Alias","ApplicationAccessPolicy","AssignedPlan","CallingLineIdentity","City","Company","Country","Department","DialPlan","DisplayName","EnterpriseVoiceEnabled","ExternalAccessPolicy","FeatureTypes","GivenName","HideFromAddressLists","HostingProvider","Identity","InterpretedUserType","IsSipEnabled","LastName","LineUri","LocationPolicy","OnPremEnterpriseVoiceEnabled","OnPremHostingProvider","OnPremLineUri","OnPremOptionFlags","OnPremSIPEnabled","OnPremSipAddress","OnlineAudioConferencingRoutingPolicy","OnlineDialOutPolicy","OnlineVoiceRoutingPolicy","OnlineVoicemailPolicy","OwnerUrn","PostalCode","PreferredDataLocation","PreferredLanguage","ProvisionedPlan","ProxyAddresses","ShadowProxyAddresses","SipAddress","SoftDeletionTimestamp","StateOrProvince","Street","TeamsAppPermissionPolicy","TeamsAppSetupPolicy","TeamsAudioConferencingPolicy","TeamsCallHoldPolicy","TeamsCallParkPolicy","TeamsCallingPolicy","TeamsCarrierEmergencyCallRoutingPolicy","TeamsChannelsPolicy","TeamsComplianceRecordingPolicy","TeamsCortanaPolicy","TeamsEducationAssignmentsAppPolicy","TeamsEmergencyCallRoutingPolicy","TeamsEmergencyCallingPolicy","TeamsEnhancedEncryptionPolicy","TeamsFeedbackPolicy","TeamsFilesPolicy","TeamsIPPhonePolicy","TeamsMeetingBrandingPolicy","TeamsMeetingBroadcastPolicy","TeamsMeetingPolicy","TeamsMessagingPolicy","TeamsMobilityPolicy","TeamsNetworkRoamingPolicy","TeamsNotificationAndFeedsPolicy","TeamsOwnersPolicy","TeamsRoomVideoTeleConferencingPolicy","TeamsShiftsAppPolicy","TeamsShiftsPolicy","TeamsSurvivableBranchAppliancePolicy","TeamsSyntheticAutomatedCallPolicy","TeamsTargetingPolicy","TeamsTasksPolicy","TeamsTemplatePermissionPolicy","TeamsUpdateManagementPolicy","TeamsUpgradeEffectiveMode","TeamsUpgradeNotificationsEnabled","TeamsUpgradeOverridePolicy","TeamsUpgradePolicy","TeamsUpgradePolicyIsReadOnly","TeamsVdiPolicy","TeamsVerticalPackagePolicy","TeamsVideoInteropServicePolicy","TeamsVoiceApplicationsPolicy","TenantDialPlan","TenantId","Title","UsageLocation","UserDirSyncEnabled","UserPrincipalName","WhenChanged"
"True","User","hvccltboardroom",,"Microsoft.Teams.ConfigAPI.Cmdlets.Generated.Models.IAssignedPlan[]",,,,,,"AU","_HVCCC Boardroom","True",,"System.String[]","_HVCCC Boardroom","False","sipfed.online.lync.com","bdfbf259-39b8-4498-a300-8050e8259389","HybridOnlineTeamsOnlyUser","True",,"tel:+61249103541",,,"Not Yet Supported.","Not Yet Supported.",,,"Not Yet Supported.",,,"02-AU-International",,,,,,"Microsoft.Teams.ConfigAPI.Cmdlets.Generated.Models.IProvisionedPlan[]","System.String[]","System.String[]","sip:_hvcccboardroom@hvccc.com.au",,,,,,,,,,,,,,,,,,,,,,,,,,,,,,,,,,,,,,"TeamsOnly","False",,"UpgradeToTeams","ModeAndNotifications",,,,,"HVCCCDialPlan","70a10233-a54f-4cb4-9521-201c6d049916","HVCCC Boardroom","AU","True","_hvcccboardroom@hvccc.com.au",
"True","User","cHunterrooom",,"Microsoft.Teams.ConfigAPI.Cmdlets.Generated.Models.IAssignedPlan[]",,,,,,"AU","Hunter Meeting Room (12 People)","True",,"System.String[]","_HVCCC Hunter Meeting Room","False","sipfed.online.lync.com","b5a098cb-d232-4fb2-a973-a9f1851b955d","HybridOnlineTeamsOnlyUser","True",,"Tel:+61249103543",,,"Not Yet Supported.","Not Yet Supported.",,,"Not Yet Supported.",,,"01-AU-National",,"urn:device:roomsystem",,,,"Microsoft.Teams.ConfigAPI.Cmdlets.Generated.Models.IProvisionedPlan[]","System.String[]","System.String[]","sip:_hvccchunterroom@hvccc.com.au",,,,,,,,,,,,,,,,,,,,,,,,,,,,,,,,,,,,,,"TeamsOnly","False",,"UpgradeToTeams","ModeAndNotifications",,,,,"HVCCCDialPlan","70a10233-a54f-4cb4-9521-201c6d049916",,"AU","True","_hvccchunterroom@hvccc.com.au",
"False","ResourceAccount","aa-accounts",,"Microsoft.Teams.ConfigAPI.Cmdlets.Generated.Models.IAssignedPlan[]",,,,,"Microsoft Communication Application Instance","AU","Accounts & Payroll","True",,"System.String[]",,"False","sipfed.online.lync.com","b8ef9be6-510c-4d71-9cd5-f69a44b452a7","PureOnlineApplicationInstance","True",,"tel:+61249103522",,,"Not Yet Supported.","Not Yet Supported.",,,"Not Yet Supported.",,,,,"urn:trustedonlineplatformapplication:ce933385-9390-45d1-9512-c8d228074e07",,,,"Microsoft.Teams.ConfigAPI.Cmdlets.Generated.Models.IProvisionedPlan[]","System.String[]","System.String[]","sip:aa-accounts@hvccc.onmicrosoft.com",,,,,,,,,,,,,,,,,,,,,,,,,,,,,,,,,,,,,,"TeamsOnly","False",,"UpgradeToTeams","ModeAndNotifications",,,,,,"70a10233-a54f-4cb4-9521-201c6d049916",,"AU",,"aa-accounts@hvccc.onmicrosoft.com",
"False","ResourceAccount","aa-bh.app.support",,"Microsoft.Teams.ConfigAPI.Cmdlets.Generated.Models.IAssignedPlan[]",,,,,"Microsoft Communication Application Instance","AU","Business Hours Application Support","True",,"System.String[]",,"False","sipfed.online.lync.com","6ba28590-6351-4d70-ae9e-80acbd9621aa","PureOnlineApplicationInstance","True",,"tel:+61249103599",,,"Not Yet Supported.","Not Yet Supported.",,,"Not Yet Supported.",,,,,"urn:trustedonlineplatformapplication:ce933385-9390-45d1-9512-c8d228074e07",,,,"Microsoft.Teams.ConfigAPI.Cmdlets.Generated.Models.IProvisionedPlan[]","System.String[]","System.String[]","sip:aa-bh.app.support@hvccc.onmicrosoft.com",,,,,,,,,,,,,,,,,,,,,,,,,,,,,,,,,,,,,,"TeamsOnly","False",,"UpgradeToTeams","ModeAndNotifications",,,,,,"70a10233-a54f-4cb4-9521-201c6d049916",,"AU",,"aa-bh.app.support@hvccc.onmicrosoft.com",
"False","ResourceAccount","AA-ENTAG-TEST",,"Microsoft.Teams.ConfigAPI.Cmdlets.Generated.Models.IAssignedPlan[]",,,,,"Microsoft Communication Application Instance","AU","AA-ENTAG-TEST","True",,"System.String[]",,,"sipfed.online.lync.com","b5b3ca2b-62b6-4ab9-a14e-5cd588ee8e3b","PureOnlineApplicationInstance","True",,"tel:+61249103513",,,"Not Yet Supported.","Not Yet Supported.",,,"Not Yet Supported.",,,"02-AU-International",,"urn:trustedonlineplatformapplication:ce933385-9390-45d1-9512-c8d228074e07",,,,"Microsoft.Teams.ConfigAPI.Cmdlets.Generated.Models.IProvisionedPlan[]","System.String[]","System.String[]","sip:aa-entag-test@hvccc.onmicrosoft.com",,,,,,,,,,,,,,,,,,,,,,,,,,,,,,,,,,,,,,"TeamsOnly","False",,"UpgradeToTeams","ModeAndNotifications",,,,,,"70a10233-a54f-4cb4-9521-201c6d049916",,"AU",,"AA-ENTAG-TEST@hvccc.onmicrosoft.com",
"True","User","anewburn",,"Microsoft.Teams.ConfigAPI.Cmdlets.Generated.Models.IAssignedPlan[]",,,"HVCCC","Australia","CEO Office","AU","Amanda Newburn","True","FederationAndPICDefault","System.String[]","Amanda","False","sipfed.online.lync.com","bc38db65-37ec-44fc-8186-ad2addd6b7f6","HybridOnlineTeamsOnlyUser","True","Newburn","tel:+61249103523",,,"Not Yet Supported.","Not Yet Supported.",,,"Not Yet Supported.",,,"01-AU-National",,,"2292",,,"Microsoft.Teams.ConfigAPI.Cmdlets.Generated.Models.IProvisionedPlan[]","System.String[]","System.String[]","sip:amanda.newburn@hvccc.com.au",,"NSW",,,,,,,,,,,,,,,,,,,,,,,,,,,,,,,,,,,,"TeamsOnly","False",,"UpgradeToTeams","ModeAndNotifications",,,,,"HVCCCDialPlan","70a10233-a54f-4cb4-9521-201c6d049916","Executive Assistant and Board Support","AU","True","anewburn@hvccc.com.au",
"True","User","AdamRussell",,"Microsoft.Teams.ConfigAPI.Cmdlets.Generated.Models.IAssignedPlan[]",,,"HVCCC","Australia","Service Delivery","AU","Adam Russell","True","FederationAndPICDefault","System.String[]","Adam",,"sipfed.online.lync.com","28acb848-53ea-4c97-8742-f80c3b317815","HybridOnlineTeamsOnlyUser","True","Russell","tel:+61249103562",,,"Not Yet Supported.","Not Yet Supported.",,,"Not Yet Supported.",,,"01-AU-National",,,"2292",,,"Microsoft.Teams.ConfigAPI.Cmdlets.Generated.Models.IProvisionedPlan[]","System.String[]","System.String[]","sip:Adam.Russell@hvccc.com.au",,"NSW","45 Lambton Road Broadmeadow",,,,,,,,,,,,,,,,,,,,,,,,,,,,,,,,,,,"TeamsOnly","False",,"UpgradeToTeams","ModeAndNotifications",,,,,"HVCCCDialPlan","70a10233-a54f-4cb4-9521-201c6d049916","Strategic Planning Lead","AU","True","arussell@hvccc.com.au",
"True","User","avandervoort",,"Microsoft.Teams.ConfigAPI.Cmdlets.Generated.Models.IAssignedPlan[]",,,"HVCCC","Australia","Service Delivery","AU","Alex Vandervoort","True","FederationAndPICDefault","System.String[]","Alex","False","sipfed.online.lync.com","66fcf799-a533-4c3f-bfb1-417b0d73feba","HybridOnlineTeamsOnlyUser","True","Vandervoort","tel:+61249103525",,,"Not Yet Supported.","Not Yet Supported.",,,"Not Yet Supported.",,,"01-AU-National",,,"2292",,,"Microsoft.Teams.ConfigAPI.Cmdlets.Generated.Models.IProvisionedPlan[]","System.String[]","System.String[]","sip:Alex.Vandervoort@hvccc.com.au",,"NSW",,,,,,,,,,,,,,,,,,,,,,,,,,,,,,,,,,,,"TeamsOnly","False",,"UpgradeToTeams","ModeAndNotifications",,,,,"HVCCCDialPlan","70a10233-a54f-4cb4-9521-201c6d049916","Continuous Improvement Lead","AU","True","avandervoort@hvccc.com.au",
"True","User","awaugh",,"Microsoft.Teams.ConfigAPI.Cmdlets.Generated.Models.IAssignedPlan[]",,,"HVCCC","Australia","Capacity Planning","AU","Adam Waugh","True",,"System.String[]","Adam",,"sipfed.online.lync.com","84f6c1b7-fb65-4be6-8571-c7b223a40049","HybridOnlineTeamsOnlyUser","True","Waugh","tel:+61249103571",,,"Not Yet Supported.","Not Yet Supported.",,,"Not Yet Supported.",,,"01-AU-National",,,"2292",,,"Microsoft.Teams.ConfigAPI.Cmdlets.Generated.Models.IProvisionedPlan[]","System.String[]","System.String[]","sip:Adam.Waugh@hvccc.com.au",,"NSW",,,,,,,,,,,,,,,,,,,,,,,,,,,,,,,,,,,,"TeamsOnly","False",,"UpgradeToTeams","ModeAndNotifications",,,,,"HVCCCDialPlan","70a10233-a54f-4cb4-9521-201c6d049916","Strategic Planning Analyst","AU","True","awaugh@hvccc.com.au",
"True","User","bedwards",,"Microsoft.Teams.ConfigAPI.Cmdlets.Generated.Models.IAssignedPlan[]",,,"HVCCC",,"Business Services","AU","Bronte Edwards","True",,"System.String[]","Bronte","False","sipfed.online.lync.com","e29339c7-271e-4b19-ab8b-f82ab566c9cc","HybridOnlineTeamsOnlyUser","True","Edwards","Tel:+61249103542",,,"Not Yet Supported.","Not Yet Supported.",,,"Not Yet Supported.",,,"01-AU-National",,,,,,"Microsoft.Teams.ConfigAPI.Cmdlets.Generated.Models.IProvisionedPlan[]","System.String[]","System.String[]","sip:bedwards@hvccc.com.au",,,,,,,,,,,,,,,,,,,,,,,,,,,,,,,,,,,,,,"TeamsOnly","False",,"UpgradeToTeams","ModeAndNotifications",,,,,"HVCCCDialPlan","70a10233-a54f-4cb4-9521-201c6d049916","Supply Chain Analyst","AU","True","bedwards@hvccc.com.au",
"True","User","BrettEeles",,"Microsoft.Teams.ConfigAPI.Cmdlets.Generated.Models.IAssignedPlan[]",,,"HVCCC","Australia","Business Services","AU","Brett Eeles","True","FederationAndPICDefault","System.String[]","Brett","False","sipfed.online.lync.com","5ec0cd95-9a04-428f-9f2f-67c59dc565fd","HybridOnlineTeamsOnlyUser","True","Eeles","tel:+61249103527",,,"Not Yet Supported.","Not Yet Supported.",,,"Not Yet Supported.",,,"01-AU-National",,,"2292",,,"Microsoft.Teams.ConfigAPI.Cmdlets.Generated.Models.IProvisionedPlan[]","System.String[]","System.String[]","sip:Brett.Eeles@hvccc.com.au",,"NSW","45 Lambton Road Broadmeadow",,,,,,,,,,,,,,,,,,,,,,,,,,,,,,,,,,,"TeamsOnly","False",,"UpgradeToTeams","ModeAndNotifications",,,,,"HVCCCDialPlan","70a10233-a54f-4cb4-9521-201c6d049916","Core Systems Developer","AU","True","beeles@hvccc.com.au",
"True","User","_HVCCCCAPPlanners",,"Microsoft.Teams.ConfigAPI.Cmdlets.Generated.Models.IAssignedPlan[]",,,,,,"AU","CAP Planners","True","FederationAndPICDefault","System.String[]","_HVCCC CAP Planners","False","sipfed.online.lync.com","25aa991d-138e-49b1-95f7-c2fc8e6bcffe","HybridOnlineTeamsOnlyUser","True",,"tel:+61249103579",,,"Not Yet Supported.","Not Yet Supported.",,,"Not Yet Supported.",,,"01-AU-National",,,,,,"Microsoft.Teams.ConfigAPI.Cmdlets.Generated.Models.IProvisionedPlan[]","System.String[]","System.String[]","sip:cap.planner@hvccc.com.au",,,,,,,,,,,,,,,,,,,,,,,,,,,,,,,,,,,,,,"TeamsOnly","False",,"UpgradeToTeams","ModeAndNotifications",,,,,"HVCCCDialPlan","70a10233-a54f-4cb4-9521-201c6d049916",,"AU","True","cap.planner@hvccc.com.au",
"True","User","_HVCCCCASPlanners",,"Microsoft.Teams.ConfigAPI.Cmdlets.Generated.Models.IAssignedPlan[]",,,,,,"AU","_HVCCC CAS Planners","True","FederationAndPICDefault","System.String[]","_HVCCC CAS Planners","False","sipfed.online.lync.com","4b8444fc-d3ba-43ba-9f10-d34037fc1a62","HybridOnlineTeamsOnlyUser","True",,"tel:+61249103584",,,"Not Yet Supported.","Not Yet Supported.",,,"Not Yet Supported.",,,"01-AU-National",,,,,,"Microsoft.Teams.ConfigAPI.Cmdlets.Generated.Models.IProvisionedPlan[]","System.String[]","System.String[]","sip:cas.planner@hvccc.com.au",,,,,,,,,,,,,,,,,,,,,,,,,,,,,,,,,,,,,,"TeamsOnly","False",,"UpgradeToTeams","ModeAndNotifications",,,,,"HVCCCDialPlan","70a10233-a54f-4cb4-9521-201c6d049916",,"AU","True","cas.planner@hvccc.com.au",
"True","User","_HVCCC.CAS2.Pl",,"Microsoft.Teams.ConfigAPI.Cmdlets.Generated.Models.IAssignedPlan[]",,,,,,"AU","CAS Planners","True","FederationAndPICDefault","System.String[]","_CAS Planners 2","False","sipfed.online.lync.com","13a2adfb-fefc-4da3-b87f-951645cd9aa9","HybridOnlineTeamsOnlyUser","True",,"tel:+61249103578",,,"Not Yet Supported.","Not Yet Supported.",,,"Not Yet Supported.",,,"01-AU-National",,,,,,"Microsoft.Teams.ConfigAPI.Cmdlets.Generated.Models.IProvisionedPlan[]","System.String[]","System.String[]","sip:cas2.planner@hvccc.com.au",,,,,,,,,,,,,,,,,,,,,,,,,,,,,,,,,,,,,,"TeamsOnly","False",,"UpgradeToTeams","ModeAndNotifications",,,,,"HVCCCDialPlan","70a10233-a54f-4cb4-9521-201c6d049916",,"AU","True","cas2.planner@hvccc.com.au",
"True","User","ChloeBlake",,"Microsoft.Teams.ConfigAPI.Cmdlets.Generated.Models.IAssignedPlan[]",,,"HVCCC",,"HR","AU","Chloe Blake","True","FederationAndPICDefault","System.String[]","Chloe",,"sipfed.online.lync.com","a471e8f2-e5ff-44e2-93be-0ce40dd725f9","HybridOnlineTeamsOnlyUser","True","Blake","tel:+61249103590",,,"Not Yet Supported.","Not Yet Supported.",,,"Not Yet Supported.",,,"01-AU-National",,,,,,"Microsoft.Teams.ConfigAPI.Cmdlets.Generated.Models.IProvisionedPlan[]","System.String[]","System.String[]","sip:Chloe.Blake@hvccc.com.au",,,,,,,,,,,,,,,,,,,,,,,,,,,,,,,,,,,,,,"TeamsOnly","False",,"UpgradeToTeams","ModeAndNotifications",,,,,"HVCCCDialPlan","70a10233-a54f-4cb4-9521-201c6d049916","HR Consultant","AU","True","cblake@hvccc.com.au",
"True","User","CraigLong",,"Microsoft.Teams.ConfigAPI.Cmdlets.Generated.Models.IAssignedPlan[]",,,"HVCCC","Australia","Capacity Planning","AU","Craig Long","True","FederationAndPICDefault","System.String[]","Craig",,"sipfed.online.lync.com","f8047de9-ce64-4bad-a307-04a367983598","HybridOnlineTeamsOnlyUser","True","Long","tel:+61249103524",,,"Not Yet Supported.","Not Yet Supported.",,,"Not Yet Supported.",,,"01-AU-National",,,"2292",,,"Microsoft.Teams.ConfigAPI.Cmdlets.Generated.Models.IProvisionedPlan[]","System.String[]","System.String[]","sip:Craig.Long@hvccc.com.au",,"NSW","45 Lambton Road Broadmeadow",,,,,,,,,,,,,,,,,,,,,,,,,,,,,,,,,,,"TeamsOnly","False",,"UpgradeToTeams","ModeAndNotifications",,,,,"HVCCCDialPlan","70a10233-a54f-4cb4-9521-201c6d049916","Capacity Planning Manager","AU","True","clong@hvccc.com.au",
"False","ResourceAccount","cq-bh.app.escalation",,"Microsoft.Teams.ConfigAPI.Cmdlets.Generated.Models.IAssignedPlan[]",,,,,"Microsoft Communication Application Instance","AU","CQ - BH App Support L2","True",,"System.String[]",,"False","sipfed.online.lync.com","a7ec265d-3f16-4ba3-9446-e69b14fc4f44","PureOnlineApplicationInstance","True",,"tel:+61249103530",,,"Not Yet Supported.","Not Yet Supported.",,,"Not Yet Supported.",,,"01-AU-National",,"urn:trustedonlineplatformapplication:11cd3e2e-fccb-42ad-ad00-878b93575e07",,,,"Microsoft.Teams.ConfigAPI.Cmdlets.Generated.Models.IProvisionedPlan[]","System.String[]","System.String[]","sip:cq-bh.app.escalation@hvccc.onmicrosoft.com",,,,,,,,,,,,,,,,,,,,,,,,,,,,,,,,,,,,,,"TeamsOnly","False",,"UpgradeToTeams","ModeAndNotifications",,,,,,"70a10233-a54f-4cb4-9521-201c6d049916",,"AU",,"cq-bh.app.escalation@hvccc.onmicrosoft.com",
"False","ResourceAccount","cq-reception",,"Microsoft.Teams.ConfigAPI.Cmdlets.Generated.Models.IAssignedPlan[]",,,,,"Microsoft Communication Application Instance","AU","CQ - Reception","True",,"System.String[]",,"False","sipfed.online.lync.com","533addfa-3e3f-4d20-9f55-414cdfd2da95","PureOnlineApplicationInstance","True",,"tel:+61249103500",,,"Not Yet Supported.","Not Yet Supported.",,,"Not Yet Supported.",,,,,"urn:trustedonlineplatformapplication:11cd3e2e-fccb-42ad-ad00-878b93575e07",,,,"Microsoft.Teams.ConfigAPI.Cmdlets.Generated.Models.IProvisionedPlan[]","System.String[]","System.String[]","sip:cq-reception@hvccc.onmicrosoft.com",,,,,,,,,,,,,,,,,,,,,,,,,,,,,,,,,,,,,,"TeamsOnly","False",,"UpgradeToTeams","ModeAndNotifications",,,,,,"70a10233-a54f-4cb4-9521-201c6d049916",,"AU",,"cq-reception@hvccc.onmicrosoft.com",
"False","ResourceAccount","cq-reporting-samuelmorris",,"Microsoft.Teams.ConfigAPI.Cmdlets.Generated.Models.IAssignedPlan[]",,,,,"Microsoft Communication Application Instance","AU","Reporting","True",,"System.String[]",,"False","sipfed.online.lync.com","07923e89-c615-4f7f-bb70-5e3a9b5616c8","PureOnlineApplicationInstance","True",,"tel:+61249103580",,,"Not Yet Supported.","Not Yet Supported.",,,"Not Yet Supported.",,,,,"urn:trustedonlineplatformapplication:11cd3e2e-fccb-42ad-ad00-878b93575e07",,,,"Microsoft.Teams.ConfigAPI.Cmdlets.Generated.Models.IProvisionedPlan[]","System.String[]","System.String[]","sip:cq-reporting-samuelmorris@hvccc.onmicrosoft.com",,,,,,,,,,,,,,,,,,,,,,,,,,,,,,,,,,,,,,"TeamsOnly","False",,"UpgradeToTeams","ModeAndNotifications",,,,,,"70a10233-a54f-4cb4-9521-201c6d049916",,"AU",,"cq-reporting-samuelmorris@hvccc.onmicrosoft.com",
"False","ResourceAccount","cqservicecoord",,"Microsoft.Teams.ConfigAPI.Cmdlets.Generated.Models.IAssignedPlan[]",,,,,"Microsoft Communication Application Instance","AU","CQ-servicecoord","True",,"System.String[]",,,"sipfed.online.lync.com","96532570-5a5e-4f3f-b4e0-7aa76420397c","PureOnlineApplicationInstance","True",,"tel:+61249103539",,,"Not Yet Supported.","Not Yet Supported.",,,"Not Yet Supported.",,,,,"urn:trustedonlineplatformapplication:11cd3e2e-fccb-42ad-ad00-878b93575e07",,,,"Microsoft.Teams.ConfigAPI.Cmdlets.Generated.Models.IProvisionedPlan[]","System.String[]","System.String[]","sip:cqservicecoord@hvccc.com.au",,,,,,,,,,,,,,,,,,,,,,,,,,,,,,,,,,,,,,"TeamsOnly","False",,"UpgradeToTeams","ModeAndNotifications",,,,,,"70a10233-a54f-4cb4-9521-201c6d049916",,"AU",,"cqservicecoord@hvccc.com.au",
"True","User","cseysener",,"Microsoft.Teams.ConfigAPI.Cmdlets.Generated.Models.IAssignedPlan[]",,,"HVCCC","Australia","Business Services","AU","Chris Seysener","True","FederationAndPICDefault","System.String[]","Chris",,"sipfed.online.lync.com","25a54c4b-73f2-4c24-b7ee-142438ce2179","HybridOnlineTeamsOnlyUser","True","Seysener","tel:+61249103575",,,"Not Yet Supported.","Not Yet Supported.",,,"Not Yet Supported.",,,"01-AU-National",,,"2292",,,"Microsoft.Teams.ConfigAPI.Cmdlets.Generated.Models.IProvisionedPlan[]","System.String[]","System.String[]","sip:Chris.Seysener@hvccc.com.au",,"NSW",,,,,,,"Transcript Enabled",,,,,,,,,,,,,,,,,,,,,,,,,,,,,"TeamsOnly","False",,"UpgradeToTeams","ModeAndNotifications",,,,,"HVCCCDialPlan","70a10233-a54f-4cb4-9521-201c6d049916","Chief Information Officer","AU","True","CSeysener@hvccc.com.au",
"True","User","csmith",,"Microsoft.Teams.ConfigAPI.Cmdlets.Generated.Models.IAssignedPlan[]",,,"HVCCC","Australia","Business Services","AU","Craig Smith","True","FederationAndPICDefault","System.String[]","Craig","False","sipfed.online.lync.com","da690c58-c638-468b-9ce6-15db7900440d","HybridOnlineTeamsOnlyUser","True","Smith","tel:+61249103516",,,"Not Yet Supported.","Not Yet Supported.",,,"Not Yet Supported.",,,"01-AU-National",,,"2292",,,"Microsoft.Teams.ConfigAPI.Cmdlets.Generated.Models.IProvisionedPlan[]","System.String[]","System.String[]","sip:Craig.Smith@hvccc.com.au",,"NSW",,,,,,,,,,,,,,,,,,,,,,,,,,,,,,,,,,,,"TeamsOnly","False",,"UpgradeToTeams","ModeAndNotifications",,,,,"HVCCCDialPlan","70a10233-a54f-4cb4-9521-201c6d049916","Core Systems Developer","AU","True","csmith@hvccc.com.au",
"True","User","dbhatti",,"Microsoft.Teams.ConfigAPI.Cmdlets.Generated.Models.IAssignedPlan[]",,,"HVCCC",,"Service Delivery","AU","Darshit Bhatti","True",,"System.String[]","Darshit",,"sipfed.online.lync.com","12fb66b6-22bc-44c0-a37a-344b718f285b","HybridOnlineTeamsOnlyUser","True","Bhatti","tel:+61249103505",,,"Not Yet Supported.","Not Yet Supported.",,,"Not Yet Supported.",,,"01-AU-National",,,,,,"Microsoft.Teams.ConfigAPI.Cmdlets.Generated.Models.IProvisionedPlan[]","System.String[]","System.String[]","sip:dbhatti@hvccc.com.au",,,,,,,,,,,,,,,,,,,,,,,,,,,,,,,,,,,,,,"TeamsOnly","False",,"UpgradeToTeams","ModeAndNotifications",,,,,"HVCCCDialPlan","70a10233-a54f-4cb4-9521-201c6d049916","Operations Planner","AU","True","dbhatti@hvccc.com.au",
"True","User","dmakay",,"Microsoft.Teams.ConfigAPI.Cmdlets.Generated.Models.IAssignedPlan[]",,,"HVCCC",,"Business Services","AU","Duncan Mackay","True","FederationAndPICDefault","System.String[]","Duncan","False","sipfed.online.lync.com","680e57fa-7117-4b46-bb1d-9e36f78794a3","HybridOnlineTeamsOnlyUser","True","Mackay","tel:+61249103520",,,"Not Yet Supported.","Not Yet Supported.",,,"Not Yet Supported.",,,"01-AU-National",,,,,,"Microsoft.Teams.ConfigAPI.Cmdlets.Generated.Models.IProvisionedPlan[]","System.String[]","System.String[]","sip:Duncan.Makay@hvccc.com.au",,,,,,,,,,,,,,,,,,,,,,,,,,,,,,,,,,,,,,"TeamsOnly","False",,"UpgradeToTeams","ModeAndNotifications",,,,,"HVCCCDialPlan","70a10233-a54f-4cb4-9521-201c6d049916","Systems Business Analyst","AU","True","dmackay@hvccc.com.au",
"True","User","dprosser",,"Microsoft.Teams.ConfigAPI.Cmdlets.Generated.Models.IAssignedPlan[]",,,"HVCCC","Australia","Business Services","AU","David Prosser","True","FederationAndPICDefault","System.String[]","David",,"sipfed.online.lync.com","3369ed45-7b6e-463b-a4b0-d087697f3e93","HybridOnlineTeamsOnlyUser","True","Prosser","tel:+61249103511",,,"Not Yet Supported.","Not Yet Supported.",,,"Not Yet Supported.",,,"01-AU-National",,,"2292",,,"Microsoft.Teams.ConfigAPI.Cmdlets.Generated.Models.IProvisionedPlan[]","System.String[]","System.String[]","sip:David.Prosser@hvccc.com.au",,"NSW",,,,,,,,,,,,,,,,,,,,,,,,,,,,,,,,,,,,"TeamsOnly","False",,"UpgradeToTeams","ModeAndNotifications",,,,,"HVCCCDialPlan","70a10233-a54f-4cb4-9521-201c6d049916","Core Systems Developer","AU","True","dprosser@hvccc.com.au",
"True","User","drodham",,"Microsoft.Teams.ConfigAPI.Cmdlets.Generated.Models.IAssignedPlan[]",,,"HVCCC",,"Service Delivery","AU","David Rodham","True",,"System.String[]","David",,"sipfed.online.lync.com","3311b20b-0ad8-46be-bf7c-34e3fc6c4f3e","HybridOnlineTeamsOnlyUser","True","Rodham","tel:+61249103501",,,"Not Yet Supported.","Not Yet Supported.",,,"Not Yet Supported.",,,"01-AU-National",,,,,,"Microsoft.Teams.ConfigAPI.Cmdlets.Generated.Models.IProvisionedPlan[]","System.String[]","System.String[]","sip:drodham@hvccc.com.au",,,,,,,,,,,,,,,,,,,,,,,,,,,,,,,,,,,,,,"TeamsOnly","False",,"UpgradeToTeams","ModeAndNotifications",,,,,"HVCCCDialPlan","70a10233-a54f-4cb4-9521-201c6d049916","Operations Planner","AU","True","drodham@hvccc.com.au",
"True","User","_HVCCCDynamicschedulers",,"Microsoft.Teams.ConfigAPI.Cmdlets.Generated.Models.IAssignedPlan[]",,,,,,"AU","Dynamic Scheduler","True","FederationAndPICDefault","System.String[]",,"False","sipfed.online.lync.com","a54cd30b-8a47-4c59-8e59-b0b5516d1f44","HybridOnlineTeamsOnlyUser","True",,"tel:+61249103538",,,"Not Yet Supported.","Not Yet Supported.",,,"Not Yet Supported.",,,"01-AU-National",,,,,,"Microsoft.Teams.ConfigAPI.Cmdlets.Generated.Models.IProvisionedPlan[]","System.String[]","System.String[]","sip:Dynamic.schedulers@hvccc.com.au",,,,,,,,,,,,,,,,,,,,,,,,,,,,,,,,,,,,,,"TeamsOnly","False",,"UpgradeToTeams","ModeAndNotifications",,,,,"HVCCCDialPlan","70a10233-a54f-4cb4-9521-201c6d049916",,"AU","True","Dynamic.schedulers@hvccc.com.au",
"True","User","Evan.Harris",,"Microsoft.Teams.ConfigAPI.Cmdlets.Generated.Models.IAssignedPlan[]",,,"HVCCC",,"Business Services","AU","Evan Harris","True","FederationAndPICDefault","System.String[]","Evan",,"sipfed.online.lync.com","c30eccaf-1c93-4baa-bd35-059ffebff886","HybridOnlineTeamsOnlyUser","True","Harris","tel:+61249103593",,,"Not Yet Supported.","Not Yet Supported.",,,"Not Yet Supported.",,,"01-AU-National",,,,,,"Microsoft.Teams.ConfigAPI.Cmdlets.Generated.Models.IProvisionedPlan[]","System.String[]","System.String[]","sip:evan.harris@hvccc.com.au",,,,,,,,,,,,,,,,,,,,,,,,,,,,,,,,,,,,,,"TeamsOnly","False",,"UpgradeToTeams","ModeAndNotifications",,,,,"HVCCCDialPlan","70a10233-a54f-4cb4-9521-201c6d049916","Planning Systems and PMO Lead","AU","True","EHarris@hvccc.com.au",
"True","User","gchisholm",,"Microsoft.Teams.ConfigAPI.Cmdlets.Generated.Models.IAssignedPlan[]",,,"HVCCC",,"Corporate Services","AU","Grace Chisholm","True",,"System.String[]","Grace",,"sipfed.online.lync.com","ed2a5e87-e3fc-4aa7-b89e-a4a3b4173712","HybridOnlineTeamsOnlyUser","True","Chisholm","tel:+61249103529",,,"Not Yet Supported.","Not Yet Supported.",,,"Not Yet Supported.",,,"01-AU-National",,,,,,"Microsoft.Teams.ConfigAPI.Cmdlets.Generated.Models.IProvisionedPlan[]","System.String[]","System.String[]","sip:gchisholm@hvccc.com.au",,,,,,,,,,,,,,,,,,,,,,,,,,,,,,,,,,,,,,"TeamsOnly","False",,"UpgradeToTeams","ModeAndNotifications",,,,,"HVCCCDialPlan","70a10233-a54f-4cb4-9521-201c6d049916","Administration Officer","AU","True","gchisholm@hvccc.com.au",
"True","User","hibbotson",,"Microsoft.Teams.ConfigAPI.Cmdlets.Generated.Models.IAssignedPlan[]",,,"HVCCC","Australia","Service Delivery","AU","Holly Ibbotson","True","FederationAndPICDefault","System.String[]","Holly",,"sipfed.online.lync.com","a56e1337-ba37-4d7d-9196-1651b966a6f1","HybridOnlineTeamsOnlyUser","True","Ibbotson","tel:+61249103566",,,"Not Yet Supported.","Not Yet Supported.",,,"Not Yet Supported.",,,"01-AU-National",,,"2292",,,"Microsoft.Teams.ConfigAPI.Cmdlets.Generated.Models.IProvisionedPlan[]","System.String[]","System.String[]","sip:Holly.Ibbotson@hvccc.com.au",,"NSW","45 Lambton Road Broadmeadow",,,,,,,,,,,,,,,,,,,,,,,,,,,,,,,,,,,"TeamsOnly","False",,"UpgradeToTeams","ModeAndNotifications",,,,,"HVCCCDialPlan","70a10233-a54f-4cb4-9521-201c6d049916","Service Delivery Coordinator","AU","True","hibbotson@hvccc.com.au",
"True","User","hle",,"Microsoft.Teams.ConfigAPI.Cmdlets.Generated.Models.IAssignedPlan[]",,,"HVCCC","Australia","Service Delivery","AU","Hieu Le","True","FederationAndPICDefault","System.String[]","Hieu","False","sipfed.online.lync.com","ae59a0c3-440d-4559-b63e-8721c61e45ea","HybridOnlineTeamsOnlyUser","True","Le","tel:+61249103507",,,"Not Yet Supported.","Not Yet Supported.",,,"Not Yet Supported.",,,"01-AU-National",,,"2292",,,"Microsoft.Teams.ConfigAPI.Cmdlets.Generated.Models.IProvisionedPlan[]","System.String[]","System.String[]","sip:hieu.le@hvccc.com.au",,"NSW",,,,,,,,,,,,,,,,,,,,,,,,,,,,,,,,,,,,"TeamsOnly","False",,"UpgradeToTeams","ModeAndNotifications",,,,,"HVCCCDialPlan","70a10233-a54f-4cb4-9521-201c6d049916","Dynamic Scheduler","AU","True","hle@hvccc.com.au",
"True","User","hvccc.lrith",,"Microsoft.Teams.ConfigAPI.Cmdlets.Generated.Models.IAssignedPlan[]",,,,,,"AU","HVCCC LRIT H","True",,"System.String[]","HVCCC","False","sipfed.online.lync.com","a3da3d69-de25-4062-bd2e-02aa9eb490a7","HybridOnlineTeamsOnlyUser","True","LRIT H","tel:+61249103548",,,"Not Yet Supported.","Not Yet Supported.",,,"Not Yet Supported.",,,"01-AU-National",,,,,,"Microsoft.Teams.ConfigAPI.Cmdlets.Generated.Models.IProvisionedPlan[]","System.String[]","System.String[]","sip:hvccc.lrith@hvccc.com.au",,,,,,,,,,,,,,,,,,,,,,,,,,,,,,,,,,,,,,"TeamsOnly","False",,"UpgradeToTeams","ModeAndNotifications",,,,,"HVCCCDialPlan","70a10233-a54f-4cb4-9521-201c6d049916",,"AU","True","hvccc.lrith@hvccc.com.au",
"True","User","JGollner",,"Microsoft.Teams.ConfigAPI.Cmdlets.Generated.Models.IAssignedPlan[]",,,"HVCCC","Australia","Business Services","AU","Johannes Gollner","False","FederationAndPICDefault","System.String[]","Johannes",,"sipfed.online.lync.com","ae04b9a3-c361-4fc9-add7-3fdf9762f8db","HybridOnlineTeamsOnlyUser","True","Gollner","tel:+61249103506",,,"Not Yet Supported.","Not Yet Supported.",,,"Not Yet Supported.",,,"01-AU-National",,,"2292",,,"Microsoft.Teams.ConfigAPI.Cmdlets.Generated.Models.IProvisionedPlan[]","System.String[]","System.String[]","sip:Johannes.Gollner@hvccc.com.au",,"NSW",,,,,,,,,,,,,,,,,,,,,,,,,,,,,,,,,,,,"TeamsOnly","False",,"UpgradeToTeams","ModeAndNotifications",,,,,"HVCCCDialPlan","70a10233-a54f-4cb4-9521-201c6d049916","Information Systems Developer","AU","True","JGollner@hvccc.com.au",
"True","User","JuliaPolatos",,"Microsoft.Teams.ConfigAPI.Cmdlets.Generated.Models.IAssignedPlan[]",,,"HVCCC","Australia","Capacity Planning","AU","Julia Polatos","True","FederationAndPICDefault","System.String[]","Julia","False","sipfed.online.lync.com","fcb77d8b-0d4a-49d0-b4d8-ce3a5191f0a5","HybridOnlineTeamsOnlyUser","True","Polatos","Tel:+61249103508",,,"Not Yet Supported.","Not Yet Supported.",,,"Not Yet Supported.",,,"01-AU-National",,,"2292",,,"Microsoft.Teams.ConfigAPI.Cmdlets.Generated.Models.IProvisionedPlan[]","System.String[]","System.String[]","sip:Julia.Polatos@hvccc.com.au",,"NSW","45 Lambton Road Broadmeadow",,,,,,,,,,,,,,,,,,,,,,,,,,,,,,,,,,,"TeamsOnly","False",,"UpgradeToTeams","ModeAndNotifications",,,,,"HVCCCDialPlan","70a10233-a54f-4cb4-9521-201c6d049916","Continuous Improvement Specialist","AU","True","jpolatos@hvccc.com.au",
"True","User","jthomasbailey",,"Microsoft.Teams.ConfigAPI.Cmdlets.Generated.Models.IAssignedPlan[]",,,"HVCCC",,"Corporate Services","AU","Julie Thomas-Bailey","True","FederationAndPICDefault","System.String[]","Julie","False","sipfed.online.lync.com","70427e35-245d-4eef-a9c9-4770c4ac695a","HybridOnlineTeamsOnlyUser","True","Thomas-Bailey","tel:+61249103589",,,"Not Yet Supported.","Not Yet Supported.",,,"Not Yet Supported.",,,"01-AU-National",,,,,,"Microsoft.Teams.ConfigAPI.Cmdlets.Generated.Models.IProvisionedPlan[]","System.String[]","System.String[]","sip:jthomasbailey@hvccc.com.au",,,,,,,,,,,,,,,,,,,,,,,,,,,,,,,,,,,,,,"TeamsOnly","False",,"UpgradeToTeams","ModeAndNotifications",,,,,"HVCCCDialPlan","70a10233-a54f-4cb4-9521-201c6d049916","Corporate Services Manager","AU","True","jthomasbailey@hvccc.com.au",
"True","User","jwilliams",,"Microsoft.Teams.ConfigAPI.Cmdlets.Generated.Models.IAssignedPlan[]",,,"HVCCC",,"Service Delivery","AU","Jarrod Williams","True","FederationAndPICDefault","System.String[]","Jarrod","False","sipfed.online.lync.com","aadb422c-94ae-406e-b8e5-9a1544ff4ace","HybridOnlineTeamsOnlyUser","True","Williams","tel:+61249103509",,,"Not Yet Supported.","Not Yet Supported.",,,"Not Yet Supported.",,,"01-AU-National",,,,,,"Microsoft.Teams.ConfigAPI.Cmdlets.Generated.Models.IProvisionedPlan[]","System.String[]","System.String[]","sip:Jarrod.Williams@hvccc.com.au",,,,,,,,,,,,,,,,,,,,,,,,,,,,,,,,,,,,,,"TeamsOnly","False",,"UpgradeToTeams","ModeAndNotifications",,,,,"HVCCCDialPlan","70a10233-a54f-4cb4-9521-201c6d049916","Service Delivery Coordinator","AU","True","jwilliams@hvccc.com.au",
"True","User","KevinCust",,"Microsoft.Teams.ConfigAPI.Cmdlets.Generated.Models.IAssignedPlan[]",,,"HVCCC","Australia","Business Services","AU","Kevin Cust","True","FederationAndPICDefault","System.String[]","Kevin",,"sipfed.online.lync.com","a3509985-948a-4204-adee-4bd266cbfcb9","HybridOnlineTeamsOnlyUser","True","Cust","tel:+61249103586",,,"Not Yet Supported.","Not Yet Supported.",,,"Not Yet Supported.",,,"01-AU-National",,,"2292",,,"Microsoft.Teams.ConfigAPI.Cmdlets.Generated.Models.IProvisionedPlan[]","System.String[]","System.String[]","sip:Kevin.Cust@hvccc.com.au",,"NSW","45 Lambton Road Broadmeadow",,,,,,,,,,,,,,,,,,,,,,,,,,,,,,,,,,,"TeamsOnly","False",,"UpgradeToTeams","ModeAndNotifications",,,,,"HVCCCDialPlan","70a10233-a54f-4cb4-9521-201c6d049916","Core Systems Developer","AU","True","kcust@hvccc.com.au",
"True","User","kodowd",,"Microsoft.Teams.ConfigAPI.Cmdlets.Generated.Models.IAssignedPlan[]",,,"HVCCC",,"Finance","AU","Kyle O'Dowd","True",,"System.String[]","Kyle",,"sipfed.online.lync.com","d7591dc8-5274-4fc1-b3a1-ac6fcd0fddcf","HybridOnlineTeamsOnlyUser","True","O'Dowd","Tel:+61249103585",,,"Not Yet Supported.","Not Yet Supported.",,,"Not Yet Supported.",,,"01-AU-National",,,,,,"Microsoft.Teams.ConfigAPI.Cmdlets.Generated.Models.IProvisionedPlan[]","System.String[]","System.String[]","sip:kodowd@hvccc.com.au",,,,,,,,,,,,,,,,,,,,,,,,,,,,,,,,,,,,,,"TeamsOnly","False",,"UpgradeToTeams","ModeAndNotifications",,,,,"HVCCCDialPlan","70a10233-a54f-4cb4-9521-201c6d049916","Financial Controller","AU","True","kodowd@hvccc.com.au",
"True","User","korchard",,"Microsoft.Teams.ConfigAPI.Cmdlets.Generated.Models.IAssignedPlan[]",,,"HVCCC",,"Finance","AU","Kate Orchard","True",,"System.String[]","Kate","False","sipfed.online.lync.com","20cb75aa-76f3-422e-8e12-2fe22a326671","HybridOnlineTeamsOnlyUser","True","Orchard","Tel:+61249103559",,,"Not Yet Supported.","Not Yet Supported.",,,"Not Yet Supported.",,,"01-AU-National",,,,,,"Microsoft.Teams.ConfigAPI.Cmdlets.Generated.Models.IProvisionedPlan[]","System.String[]","System.String[]","sip:korchard@hvccc.com.au",,,,,,,,,,,,,,,,,,,,,,,,,,,,,,,,,,,,,,"TeamsOnly","False",,"UpgradeToTeams","ModeAndNotifications",,,,,"HVCCCDialPlan","70a10233-a54f-4cb4-9521-201c6d049916","Payroll/Accounts Officer","AU","True","korchard@hvccc.com.au",
"True","User","krollinson",,"Microsoft.Teams.ConfigAPI.Cmdlets.Generated.Models.IAssignedPlan[]",,,"HVCCC",,"Service Delivery","AU","Kyle Rollinson","True","FederationAndPICDefault","System.String[]","Kyle","False","sipfed.online.lync.com","de8e8483-7365-4429-9d7a-5ae491ae1d66","HybridOnlineTeamsOnlyUser","True","Rollinson","tel:+61249103553",,,"Not Yet Supported.","Not Yet Supported.",,,"Not Yet Supported.",,,"01-AU-National",,,,,,"Microsoft.Teams.ConfigAPI.Cmdlets.Generated.Models.IProvisionedPlan[]","System.String[]","System.String[]","sip:Kyle.Rollinson@hvccc.com.au",,,,,,,,,,,,,,,,,,,,,,,,,,,,,,,,,,,,,,"TeamsOnly","False",,"UpgradeToTeams","ModeAndNotifications",,,,,"HVCCCDialPlan","70a10233-a54f-4cb4-9521-201c6d049916","Service Delivery Manager","AU","True","krollinson@hvccc.com.au",
"True","User","KWetzler",,"Microsoft.Teams.ConfigAPI.Cmdlets.Generated.Models.IAssignedPlan[]",,,"HVCCC",,"Business Services","AU","Karl Wetzler","True","FederationAndPICDefault","System.String[]","Karl","False","sipfed.online.lync.com","0de88efd-3ae8-405c-9b3a-3161df68434a","HybridOnlineTeamsOnlyUser","True","Wetzler","tel:+61249103510",,,"Not Yet Supported.","Not Yet Supported.",,,"Not Yet Supported.",,,"01-AU-National",,,,,,"Microsoft.Teams.ConfigAPI.Cmdlets.Generated.Models.IProvisionedPlan[]","System.String[]","System.String[]","sip:Karl.Wetzler@hvccc.com.au",,,,,,,,,,,,,,,,,,,,,,,,,,,,,,,,,,,,,,"TeamsOnly","False",,"UpgradeToTeams","ModeAndNotifications",,,,,"HVCCCDialPlan","70a10233-a54f-4cb4-9521-201c6d049916","Data and Analytics Lead","AU","True","KWetzler@hvccc.com.au",
"True","User","lyap",,"Microsoft.Teams.ConfigAPI.Cmdlets.Generated.Models.IAssignedPlan[]",,,,,"Business Services","AU","Lei Yap","True",,"System.String[]","Lei",,"sipfed.online.lync.com","247bda6b-f9ef-4df8-ac57-8e8b43c2854c","HybridOnlineTeamsOnlyUser","True","Yap","tel:+61249103556",,,"Not Yet Supported.","Not Yet Supported.",,,"Not Yet Supported.",,,"01-AU-National",,,,,,"Microsoft.Teams.ConfigAPI.Cmdlets.Generated.Models.IProvisionedPlan[]","System.String[]","System.String[]","sip:lei.yap@hvccc.com.au",,,,,,,,,,,,,,,,,,,,,,,,,,,,,,,,,,,,,,"TeamsOnly","False",,"UpgradeToTeams","ModeAndNotifications",,,,,"HVCCCDialPlan","70a10233-a54f-4cb4-9521-201c6d049916","Product Specialist","AU","True","lei.yap@hvccc.com.au",
"True","User","lrit.artc",,"Microsoft.Teams.ConfigAPI.Cmdlets.Generated.Models.IAssignedPlan[]",,,,,,"AU","LRIT - ARTC","True",,"System.String[]","LRIT","False","sipfed.online.lync.com","3cfd8070-0833-48a0-a1be-9a5a4f8522bb","HybridOnlineTeamsOnlyUser","True","ARTC","tel:+61249103549",,,"Not Yet Supported.","Not Yet Supported.",,,"Not Yet Supported.",,,"01-AU-National",,,,,,"Microsoft.Teams.ConfigAPI.Cmdlets.Generated.Models.IProvisionedPlan[]","System.String[]","System.String[]","sip:lrit.artc@hvccc.com.au",,,,,,,,,,,,,,,,,,,,,,,,,,,,,,,,,,,,,,"TeamsOnly","False",,"UpgradeToTeams","ModeAndNotifications",,,,,"HVCCCDialPlan","70a10233-a54f-4cb4-9521-201c6d049916",,"AU","True","lrit.artc@hvccc.com.au",
"True","User","lrit.artcspace",,"Microsoft.Teams.ConfigAPI.Cmdlets.Generated.Models.IAssignedPlan[]",,,,,,"AU","LRIT - ARTC Spare","True",,"System.String[]","LRIT","False","sipfed.online.lync.com","af064019-e472-48ad-83ca-b2585f2f9cd8","HybridOnlineTeamsOnlyUser","True","ARTC Spare","tel:+61249103544",,,"Not Yet Supported.","Not Yet Supported.",,,"Not Yet Supported.",,,"01-AU-National",,,,,,"Microsoft.Teams.ConfigAPI.Cmdlets.Generated.Models.IProvisionedPlan[]","System.String[]","System.String[]","sip:lrit.artcspace@hvccc.com.au",,,,,,,,,,,,,,,,,,,,,,,,,,,,,,,,,,,,,,"TeamsOnly","False",,"UpgradeToTeams","ModeAndNotifications",,,,,"HVCCCDialPlan","70a10233-a54f-4cb4-9521-201c6d049916",,"AU","True","lrit.artcspace@hvccc.com.au",
"True","User","lrit.az",,"Microsoft.Teams.ConfigAPI.Cmdlets.Generated.Models.IAssignedPlan[]",,,,,,"AU","LRIT - AZ","True",,"System.String[]","LRIT","False","sipfed.online.lync.com","5bf25edb-8acf-4f1a-a216-ff8ba32bccf0","HybridOnlineTeamsOnlyUser","True","AZ","tel:+61249103546",,,"Not Yet Supported.","Not Yet Supported.",,,"Not Yet Supported.",,,"01-AU-National",,,,,,"Microsoft.Teams.ConfigAPI.Cmdlets.Generated.Models.IProvisionedPlan[]","System.String[]","System.String[]","sip:lrit.az@hvccc.com.au",,,,,,,,,,,,,,,,,,,,,,,,,,,,,,,,,,,,,,"TeamsOnly","False",,"UpgradeToTeams","ModeAndNotifications",,,,,"HVCCCDialPlan","70a10233-a54f-4cb4-9521-201c6d049916",,"AU","True","lrit.az@hvccc.com.au",
"True","User","lrit.ncig",,"Microsoft.Teams.ConfigAPI.Cmdlets.Generated.Models.IAssignedPlan[]",,,,,,"AU","LRIT - NCIG","True",,"System.String[]","LRIT",,"sipfed.online.lync.com","602f4bd3-59c8-4cc7-a930-c583e78f7fd5","HybridOnlineTeamsOnlyUser","True","NCIG","tel:+61249103528",,,"Not Yet Supported.","Not Yet Supported.",,,"Not Yet Supported.",,,"01-AU-National",,,,,,"Microsoft.Teams.ConfigAPI.Cmdlets.Generated.Models.IProvisionedPlan[]","System.String[]","System.String[]","sip:lrit.ncig@hvccc.com.au",,,,,,,,,,,,,,,,,,,,,,,,,,,,,,,,,,,,,,"TeamsOnly","False",,"UpgradeToTeams","ModeAndNotifications",,,,,"HVCCCDialPlan","70a10233-a54f-4cb4-9521-201c6d049916",,"AU","True","lrit.ncig@hvccc.com.au",
"True","User","lrit.pn",,"Microsoft.Teams.ConfigAPI.Cmdlets.Generated.Models.IAssignedPlan[]",,,,,,"AU","LRIT - PN","True",,"System.String[]","LRIT",,"sipfed.online.lync.com","2a1fe25e-2381-418e-a3d7-bd5e3d1233bc","HybridOnlineTeamsOnlyUser","True","PN","tel:+61249103537",,,"Not Yet Supported.","Not Yet Supported.",,,"Not Yet Supported.",,,"01-AU-National",,,,,,"Microsoft.Teams.ConfigAPI.Cmdlets.Generated.Models.IProvisionedPlan[]","System.String[]","System.String[]","sip:lrit.pn@hvccc.com.au",,,,,,,,,,,,,,,,,,,,"HomeScreenUser",,,,,,,,,,,,,,,,,,"TeamsOnly","False",,"UpgradeToTeams","ModeAndNotifications",,,,,"HVCCCDialPlan","70a10233-a54f-4cb4-9521-201c6d049916",,"AU","True","lrit.pn@hvccc.com.au",
"True","User","lrit.pwcsin",,"Microsoft.Teams.ConfigAPI.Cmdlets.Generated.Models.IAssignedPlan[]",,,,,,"AU","LRIT PWCS In","True",,"System.String[]","LRIT","False","sipfed.online.lync.com","1141f243-2da0-444c-986f-24ce3d2bd186","HybridOnlineTeamsOnlyUser","True","PWCS In","tel:+61249103547",,,"Not Yet Supported.","Not Yet Supported.",,,"Not Yet Supported.",,,"01-AU-National",,,,,,"Microsoft.Teams.ConfigAPI.Cmdlets.Generated.Models.IProvisionedPlan[]","System.String[]","System.String[]","sip:lrit.pwcsin@hvccc.com.au",,,,,,,,,,,,,,,,,,,,,,,,,,,,,,,,,,,,,,"TeamsOnly","False",,"UpgradeToTeams","ModeAndNotifications",,,,,"HVCCCDialPlan","70a10233-a54f-4cb4-9521-201c6d049916",,"AU","True","lrit.pwcsin@hvccc.com.au",
"True","User","lrit.pwcsOut",,"Microsoft.Teams.ConfigAPI.Cmdlets.Generated.Models.IAssignedPlan[]",,,,,,"AU","LRIT - PWCS Out","True",,"System.String[]","LRIT",,"sipfed.online.lync.com","ef5c9444-0f49-408d-879f-548f3e58763f","HybridOnlineTeamsOnlyUser","True","PWCS Out","tel:+61249103552",,,"Not Yet Supported.","Not Yet Supported.",,,"Not Yet Supported.",,,"01-AU-National",,,,,,"Microsoft.Teams.ConfigAPI.Cmdlets.Generated.Models.IProvisionedPlan[]","System.String[]","System.String[]","sip:lrit.pwcsOut@hvccc.com.au",,,,,,,,,,,,,,,,,,,,,,,,,,,,,,,,,,,,,,"TeamsOnly","False",,"UpgradeToTeams","ModeAndNotifications",,,,,"HVCCCDialPlan","70a10233-a54f-4cb4-9521-201c6d049916",,"AU","True","lrit.pwcsOut@hvccc.com.au",
"True","User","_HVCCCMaintenanceMailbox",,"Microsoft.Teams.ConfigAPI.Cmdlets.Generated.Models.IAssignedPlan[]",,,,,,"AU","Maintenance Planners","True",,"System.String[]","_HVCCC Maintenance Mailbox","False","sipfed.online.lync.com","39b951b1-c998-4468-abc9-8ac1393e925a","HybridOnlineTeamsOnlyUser","True",,"tel:+61249103531",,,"Not Yet Supported.","Not Yet Supported.",,,"Not Yet Supported.",,,"01-AU-National",,,,,,"Microsoft.Teams.ConfigAPI.Cmdlets.Generated.Models.IProvisionedPlan[]","System.String[]","System.String[]","sip:maintenance@hvccc.com.au",,,,,,,,,,,,,,,,,,,,,,,,,,,,,,,,,,,,,,"TeamsOnly","False",,"UpgradeToTeams","ModeAndNotifications",,,,,"HVCCCDialPlan","70a10233-a54f-4cb4-9521-201c6d049916",,"AU","True","maintenance@hvccc.com.au",
"True","User","pcooper",,"Microsoft.Teams.ConfigAPI.Cmdlets.Generated.Models.IAssignedPlan[]",,,"HVCCC",,"Chief Executive Officer","AU","Pat Cooper","True","FederationAndPICDefault","System.String[]","Patrick","False","sipfed.online.lync.com","8ae5e0b3-c92d-402a-b1be-b619175a964b","HybridOnlineTeamsOnlyUser","True","Cooper","tel:+61249103517",,,"Not Yet Supported.","Not Yet Supported.",,,"Not Yet Supported.",,,"01-AU-National",,,,,,"Microsoft.Teams.ConfigAPI.Cmdlets.Generated.Models.IProvisionedPlan[]","System.String[]","System.String[]","sip:Patrick.Cooper@hvccc.com.au",,,,,,,,,,,,,,,,,,,,,,,,,,,,,,,,,,,,,,"TeamsOnly","False",,"UpgradeToTeams","ModeAndNotifications",,,,,"HVCCCDialPlan","70a10233-a54f-4cb4-9521-201c6d049916","Chief Executive Officer","AU","True","pat.cooper@hvccc.com.au",
"True","User","pmee",,"Microsoft.Teams.ConfigAPI.Cmdlets.Generated.Models.IAssignedPlan[]",,"Broadmeadow","HVCCC","Australia","Business Services","AU","Paul Mee","False","FederationAndPICDefault","System.String[]","Paul",,"sipfed.online.lync.com","a112a05d-584c-4a16-b4a7-537a79d03f07","HybridOnlineTeamsOnlyUser","True","Mee","tel:+61249103588",,,"Not Yet Supported.","Not Yet Supported.",,,"Not Yet Supported.",,,"02-AU-International",,,"2292",,,"Microsoft.Teams.ConfigAPI.Cmdlets.Generated.Models.IProvisionedPlan[]","System.String[]","System.String[]","sip:paul.mee@hvccc.com.au",,"NSW","45 Lambton Road Broadmeadow",,,,,,,,,,,,,,,,,,,,,,,,,,,,,,,,,,,"TeamsOnly","False",,"UpgradeToTeams","ModeAndNotifications",,,,,"HVCCCDialPlan","70a10233-a54f-4cb4-9521-201c6d049916","Cyber Security & Infrastructure Specialist","AU","True","paul.mee@hvccc.com.au",
"True","User","phayes",,"Microsoft.Teams.ConfigAPI.Cmdlets.Generated.Models.IAssignedPlan[]",,,"HVCCC","Australia","Business Services","AU","Peter Hayes","True","FederationAndPICDefault","System.String[]","Peter",,"sipfed.online.lync.com","961da2af-417b-4d25-b21e-e6722f8af8f7","HybridOnlineTeamsOnlyUser","True","Hayes","tel:+61249103515",,,"Not Yet Supported.","Not Yet Supported.",,,"Not Yet Supported.",,,"01-AU-National",,,"2292",,,"Microsoft.Teams.ConfigAPI.Cmdlets.Generated.Models.IProvisionedPlan[]","System.String[]","System.String[]","sip:Peter.Hayes@hvccc.com.au",,"NSW",,,,,,,,,,,,,,,,,,,,,,,,,,,,,,,,,,,,"TeamsOnly","False",,"UpgradeToTeams","ModeAndNotifications",,,,,"HVCCCDialPlan","70a10233-a54f-4cb4-9521-201c6d049916","Architecture and IT Strategy Specialist","AU","True","Peter.Hayes@hvccc.com.au",
"True","User","pharrison",,"Microsoft.Teams.ConfigAPI.Cmdlets.Generated.Models.IAssignedPlan[]",,,"HVCCC","Australia","Capacity Planning","AU","Peter Harrison","True",,"System.String[]","Peter","False","sipfed.online.lync.com","39d3b1a6-dd00-49dc-b542-259cfeae0359","HybridOnlineTeamsOnlyUser","True","Harrison","Tel:+61249103503",,,"Not Yet Supported.","Not Yet Supported.",,,"Not Yet Supported.",,,"01-AU-National",,,"2292",,,"Microsoft.Teams.ConfigAPI.Cmdlets.Generated.Models.IProvisionedPlan[]","System.String[]","System.String[]","sip:pharrison@hvccc.com.au",,"NSW",,,,,,,,,,,,,,,,,,,,,,,,,,,,,,,,,,,,"TeamsOnly","False",,"UpgradeToTeams","ModeAndNotifications",,,,,"HVCCCDialPlan","70a10233-a54f-4cb4-9521-201c6d049916","Service Delivery Coordinator - Operations Planning","AU","True","pharrison@hvccc.com.au",
"True","User","pstringer",,"Microsoft.Teams.ConfigAPI.Cmdlets.Generated.Models.IAssignedPlan[]",,,"HVCCC",,"Scheduling and Live Run","AU","Paul Stringer","True","FederationAndPICDefault","System.String[]","Paul",,"sipfed.online.lync.com","d2883611-1deb-43ab-babb-3854d87a4036","HybridOnlineTeamsOnlyUser","True","Stringer","tel:+61249103518",,,"Not Yet Supported.","Not Yet Supported.",,,"Not Yet Supported.",,,"01-AU-National",,,,,,"Microsoft.Teams.ConfigAPI.Cmdlets.Generated.Models.IProvisionedPlan[]","System.String[]","System.String[]","sip:Paul.Stringer@hvccc.com.au",,,,,,,,,,,,,,,,,,,,,,,,,,,,,,,,,,,,,,"TeamsOnly","False",,"UpgradeToTeams","ModeAndNotifications",,,,,"HVCCCDialPlan","70a10233-a54f-4cb4-9521-201c6d049916","Service Delivery Lead - Planning and Execution","AU","True","pstringer@hvccc.com.au",
"True","User","_HVCCCRailPlanners",,"Microsoft.Teams.ConfigAPI.Cmdlets.Generated.Models.IAssignedPlan[]",,,,,,"AU","Rail Planners","True","FederationAndPICDefault","System.String[]","_HVCCC Rail Planners","False","sipfed.online.lync.com","0133dc0a-252b-454f-954f-23789414ca26","HybridOnlineTeamsOnlyUser","True",,"tel:+61249103570",,,"Not Yet Supported.","Not Yet Supported.",,,"Not Yet Supported.",,,"01-AU-National",,,,,,"Microsoft.Teams.ConfigAPI.Cmdlets.Generated.Models.IProvisionedPlan[]","System.String[]","System.String[]","sip:rail.planner@hvccc.com.au",,,,,,,,,,,,,,,,,,,,,,,,,,,,,,,,,,,,,,"TeamsOnly","False",,"UpgradeToTeams","ModeAndNotifications",,,,,"HVCCCDialPlan","70a10233-a54f-4cb4-9521-201c6d049916",,"AU","True","rail.planner@hvccc.com.au",
"True","User","sbroek",,"Microsoft.Teams.ConfigAPI.Cmdlets.Generated.Models.IAssignedPlan[]",,,"HVCCC",,"Business Services","AU","Shane Van Den Broek","True","FederationAndPICDefault","System.String[]","Shane",,"sipfed.online.lync.com","f314a527-24a5-48a5-9b07-b5a01fd0d449","HybridOnlineTeamsOnlyUser","True","Van Den Broek","tel:+61249103512",,,"Not Yet Supported.","Not Yet Supported.",,,"Not Yet Supported.",,,"01-AU-National",,,,,,"Microsoft.Teams.ConfigAPI.Cmdlets.Generated.Models.IProvisionedPlan[]","System.String[]","System.String[]","sip:Shane.vandenBroek@hvccc.com.au",,,,,,,,,,,,,,,,,,,,,,,,,,,,,,,,,,,,,,"TeamsOnly","False",,"UpgradeToTeams","ModeAndNotifications",,,,,"HVCCCDialPlan","70a10233-a54f-4cb4-9521-201c6d049916","Information Systems Developer","AU","True","sbroek@hvccc.com.au",
"True","User","schen",,"Microsoft.Teams.ConfigAPI.Cmdlets.Generated.Models.IAssignedPlan[]",,,"HVCCC",,"Capacity Planning","AU","Sylvia Chen","True",,"System.String[]","Sylvia",,"sipfed.online.lync.com","a2bc1793-cd09-4a36-bdbc-b269ffef3631","HybridOnlineTeamsOnlyUser","True","Chen","tel:+61249103502",,,"Not Yet Supported.","Not Yet Supported.",,,"Not Yet Supported.",,,"01-AU-National",,,,,,"Microsoft.Teams.ConfigAPI.Cmdlets.Generated.Models.IProvisionedPlan[]","System.String[]","System.String[]","sip:schen@hvccc.com.au",,,,,,,,,,,,,,,,,,,,,,,,,,,,,,,,,,,,,,"TeamsOnly","False",,"UpgradeToTeams","ModeAndNotifications",,,,,"HVCCCDialPlan","70a10233-a54f-4cb4-9521-201c6d049916","Strategic Planning Analyst","AU","True","schen@hvccc.com.au",
"True","User","sgamage",,"Microsoft.Teams.ConfigAPI.Cmdlets.Generated.Models.IAssignedPlan[]",,,"HVCCC",,"Capacity Planning","AU","Samoda Gamage","True",,"System.String[]","Samoda","False","sipfed.online.lync.com","7279aa28-dba4-4bb0-a657-feb1e047fbca","HybridOnlineTeamsOnlyUser","True","Gamage","Tel:+61249103514",,,"Not Yet Supported.","Not Yet Supported.",,,"Not Yet Supported.",,,"01-AU-National",,,,,,"Microsoft.Teams.ConfigAPI.Cmdlets.Generated.Models.IProvisionedPlan[]","System.String[]","System.String[]","sip:sgamage@hvccc.com.au",,,,,,,,,,,,,,,,,,,,,,,,,,,,,,,,,,,,,,"TeamsOnly","False",,"UpgradeToTeams","ModeAndNotifications",,,,,"HVCCCDialPlan","70a10233-a54f-4cb4-9521-201c6d049916","Strategic Planning Analyst","AU","True","sgamage@hvccc.com.au",
"True","User","Shortland.MeetingRoom",,"Microsoft.Teams.ConfigAPI.Cmdlets.Generated.Models.IAssignedPlan[]",,,,,,"AU","Shortland Meeting Room","True",,"System.String[]","Shortland","False","sipfed.online.lync.com","db1f942d-dbb3-4ba6-83c5-a0933974aff3","HybridOnlineTeamsOnlyUser","True","Meeting Room","tel:+61249103540",,,"Not Yet Supported.","Not Yet Supported.",,,"Not Yet Supported.",,,"01-AU-National",,,,,,"Microsoft.Teams.ConfigAPI.Cmdlets.Generated.Models.IProvisionedPlan[]","System.String[]","System.String[]","sip:Shortland.MeetingRoom@hvccc.com.au",,,,,,,,,,,,,,,,,,,,,,,,,,,,,,,,,,,,,,"TeamsOnly","False",,"UpgradeToTeams","ModeAndNotifications",,,,,"HVCCCDialPlan","70a10233-a54f-4cb4-9521-201c6d049916",,"AU","True","Shortland.MeetingRoom@hvccc.com.au",
"True","User","smorris",,"Microsoft.Teams.ConfigAPI.Cmdlets.Generated.Models.IAssignedPlan[]",,,"HVCCC","Australia","Business Services","AU","Sam Morris","True","FederationAndPICDefault","System.String[]","Sam","False","sipfed.online.lync.com","84db39e2-753e-4bc2-a3b3-a711a069c614","HybridOnlineTeamsOnlyUser","True","Morris","tel:+61249103551",,,"Not Yet Supported.","Not Yet Supported.",,,"Not Yet Supported.",,,"01-AU-National",,,"2292",,,"Microsoft.Teams.ConfigAPI.Cmdlets.Generated.Models.IProvisionedPlan[]","System.String[]","System.String[]","sip:Samuel.Morris@hvccc.com.au",,"NSW",,,,,,,,,,,,,,,,,,,,,,,,,,,,,,,,,,,,"TeamsOnly","False",,"UpgradeToTeams","ModeAndNotifications",,,,,"HVCCCDialPlan","70a10233-a54f-4cb4-9521-201c6d049916","Supply Chain Analyst","AU","True","smorris@hvccc.com.au",
"True","User","snew",,"Microsoft.Teams.ConfigAPI.Cmdlets.Generated.Models.IAssignedPlan[]",,,"HVCCC","Australia","Business Services","AU","Stephen New","True","FederationAndPICDefault","System.String[]","Stephen","False","sipfed.online.lync.com","d9908dc6-8423-43b8-9dff-a36dbf42c9f4","HybridOnlineTeamsOnlyUser","True","New","tel:+61249103565",,,"Not Yet Supported.","Not Yet Supported.",,,"Not Yet Supported.",,,"01-AU-National",,,"2292",,,"Microsoft.Teams.ConfigAPI.Cmdlets.Generated.Models.IProvisionedPlan[]","System.String[]","System.String[]","sip:Stephen.New@hvccc.com.au",,"NSW",,,,,,,,,,,,,,,,,,,,,,,,,,,,,,,,,,,,"TeamsOnly","False",,"UpgradeToTeams","ModeAndNotifications",,,,,"HVCCCDialPlan","70a10233-a54f-4cb4-9521-201c6d049916","Core Systems Developer","AU","True","SNew@hvccc.com.au",
"True","User","spare.1",,"Microsoft.Teams.ConfigAPI.Cmdlets.Generated.Models.IAssignedPlan[]",,,,,,"AU","Spare 1","True",,"System.String[]","Spare","False","sipfed.online.lync.com","9c49936c-7ed4-44bd-9306-0bcb77de51c1","HybridOnlineTeamsOnlyUser","True","1","tel:+61249103591",,,"Not Yet Supported.","Not Yet Supported.",,,"Not Yet Supported.",,,"01-AU-National",,,,,,"Microsoft.Teams.ConfigAPI.Cmdlets.Generated.Models.IProvisionedPlan[]","System.String[]","System.String[]","sip:spare.1@hvccc.com.au",,,,,,,,,,,,,,,,,,,,,,,,,,,,,,,,,,,,,,"TeamsOnly","False",,"UpgradeToTeams","ModeAndNotifications",,,,,"HVCCCDialPlan","70a10233-a54f-4cb4-9521-201c6d049916",,"AU","True","spare.1@hvccc.com.au",
"True","User","spare.2",,"Microsoft.Teams.ConfigAPI.Cmdlets.Generated.Models.IAssignedPlan[]",,,,,,"AU","Spare 2","True",,"System.String[]","Spare","False","sipfed.online.lync.com","aa24354f-94cd-485e-a663-7f59849aa4a9","HybridOnlineTeamsOnlyUser","True","2","tel:+61249103592",,,"Not Yet Supported.","Not Yet Supported.",,,"Not Yet Supported.",,,"01-AU-National",,,,,,"Microsoft.Teams.ConfigAPI.Cmdlets.Generated.Models.IProvisionedPlan[]","System.String[]","System.String[]","sip:spare.2@hvccc.com.au",,,,,,,,,,,,,,,,,,,,,,,,,,,,,,,,,,,,,,"TeamsOnly","False",,"UpgradeToTeams","ModeAndNotifications",,,,,"HVCCCDialPlan","70a10233-a54f-4cb4-9521-201c6d049916",,"AU","True","spare.2@hvccc.com.au",
"True","User","spare.coordinator",,"Microsoft.Teams.ConfigAPI.Cmdlets.Generated.Models.IAssignedPlan[]",,,,,,"AU","Spare - Coordinator","True",,"System.String[]","Spare","False","sipfed.online.lync.com","7d8a9f27-ad25-4141-9df9-f5c72f56e75b","HybridOnlineTeamsOnlyUser","True","Coordinator","tel:+61249103535",,,"Not Yet Supported.","Not Yet Supported.",,,"Not Yet Supported.",,,"01-AU-National",,,,,,"Microsoft.Teams.ConfigAPI.Cmdlets.Generated.Models.IProvisionedPlan[]","System.String[]","System.String[]","sip:spare.coordinator@hvccc.com.au",,,,,,,,,,,,,,,,,,,,,,,,,,,,,,,,,,,,,,"TeamsOnly","False",,"UpgradeToTeams","ModeAndNotifications",,,,,"HVCCCDialPlan","70a10233-a54f-4cb4-9521-201c6d049916",,"AU","True","spare.coordinator@hvccc.com.au",
"True","User","spare.opsplanning",,"Microsoft.Teams.ConfigAPI.Cmdlets.Generated.Models.IAssignedPlan[]",,,,,,"AU","Spare Ops Planning","True",,"System.String[]","Spare","False","sipfed.online.lync.com","55cf24ae-5046-4d4b-b399-e33e4b20b3ae","HybridOnlineTeamsOnlyUser","True","Ops Planning","tel:+61249103595",,,"Not Yet Supported.","Not Yet Supported.",,,"Not Yet Supported.",,,"01-AU-National",,,,,,"Microsoft.Teams.ConfigAPI.Cmdlets.Generated.Models.IProvisionedPlan[]","System.String[]","System.String[]","sip:spare.opsplanning@hvccc.com.au",,,,,,,,,,,,,,,,,,,,,,,,,,,,,,,,,,,,,,"TeamsOnly","False",,"UpgradeToTeams","ModeAndNotifications",,,,,"HVCCCDialPlan","70a10233-a54f-4cb4-9521-201c6d049916",,"AU","True","spare.opsplanning@hvccc.com.au",
"True","User","spare.scheduling",,"Microsoft.Teams.ConfigAPI.Cmdlets.Generated.Models.IAssignedPlan[]",,,,,,"AU","Spare Scheduling","True",,"System.String[]","Spare","False","sipfed.online.lync.com","ec86db3f-050d-4bf3-8ee3-6553f3168e81","HybridOnlineTeamsOnlyUser","True","Scheduling","tel:+61249103574",,,"Not Yet Supported.","Not Yet Supported.",,,"Not Yet Supported.",,,"01-AU-National",,,,,,"Microsoft.Teams.ConfigAPI.Cmdlets.Generated.Models.IProvisionedPlan[]","System.String[]","System.String[]","sip:spare.scheduling@hvccc.com.au",,,,,,,,,,,,,,,,,,,,,,,,,,,,,,,,,,,,,,"TeamsOnly","False",,"UpgradeToTeams","ModeAndNotifications",,,,,"HVCCCDialPlan","70a10233-a54f-4cb4-9521-201c6d049916",,"AU","True","spare.scheduling@hvccc.com.au",
"True","User","StewartMenday",,"Microsoft.Teams.ConfigAPI.Cmdlets.Generated.Models.IAssignedPlan[]",,,"HVCCC","Australia","Business Services","AU","Stewart Menday","True","FederationAndPICDefault","System.String[]","Stewart",,"sipfed.online.lync.com","71c3a70b-68e2-46a7-8a89-3be5ba688408","HybridOnlineTeamsOnlyUser","True","Menday","tel:+61249103563",,,"Not Yet Supported.","Not Yet Supported.",,,"Not Yet Supported.",,,"01-AU-National",,,"2292",,,"Microsoft.Teams.ConfigAPI.Cmdlets.Generated.Models.IProvisionedPlan[]","System.String[]","System.String[]","sip:Stewart.Menday@hvccc.com.au",,"NSW","45 Lambton Road Broadmeadow",,,,,,,,,,,,,,,,,,,,,,,,,,,,,,,,,,,"TeamsOnly","False",,"UpgradeToTeams","ModeAndNotifications",,,,,"HVCCCDialPlan","70a10233-a54f-4cb4-9521-201c6d049916","Core Systems Developer","AU","True","smenday@hvccc.com.au",
"True","User","_HVCCCStockpilePlanners",,"Microsoft.Teams.ConfigAPI.Cmdlets.Generated.Models.IAssignedPlan[]",,,,,,"AU","_HVCCC Stockpile Planners","True","FederationAndPICDefault","System.String[]","_HVCCC Stockpile Planners","False","sipfed.online.lync.com","b65ceeea-af9a-48a7-8cf1-890674dbe6e2","HybridOnlineTeamsOnlyUser","True",,"tel:+61249103577",,,"Not Yet Supported.","Not Yet Supported.",,,"Not Yet Supported.",,,"01-AU-National",,,,,,"Microsoft.Teams.ConfigAPI.Cmdlets.Generated.Models.IProvisionedPlan[]","System.String[]","System.String[]","sip:stockpile.planner@hvccc.com.au",,,,,,,,,,,,,,,,,,,,,,,,,,,,,,,,,,,,,,"TeamsOnly","False",,"UpgradeToTeams","ModeAndNotifications",,,,,"HVCCCDialPlan","70a10233-a54f-4cb4-9521-201c6d049916","Shared Mailbox","AU","True","stockpile.planner@hvccc.com.au",
"True","User","stoole",,"Microsoft.Teams.ConfigAPI.Cmdlets.Generated.Models.IAssignedPlan[]",,,"HVCCC",,"HR","AU","Sam Toole","True","FederationAndPICDefault","System.String[]","Sam","False","sipfed.online.lync.com","e8f4d12d-f41e-4236-b60a-b3adbf9c67a4","HybridOnlineTeamsOnlyUser","True","Toole","tel:+61249103567",,,"Not Yet Supported.","Not Yet Supported.",,,"Not Yet Supported.",,,"01-AU-National",,,,,,"Microsoft.Teams.ConfigAPI.Cmdlets.Generated.Models.IProvisionedPlan[]","System.String[]","System.String[]","sip:Sam.Toole@hvccc.com.au",,,,,,,,,,,,,,,,,,,,,,,,,,,,,,,,,,,,,,"TeamsOnly","False",,"UpgradeToTeams","ModeAndNotifications",,,,,"HVCCCDialPlan","70a10233-a54f-4cb4-9521-201c6d049916","Human Resources Advisor","AU","True","stoole@hvccc.com.au",
"True","User","tiffany.bowman",,"Microsoft.Teams.ConfigAPI.Cmdlets.Generated.Models.IAssignedPlan[]",,,"HVCCC",,"Finance","AU","Tiffany Bowman","True",,"System.String[]","Tiffany",,"sipfed.online.lync.com","88006cf8-cc89-41fa-8a0e-326e19a6808d","HybridOnlineTeamsOnlyUser","True","Bowman","tel:+61249103504",,,"Not Yet Supported.","Not Yet Supported.",,,"Not Yet Supported.",,,"01-AU-National",,,,,,"Microsoft.Teams.ConfigAPI.Cmdlets.Generated.Models.IProvisionedPlan[]","System.String[]","System.String[]","sip:tbowman@hvccc.com.au",,,,,,,,,,,,,,,,,,,,,,,,,,,,,,,,,,,,,,"TeamsOnly","False",,"UpgradeToTeams","ModeAndNotifications",,,,,"HVCCCDialPlan","70a10233-a54f-4cb4-9521-201c6d049916","Financial Accountant","AU","True","tbowman@hvccc.com.au",
"True","User","_HVCCCVesselPlanners",,"Microsoft.Teams.ConfigAPI.Cmdlets.Generated.Models.IAssignedPlan[]",,,,,,"AU","Vessel Planners","True","FederationAndPICDefault","System.String[]","_HVCCC Vessel Planners","False","sipfed.online.lync.com","4b000ca6-30a8-45ec-94ba-144436d93059","HybridOnlineTeamsOnlyUser","True",,"tel:+61249103573",,,"Not Yet Supported.","Not Yet Supported.",,,"Not Yet Supported.",,,"01-AU-National",,,,,,"Microsoft.Teams.ConfigAPI.Cmdlets.Generated.Models.IProvisionedPlan[]","System.String[]","System.String[]","sip:vessel.planner@hvccc.com.au",,,,,,,,,,,,,,,,,,,,,,,,,,,,,,,,,,,,,,"TeamsOnly","False",,"UpgradeToTeams","ModeAndNotifications",,,,,"HVCCCDialPlan","70a10233-a54f-4cb4-9521-201c6d049916",,"AU","True","vessel.planner@hvccc.com.au",
"True","User","waxelsson",,"Microsoft.Teams.ConfigAPI.Cmdlets.Generated.Models.IAssignedPlan[]",,,"HVCCC",,"Capacity Planning","AU","William Axelsson","True","FederationAndPICDefault","System.String[]","William","False","sipfed.online.lync.com","503c147b-f753-43d6-bfb2-dc666d9e2341","HybridOnlineTeamsOnlyUser","True","Axelsson","tel:+61249103526",,,"Not Yet Supported.","Not Yet Supported.",,,"Not Yet Supported.",,,"01-AU-National",,,,,,"Microsoft.Teams.ConfigAPI.Cmdlets.Generated.Models.IProvisionedPlan[]","System.String[]","System.String[]","sip:William.Axelsson@hvccc.com.au",,,,,,,,,,,,,,,,,,,,,,,,,,,,,,,,,,,,,,"TeamsOnly","False",,"UpgradeToTeams","ModeAndNotifications",,,,,"HVCCCDialPlan","70a10233-a54f-4cb4-9521-201c6d049916","Service Delivery Coordinator","AU","True","waxelsson@hvccc.com.au",
