"UserPrincipalName","DisplayName","SipAddress","Enabled","TeamsUpgradeEffectiveMode","EnterpriseVoiceEnabled","HostedVoiceMail","City","UsageLocation","DialPlan","TenantDialPlan","OnlineVoiceRoutingPolicy","LineUri","OnPremLineUri","OnlineDialinConferencingPolicy","TeamsVideoInteropServicePolicy","TeamsCallingPolicy","HostingProvider","InterpretedUserType","VoicePolicy"
"_hvcccboardroom@hvccc.com.au","_HVCCC Boardroom","sip:_hvcccboardroom@hvccc.com.au",,"TeamsOnly","True",,,"AU","AU","HVCCCDialPlan","02-AU-International","tel:+61249103541","Not Yet Supported.",,,,"sipfed.online.lync.com","HybridOnlineTeamsOnlyUser",
"_hvccchunterroom@hvccc.com.au","Hunter Meeting Room (12 People)","sip:_hvccchunterroom@hvccc.com.au",,"TeamsOnly","True",,,"AU","AU","HVCCCDialPlan","01-AU-National","Tel:+61249103543","Not Yet Supported.",,,,"sipfed.online.lync.com","HybridOnlineTeamsOnlyUser",
"aa-accounts@hvccc.onmicrosoft.com","Accounts & Payroll","sip:aa-accounts@hvccc.onmicrosoft.com",,"TeamsOnly","True",,,"AU","AU",,,"tel:+61249103522","Not Yet Supported.",,,,"sipfed.online.lync.com","PureOnlineApplicationInstance",
"aa-bh.app.support@hvccc.onmicrosoft.com","Business Hours Application Support","sip:aa-bh.app.support@hvccc.onmicrosoft.com",,"TeamsOnly","True",,,"AU","AU",,,"tel:+61249103599","Not Yet Supported.",,,,"sipfed.online.lync.com","PureOnlineApplicationInstance",
"AA-ENTAG-TEST@hvccc.onmicrosoft.com","AA-ENTAG-TEST","sip:aa-entag-test@hvccc.onmicrosoft.com",,"TeamsOnly","True",,,"AU","AU",,"02-AU-International","tel:+61249103513","Not Yet Supported.",,,,"sipfed.online.lync.com","PureOnlineApplicationInstance",
"anewburn@hvccc.com.au","Amanda Newburn","sip:amanda.newburn@hvccc.com.au",,"TeamsOnly","True",,,"AU","AU","HVCCCDialPlan","01-AU-National","tel:+61249103523","Not Yet Supported.",,,,"sipfed.online.lync.com","HybridOnlineTeamsOnlyUser",
"arussell@hvccc.com.au","Adam Russell","sip:Adam.Russell@hvccc.com.au",,"TeamsOnly","True",,,"AU","AU","HVCCCDialPlan","01-AU-National","tel:+61249103562","Not Yet Supported.",,,,"sipfed.online.lync.com","HybridOnlineTeamsOnlyUser",
"avandervoort@hvccc.com.au","Alex Vandervoort","sip:Alex.Vandervoort@hvccc.com.au",,"TeamsOnly","True",,,"AU","AU","HVCCCDialPlan","01-AU-National","tel:+61249103525","Not Yet Supported.",,,,"sipfed.online.lync.com","HybridOnlineTeamsOnlyUser",
"awaugh@hvccc.com.au","Adam Waugh","sip:Adam.Waugh@hvccc.com.au",,"TeamsOnly","True",,,"AU","AU","HVCCCDialPlan","01-AU-National","tel:+61249103571","Not Yet Supported.",,,,"sipfed.online.lync.com","HybridOnlineTeamsOnlyUser",
"bedwards@hvccc.com.au","Bronte Edwards","sip:bedwards@hvccc.com.au",,"TeamsOnly","True",,,"AU","AU","HVCCCDialPlan","01-AU-National","Tel:+61249103542","Not Yet Supported.",,,,"sipfed.online.lync.com","HybridOnlineTeamsOnlyUser",
"beeles@hvccc.com.au","Brett Eeles","sip:Brett.Eeles@hvccc.com.au",,"TeamsOnly","True",,,"AU","AU","HVCCCDialPlan","01-AU-National","tel:+61249103527","Not Yet Supported.",,,,"sipfed.online.lync.com","HybridOnlineTeamsOnlyUser",
"cap.planner@hvccc.com.au","CAP Planners","sip:cap.planner@hvccc.com.au",,"TeamsOnly","True",,,"AU","AU","HVCCCDialPlan","01-AU-National","tel:+61249103579","Not Yet Supported.",,,,"sipfed.online.lync.com","HybridOnlineTeamsOnlyUser",
"cas.planner@hvccc.com.au","_HVCCC CAS Planners","sip:cas.planner@hvccc.com.au",,"TeamsOnly","True",,,"AU","AU","HVCCCDialPlan","01-AU-National","tel:+61249103584","Not Yet Supported.",,,,"sipfed.online.lync.com","HybridOnlineTeamsOnlyUser",
"cas2.planner@hvccc.com.au","CAS Planners","sip:cas2.planner@hvccc.com.au",,"TeamsOnly","True",,,"AU","AU","HVCCCDialPlan","01-AU-National","tel:+61249103578","Not Yet Supported.",,,,"sipfed.online.lync.com","HybridOnlineTeamsOnlyUser",
"cblake@hvccc.com.au","Chloe Blake","sip:Chloe.Blake@hvccc.com.au",,"TeamsOnly","True",,,"AU","AU","HVCCCDialPlan","01-AU-National","tel:+61249103590","Not Yet Supported.",,,,"sipfed.online.lync.com","HybridOnlineTeamsOnlyUser",
"clong@hvccc.com.au","Craig Long","sip:Craig.Long@hvccc.com.au",,"TeamsOnly","True",,,"AU","AU","HVCCCDialPlan","01-AU-National","tel:+61249103524","Not Yet Supported.",,,,"sipfed.online.lync.com","HybridOnlineTeamsOnlyUser",
"cq-bh.app.escalation@hvccc.onmicrosoft.com","CQ - BH App Support L2","sip:cq-bh.app.escalation@hvccc.onmicrosoft.com",,"TeamsOnly","True",,,"AU","AU",,"01-AU-National","tel:+61249103530","Not Yet Supported.",,,,"sipfed.online.lync.com","PureOnlineApplicationInstance",
"cq-reception@hvccc.onmicrosoft.com","CQ - Reception","sip:cq-reception@hvccc.onmicrosoft.com",,"TeamsOnly","True",,,"AU","AU",,,"tel:+61249103500","Not Yet Supported.",,,,"sipfed.online.lync.com","PureOnlineApplicationInstance",
"cq-reporting-samuelmorris@hvccc.onmicrosoft.com","Reporting","sip:cq-reporting-samuelmorris@hvccc.onmicrosoft.com",,"TeamsOnly","True",,,"AU","AU",,,"tel:+61249103580","Not Yet Supported.",,,,"sipfed.online.lync.com","PureOnlineApplicationInstance",
"cqservicecoord@hvccc.com.au","CQ-servicecoord","sip:cqservicecoord@hvccc.com.au",,"TeamsOnly","True",,,"AU","AU",,,"tel:+61249103539","Not Yet Supported.",,,,"sipfed.online.lync.com","PureOnlineApplicationInstance",
"CSeysener@hvccc.com.au","Chris Seysener","sip:Chris.Seysener@hvccc.com.au",,"TeamsOnly","True",,,"AU","AU","HVCCCDialPlan","01-AU-National","tel:+61249103575","Not Yet Supported.",,,"Transcript Enabled","sipfed.online.lync.com","HybridOnlineTeamsOnlyUser",
"csmith@hvccc.com.au","Craig Smith","sip:Craig.Smith@hvccc.com.au",,"TeamsOnly","True",,,"AU","AU","HVCCCDialPlan","01-AU-National","tel:+61249103516","Not Yet Supported.",,,,"sipfed.online.lync.com","HybridOnlineTeamsOnlyUser",
"dbhatti@hvccc.com.au","Darshit Bhatti","sip:dbhatti@hvccc.com.au",,"TeamsOnly","True",,,"AU","AU","HVCCCDialPlan","01-AU-National","tel:+61249103505","Not Yet Supported.",,,,"sipfed.online.lync.com","HybridOnlineTeamsOnlyUser",
"dmackay@hvccc.com.au","Duncan Mackay","sip:Duncan.Makay@hvccc.com.au",,"TeamsOnly","True",,,"AU","AU","HVCCCDialPlan","01-AU-National","tel:+61249103520","Not Yet Supported.",,,,"sipfed.online.lync.com","HybridOnlineTeamsOnlyUser",
"dprosser@hvccc.com.au","David Prosser","sip:David.Prosser@hvccc.com.au",,"TeamsOnly","True",,,"AU","AU","HVCCCDialPlan","01-AU-National","tel:+61249103511","Not Yet Supported.",,,,"sipfed.online.lync.com","HybridOnlineTeamsOnlyUser",
"drodham@hvccc.com.au","David Rodham","sip:drodham@hvccc.com.au",,"TeamsOnly","True",,,"AU","AU","HVCCCDialPlan","01-AU-National","tel:+61249103501","Not Yet Supported.",,,,"sipfed.online.lync.com","HybridOnlineTeamsOnlyUser",
"Dynamic.schedulers@hvccc.com.au","Dynamic Scheduler","sip:Dynamic.schedulers@hvccc.com.au",,"TeamsOnly","True",,,"AU","AU","HVCCCDialPlan","01-AU-National","tel:+61249103538","Not Yet Supported.",,,,"sipfed.online.lync.com","HybridOnlineTeamsOnlyUser",
"EHarris@hvccc.com.au","Evan Harris","sip:evan.harris@hvccc.com.au",,"TeamsOnly","True",,,"AU","AU","HVCCCDialPlan","01-AU-National","tel:+61249103593","Not Yet Supported.",,,,"sipfed.online.lync.com","HybridOnlineTeamsOnlyUser",
"gchisholm@hvccc.com.au","Grace Chisholm","sip:gchisholm@hvccc.com.au",,"TeamsOnly","True",,,"AU","AU","HVCCCDialPlan","01-AU-National","tel:+61249103529","Not Yet Supported.",,,,"sipfed.online.lync.com","HybridOnlineTeamsOnlyUser",
"hibbotson@hvccc.com.au","Holly Ibbotson","sip:Holly.Ibbotson@hvccc.com.au",,"TeamsOnly","True",,,"AU","AU","HVCCCDialPlan","01-AU-National","tel:+61249103566","Not Yet Supported.",,,,"sipfed.online.lync.com","HybridOnlineTeamsOnlyUser",
"hle@hvccc.com.au","Hieu Le","sip:hieu.le@hvccc.com.au",,"TeamsOnly","True",,,"AU","AU","HVCCCDialPlan","01-AU-National","tel:+61249103507","Not Yet Supported.",,,,"sipfed.online.lync.com","HybridOnlineTeamsOnlyUser",
"hvccc.lrith@hvccc.com.au","HVCCC LRIT H","sip:hvccc.lrith@hvccc.com.au",,"TeamsOnly","True",,,"AU","AU","HVCCCDialPlan","01-AU-National","tel:+61249103548","Not Yet Supported.",,,,"sipfed.online.lync.com","HybridOnlineTeamsOnlyUser",
"JGollner@hvccc.com.au","Johannes Gollner","sip:Johannes.Gollner@hvccc.com.au",,"TeamsOnly","False",,,"AU","AU","HVCCCDialPlan","01-AU-National","tel:+61249103506","Not Yet Supported.",,,,"sipfed.online.lync.com","HybridOnlineTeamsOnlyUser",
"jpolatos@hvccc.com.au","Julia Polatos","sip:Julia.Polatos@hvccc.com.au",,"TeamsOnly","True",,,"AU","AU","HVCCCDialPlan","01-AU-National","Tel:+61249103508","Not Yet Supported.",,,,"sipfed.online.lync.com","HybridOnlineTeamsOnlyUser",
"jthomasbailey@hvccc.com.au","Julie Thomas-Bailey","sip:jthomasbailey@hvccc.com.au",,"TeamsOnly","True",,,"AU","AU","HVCCCDialPlan","01-AU-National","tel:+61249103589","Not Yet Supported.",,,,"sipfed.online.lync.com","HybridOnlineTeamsOnlyUser",
"jwilliams@hvccc.com.au","Jarrod Williams","sip:Jarrod.Williams@hvccc.com.au",,"TeamsOnly","True",,,"AU","AU","HVCCCDialPlan","01-AU-National","tel:+61249103509","Not Yet Supported.",,,,"sipfed.online.lync.com","HybridOnlineTeamsOnlyUser",
"kcust@hvccc.com.au","Kevin Cust","sip:Kevin.Cust@hvccc.com.au",,"TeamsOnly","True",,,"AU","AU","HVCCCDialPlan","01-AU-National","tel:+61249103586","Not Yet Supported.",,,,"sipfed.online.lync.com","HybridOnlineTeamsOnlyUser",
"kodowd@hvccc.com.au","Kyle O'Dowd","sip:kodowd@hvccc.com.au",,"TeamsOnly","True",,,"AU","AU","HVCCCDialPlan","01-AU-National","Tel:+61249103585","Not Yet Supported.",,,,"sipfed.online.lync.com","HybridOnlineTeamsOnlyUser",
"korchard@hvccc.com.au","Kate Orchard","sip:korchard@hvccc.com.au",,"TeamsOnly","True",,,"AU","AU","HVCCCDialPlan","01-AU-National","Tel:+61249103559","Not Yet Supported.",,,,"sipfed.online.lync.com","HybridOnlineTeamsOnlyUser",
"krollinson@hvccc.com.au","Kyle Rollinson","sip:Kyle.Rollinson@hvccc.com.au",,"TeamsOnly","True",,,"AU","AU","HVCCCDialPlan","01-AU-National","tel:+61249103553","Not Yet Supported.",,,,"sipfed.online.lync.com","HybridOnlineTeamsOnlyUser",
"KWetzler@hvccc.com.au","Karl Wetzler","sip:Karl.Wetzler@hvccc.com.au",,"TeamsOnly","True",,,"AU","AU","HVCCCDialPlan","01-AU-National","tel:+61249103510","Not Yet Supported.",,,,"sipfed.online.lync.com","HybridOnlineTeamsOnlyUser",
"lei.yap@hvccc.com.au","Lei Yap","sip:lei.yap@hvccc.com.au",,"TeamsOnly","True",,,"AU","AU","HVCCCDialPlan","01-AU-National","tel:+61249103556","Not Yet Supported.",,,,"sipfed.online.lync.com","HybridOnlineTeamsOnlyUser",
"lrit.artc@hvccc.com.au","LRIT - ARTC","sip:lrit.artc@hvccc.com.au",,"TeamsOnly","True",,,"AU","AU","HVCCCDialPlan","01-AU-National","tel:+61249103549","Not Yet Supported.",,,,"sipfed.online.lync.com","HybridOnlineTeamsOnlyUser",
"lrit.artcspace@hvccc.com.au","LRIT - ARTC Spare","sip:lrit.artcspace@hvccc.com.au",,"TeamsOnly","True",,,"AU","AU","HVCCCDialPlan","01-AU-National","tel:+61249103544","Not Yet Supported.",,,,"sipfed.online.lync.com","HybridOnlineTeamsOnlyUser",
"lrit.az@hvccc.com.au","LRIT - AZ","sip:lrit.az@hvccc.com.au",,"TeamsOnly","True",,,"AU","AU","HVCCCDialPlan","01-AU-National","tel:+61249103546","Not Yet Supported.",,,,"sipfed.online.lync.com","HybridOnlineTeamsOnlyUser",
"lrit.ncig@hvccc.com.au","LRIT - NCIG","sip:lrit.ncig@hvccc.com.au",,"TeamsOnly","True",,,"AU","AU","HVCCCDialPlan","01-AU-National","tel:+61249103528","Not Yet Supported.",,,,"sipfed.online.lync.com","HybridOnlineTeamsOnlyUser",
"lrit.pn@hvccc.com.au","LRIT - PN","sip:lrit.pn@hvccc.com.au",,"TeamsOnly","True",,,"AU","AU","HVCCCDialPlan","01-AU-National","tel:+61249103537","Not Yet Supported.",,,,"sipfed.online.lync.com","HybridOnlineTeamsOnlyUser",
"lrit.pwcsin@hvccc.com.au","LRIT PWCS In","sip:lrit.pwcsin@hvccc.com.au",,"TeamsOnly","True",,,"AU","AU","HVCCCDialPlan","01-AU-National","tel:+61249103547","Not Yet Supported.",,,,"sipfed.online.lync.com","HybridOnlineTeamsOnlyUser",
"lrit.pwcsOut@hvccc.com.au","LRIT - PWCS Out","sip:lrit.pwcsOut@hvccc.com.au",,"TeamsOnly","True",,,"AU","AU","HVCCCDialPlan","01-AU-National","tel:+61249103552","Not Yet Supported.",,,,"sipfed.online.lync.com","HybridOnlineTeamsOnlyUser",
"maintenance@hvccc.com.au","Maintenance Planners","sip:maintenance@hvccc.com.au",,"TeamsOnly","True",,,"AU","AU","HVCCCDialPlan","01-AU-National","tel:+61249103531","Not Yet Supported.",,,,"sipfed.online.lync.com","HybridOnlineTeamsOnlyUser",
"pat.cooper@hvccc.com.au","Pat Cooper","sip:Patrick.Cooper@hvccc.com.au",,"TeamsOnly","True",,,"AU","AU","HVCCCDialPlan","01-AU-National","tel:+61249103517","Not Yet Supported.",,,,"sipfed.online.lync.com","HybridOnlineTeamsOnlyUser",
"paul.mee@hvccc.com.au","Paul Mee","sip:paul.mee@hvccc.com.au",,"TeamsOnly","False",,"Broadmeadow","AU","AU","HVCCCDialPlan","02-AU-International","tel:+61249103588","Not Yet Supported.",,,,"sipfed.online.lync.com","HybridOnlineTeamsOnlyUser",
"Peter.Hayes@hvccc.com.au","Peter Hayes","sip:Peter.Hayes@hvccc.com.au",,"TeamsOnly","True",,,"AU","AU","HVCCCDialPlan","01-AU-National","tel:+61249103515","Not Yet Supported.",,,,"sipfed.online.lync.com","HybridOnlineTeamsOnlyUser",
"pharrison@hvccc.com.au","Peter Harrison","sip:pharrison@hvccc.com.au",,"TeamsOnly","True",,,"AU","AU","HVCCCDialPlan","01-AU-National","Tel:+61249103503","Not Yet Supported.",,,,"sipfed.online.lync.com","HybridOnlineTeamsOnlyUser",
"pstringer@hvccc.com.au","Paul Stringer","sip:Paul.Stringer@hvccc.com.au",,"TeamsOnly","True",,,"AU","AU","HVCCCDialPlan","01-AU-National","tel:+61249103518","Not Yet Supported.",,,,"sipfed.online.lync.com","HybridOnlineTeamsOnlyUser",
"rail.planner@hvccc.com.au","Rail Planners","sip:rail.planner@hvccc.com.au",,"TeamsOnly","True",,,"AU","AU","HVCCCDialPlan","01-AU-National","tel:+61249103570","Not Yet Supported.",,,,"sipfed.online.lync.com","HybridOnlineTeamsOnlyUser",
"sbroek@hvccc.com.au","Shane Van Den Broek","sip:Shane.vandenBroek@hvccc.com.au",,"TeamsOnly","True",,,"AU","AU","HVCCCDialPlan","01-AU-National","tel:+61249103512","Not Yet Supported.",,,,"sipfed.online.lync.com","HybridOnlineTeamsOnlyUser",
"schen@hvccc.com.au","Sylvia Chen","sip:schen@hvccc.com.au",,"TeamsOnly","True",,,"AU","AU","HVCCCDialPlan","01-AU-National","tel:+61249103502","Not Yet Supported.",,,,"sipfed.online.lync.com","HybridOnlineTeamsOnlyUser",
"sgamage@hvccc.com.au","Samoda Gamage","sip:sgamage@hvccc.com.au",,"TeamsOnly","True",,,"AU","AU","HVCCCDialPlan","01-AU-National","Tel:+61249103514","Not Yet Supported.",,,,"sipfed.online.lync.com","HybridOnlineTeamsOnlyUser",
"Shortland.MeetingRoom@hvccc.com.au","Shortland Meeting Room","sip:Shortland.MeetingRoom@hvccc.com.au",,"TeamsOnly","True",,,"AU","AU","HVCCCDialPlan","01-AU-National","tel:+61249103540","Not Yet Supported.",,,,"sipfed.online.lync.com","HybridOnlineTeamsOnlyUser",
"smorris@hvccc.com.au","Sam Morris","sip:Samuel.Morris@hvccc.com.au",,"TeamsOnly","True",,,"AU","AU","HVCCCDialPlan","01-AU-National","tel:+61249103551","Not Yet Supported.",,,,"sipfed.online.lync.com","HybridOnlineTeamsOnlyUser",
"SNew@hvccc.com.au","Stephen New","sip:Stephen.New@hvccc.com.au",,"TeamsOnly","True",,,"AU","AU","HVCCCDialPlan","01-AU-National","tel:+61249103565","Not Yet Supported.",,,,"sipfed.online.lync.com","HybridOnlineTeamsOnlyUser",
"spare.1@hvccc.com.au","Spare 1","sip:spare.1@hvccc.com.au",,"TeamsOnly","True",,,"AU","AU","HVCCCDialPlan","01-AU-National","tel:+61249103591","Not Yet Supported.",,,,"sipfed.online.lync.com","HybridOnlineTeamsOnlyUser",
"spare.2@hvccc.com.au","Spare 2","sip:spare.2@hvccc.com.au",,"TeamsOnly","True",,,"AU","AU","HVCCCDialPlan","01-AU-National","tel:+61249103592","Not Yet Supported.",,,,"sipfed.online.lync.com","HybridOnlineTeamsOnlyUser",
"spare.coordinator@hvccc.com.au","Spare - Coordinator","sip:spare.coordinator@hvccc.com.au",,"TeamsOnly","True",,,"AU","AU","HVCCCDialPlan","01-AU-National","tel:+61249103535","Not Yet Supported.",,,,"sipfed.online.lync.com","HybridOnlineTeamsOnlyUser",
"spare.opsplanning@hvccc.com.au","Spare Ops Planning","sip:spare.opsplanning@hvccc.com.au",,"TeamsOnly","True",,,"AU","AU","HVCCCDialPlan","01-AU-National","tel:+61249103595","Not Yet Supported.",,,,"sipfed.online.lync.com","HybridOnlineTeamsOnlyUser",
"spare.scheduling@hvccc.com.au","Spare Scheduling","sip:spare.scheduling@hvccc.com.au",,"TeamsOnly","True",,,"AU","AU","HVCCCDialPlan","01-AU-National","tel:+61249103574","Not Yet Supported.",,,,"sipfed.online.lync.com","HybridOnlineTeamsOnlyUser",
"smenday@hvccc.com.au","Stewart Menday","sip:Stewart.Menday@hvccc.com.au",,"TeamsOnly","True",,,"AU","AU","HVCCCDialPlan","01-AU-National","tel:+61249103563","Not Yet Supported.",,,,"sipfed.online.lync.com","HybridOnlineTeamsOnlyUser",
"stockpile.planner@hvccc.com.au","_HVCCC Stockpile Planners","sip:stockpile.planner@hvccc.com.au",,"TeamsOnly","True",,,"AU","AU","HVCCCDialPlan","01-AU-National","tel:+61249103577","Not Yet Supported.",,,,"sipfed.online.lync.com","HybridOnlineTeamsOnlyUser",
"stoole@hvccc.com.au","Sam Toole","sip:Sam.Toole@hvccc.com.au",,"TeamsOnly","True",,,"AU","AU","HVCCCDialPlan","01-AU-National","tel:+61249103567","Not Yet Supported.",,,,"sipfed.online.lync.com","HybridOnlineTeamsOnlyUser",
"tbowman@hvccc.com.au","Tiffany Bowman","sip:tbowman@hvccc.com.au",,"TeamsOnly","True",,,"AU","AU","HVCCCDialPlan","01-AU-National","tel:+61249103504","Not Yet Supported.",,,,"sipfed.online.lync.com","HybridOnlineTeamsOnlyUser",
"vessel.planner@hvccc.com.au","Vessel Planners","sip:vessel.planner@hvccc.com.au",,"TeamsOnly","True",,,"AU","AU","HVCCCDialPlan","01-AU-National","tel:+61249103573","Not Yet Supported.",,,,"sipfed.online.lync.com","HybridOnlineTeamsOnlyUser",
"waxelsson@hvccc.com.au","William Axelsson","sip:William.Axelsson@hvccc.com.au",,"TeamsOnly","True",,,"AU","AU","HVCCCDialPlan","01-AU-National","tel:+61249103526","Not Yet Supported.",,,,"sipfed.online.lync.com","HybridOnlineTeamsOnlyUser",
