"UserPrincipalName","SipAddress","LineURI","DDI","Ext","AD-Phone","OnPremLineURI","DisplayName","FirstName","LastName","Type","RegistrarPool","OnlineVoiceRoutingPolicy","DialPlan","TeamsUpgradePolicy","Enabled","EnterpriseVoiceEnabled","OnPremEnterpriseVoiceEnabled"
"jelton.low@entag.com.au","sip:jelton.low@entag.com.au","tel:+61733259846","61733259846",,"","","Jelton Low","Jelton","Low","User","sippoolsy3au103.infra.lync.com",,"AU",,"True","True","False"
"AA-Reception-Test@entag.com.au","sip:AA-Reception-Test@entag.com.au","tel:+61731840783","61731840783",,"","tel:+61731840783","AA-Reception-Test","","","User",,,,,"True","True","False"
"daniel.quick@entag.com.au","sip:daniel.quick@entag.com.au","tel:+61754090393","61754090393",,"0754579600","","Daniel Quick","Daniel","Quick","User","sippoolsy3au103.infra.lync.com",,"AU","UpgradeToTeams","True","True","False"
"Jess.Miller@entag.com.au","sip:Jess.Miller@entag.com.au","tel:+61754090396","61754090396",,"","tel:+61754090396","Jess Miller","Jess","Miller","User","sippoolsy3au103.infra.lync.com",,"AU",,"True","True","False"
"hg_6fb882f24a3648b6bde1f3122ba199cb@entag.com.au","sip:hg_6fb882f24a3648b6bde1f3122ba199cb@entag.com.au","tel:+61754090303","61754090303",,"tel:+61754090303","","CQ-Entag-Sales","","","User",,,,,"True","True","False"
"craig.attridge@tbtcbrisbanecity.com.au","sip:craig.attridge@tbtcbrisbanecity.com.au","tel:+61733259827","61733259827",,"","","Craig Attridge","Craig","Attridge","User","sippoolsy3au103.infra.lync.com",,"AU",,"True","True","False"
"sven.test2@entag.com.au","sip:sven.test2@entag.com.au","tel:+61754090397","61754090397",,"1300 036 824","tel:+61754090397","[Support] SVENTEST2","SVEN","Test2","User","sippoolsy3au103.infra.lync.com",,"AU",,"True","True","False"
"AA-IVR-ABTEST@TSHOPBIZ.onmicrosoft.com","sip:AA-IVR-ABTEST@TSHOPBIZ.onmicrosoft.com","tel:+61733259814","61733259814",,"","tel:+61733259814","AA-IVR-ABTEST","","","User",,,,,"True","True","False"
"oaa_b2c2c85acd1745498830a074a126219f@entag.com.au","sip:oaa_b2c2c85acd1745498830a074a126219f@entag.com.au","tel:+61731840727","61731840727",,"tel:+61731840727","tel:+61731840727","AA-Entag-Main","","","User",,,,,"True","True","False"
"nana.huynh@entag.com.au","sip:nana.huynh@entag.com.au","tel:+61733259851","61733259851",,"","tel:+61733259851","Nana Huynh","Nana","Huynh","User","sippoolsy3au103.infra.lync.com",,"AU",,"True","True","False"
"oaa_53d93f98de10473b840e82ac2034b053@entag.com.au","sip:oaa_53d93f98de10473b840e82ac2034b053@entag.com.au","tel:+61754090300","61754090300",,"tel:+61754090300","tel:+61754090300","AA-ENTAG-MSP","","","User",,,,,"True","True","False"
"tisha.carter@entag.com.au","sip:tisha.carter@entag.com.au","tel:+61733259833","61733259833",,"","","Tisha Carter","Tisha","Carter","User","sippoolsy3au103.infra.lync.com",,"AU",,"True","True","False"
"natasha.banfield@entag.com.au","sip:natasha.banfield@entag.com.au","tel:+61733259834","61733259834",,"","","Natasha Banfield","Natasha","Banfield","User","sippoolsy3au103.infra.lync.com",,"AU",,"True","True","False"
"Louise.O'Neill@entag.com.au","sip:Louise.O'Neill@entag.com.au","tel:+61754090329","61754090329",,"","","Louise O'Neill","Louise","O'Neill","User","sippoolsy3au103.infra.lync.com",,"AU",,"True","True","False"
"David.Porter@entag.com.au","sip:David.Porter@entag.com.au","tel:+61754090370","61754090370",,"07 5457 9626","","David Porter","David","Porter","User","sippoolsy3au103.infra.lync.com",,"AU",,"True","True","False"
"lauren.jasse@entag.com.au","sip:lauren.jasse@entag.com.au","tel:+61733259832","61733259832",,"","tel:+61733259832","Lauren Jasse","Lauren","Jasse","User","sippoolsy3au103.infra.lync.com",,"AU",,"True","True","False"
"AA-PSBA@tshopbiz.onmicrosoft.com","sip:AA-PSBA@tshopbiz.onmicrosoft.com","tel:+61733259804","61733259804",,"","tel:+61733259804","AA-PSBA","","","User",,,,,"True","True","False"
"Jackson.Curro@tshopbiz.com.au","sip:Jackson.Curro@tshopbiz.com.au","tel:+61754090380","61754090380",,"0754579600","","Jackson Curro","Jackson","Curro","User","sippoolsy3au103.infra.lync.com",,"AU",,"True","True","False"
"Michelle.Lowe@entag.com.au","sip:Michelle.Lowe@entag.com.au","tel:+61754090371","61754090371",,"","","Michelle Lowe","Michelle","Lowe","User","sippoolsy3au103.infra.lync.com",,"AU",,"True","True","False"
"AA-FleetMobilitySupport@tshopbiz.onmicrosoft.com","sip:AA-FleetMobilitySupport@tshopbiz.onmicrosoft.com","tel:+61733259811","61733259811",,"","tel:+61733259811","AA-FleetMobilitySupport","","","User",,,,,"True","True","False"
"cassandra.hall@entag.com.au","sip:cassandra.hall@entag.com.au","tel:+61733259828","61733259828",,"","","Cassandra Hall","Cassandra","Hall","User","sippoolsy3au103.infra.lync.com",,"AU",,"True","True","False"
"amanda.avery@entag.com.au","sip:amanda.avery@entag.com.au","tel:+61754090343","61754090343",,"","","Amanda Avery","Amanda","Avery","User","sippoolsy3au103.infra.lync.com",,"AU","UpgradeToTeams","True","True","False"
"peter.whitburn@entag.com.au","sip:peter.whitburn@entag.com.au","tel:+61754090320","61754090320",,"","","Peter Whitburn","Peter","Whitburn","User","sippoolsy3au103.infra.lync.com",,"AU","UpgradeToTeams","True","True","False"
"Corey.Williams@entag.com.au","sip:Corey.Williams@entag.com.au","tel:+61754437254","61754437254",,"","","Corey Williams","Corey","Williams","User","sippoolsy3au103.infra.lync.com",,"AU","UpgradeToTeams","True","True","False"
"andrew.pearson@entag.com.au","sip:andrew.pearson@entag.com.au","tel:+61754090314","61754090314",,"","","Andrew Pearson","Andrew","Pearson","User","sippoolsy3au103.infra.lync.com",,"AU",,"True","True","False"
"esther.williams@entag.com.au","sip:esther.williams@entag.com.au","tel:+61754090345","61754090345",,"07 3380 9864","","Esther Williams","Esther","Williams","User","sippoolsy3au103.infra.lync.com",,"AU",,"True","True","False"
"CQ-Aimee-Test@entag.com.au","sip:CQ-Aimee-Test@entag.com.au","tel:+61731840724","61731840724",,"","tel:+61731840724","CQ-Aimee-Test","","","User",,,,,"True","True","False"
"helena.moore@entag.com.au","sip:helena.moore@entag.com.au","tel:+61733259831","61733259831",,"","","Helena Moore","Helena","Moore","User","sippoolsy3au103.infra.lync.com",,"AU",,"True","True","False"
"tara.patelesio@entag.com.au","sip:tara.patelesio@entag.com.au","tel:+61733259845","61733259845",,"","","Tara Patelesio","Tara","Patelesio","User","sippoolsy3au103.infra.lync.com",,"AU",,"True","True","False"
"Liam.Belletty@tbtcqldcentralsunshinecoast.com.au","sip:Liam.Belletty@tbtcqldcentralsunshinecoast.com.au","tel:+61754090316","61754090316",,"1300881800","","Liam Belletty","Liam","Belletty","User","sippoolsy3au103.infra.lync.com",,"AU",,"True","True","False"
"hg_5f65d879540e4675a9a10781df5d40a5@entag.com.au","sip:hg_5f65d879540e4675a9a10781df5d40a5@entag.com.au","tel:+61754090304","61754090304",,"tel:+61753708818","tel:+61754090304","CQ-Test1","","","User",,,,,"True","True","False"
"AA-TBTC-FOH@TSHOPBIZ.onmicrosoft.com","sip:AA-TBTC-FOH@TSHOPBIZ.onmicrosoft.com","tel:+61752313901","61752313901",,"","tel:+61752313901","AA-TBTC-FOH","","","User",,,,,"True","True","False"
"nathan.williams@entag.com.au","sip:nathan.williams@entag.com.au","tel:+61733259849","61733259849",,"","","Nathan Williams","Nathan","Williams","User","sippoolsy3au103.infra.lync.com",,"AU",,"True","True","False"
"michael.stig@entag.com.au","sip:michael.stig@entag.com.au","tel:+61754090399","61754090399",,"","","Michael Stig","Michael","Stig","User","sippoolsy3au103.infra.lync.com",,"AU",,"True","True","False"
"hg_12989792652b44a2accc1b7e2aba675b@entag.com.au","sip:hg_12989792652b44a2accc1b7e2aba675b@entag.com.au","tel:+61754090301","61754090301",,"tel:+61731840783","tel:+61754090301","CQ-Entag-MSP","","","User",,,,,"True","True","False"
"jason.phillips@entag.com.au","sip:jason.phillips@entag.com.au","tel:+61754090315","61754090315",,"","","Jason Phillips","Jason","Phillips","User","sippoolsy3au103.infra.lync.com",,"AU",,"True","True","False"
"LCQ-AB-Test@TSHOPBIZ.onmicrosoft.com","sip:LCQ-AB-Test@TSHOPBIZ.onmicrosoft.com","tel:+61752313914","61752313914",,"","tel:+61752313914","LCQ-AB-Test","","","User",,,,,"True","True","False"
"tara.brok@entag.com.au","sip:tara.brok@entag.com.au","tel:+61733259835","61733259835",,"","","Tara Brok","Tara","Brok","User","sippoolsy3au103.infra.lync.com",,"AU",,"True","True","False"
"Damien.Davies@entag.com.au","sip:Damien.Davies@entag.com.au","tel:+61754090398","61754090398",,"","","Damien Davies","Damien","Davies","User","sippoolsy3au103.infra.lync.com",,"AU",,"True","True","False"
"AA-TBTC-FOH-Brisbane@TSHOPBIZ.onmicrosoft.com","sip:AA-TBTC-FOH-Brisbane@TSHOPBIZ.onmicrosoft.com","tel:+61733259812","61733259812",,"","tel:+61733259812","AA-TBTC-FOH-Brisbane","","","User",,,,,"True","True","False"
"logan.waaka@entag.com.au","sip:logan.waaka@entag.com.au","tel:+61733259836","61733259836",,"","","Logan Waaka","Logan","Waaka","User","sippoolsy3au103.infra.lync.com",,"AU",,"True","True","False"
"andrea.mason@entag.com.au","sip:andrea.mason@entag.com.au","tel:+61754090363","61754090363",,"","","Andrea Mason","Andrea","Mason","User","sippoolsy3au103.infra.lync.com",,"AU","UpgradeToTeams","True","True","False"
"AA-Finance@TSHOPBIZ.onmicrosoft.com","sip:AA-Finance@TSHOPBIZ.onmicrosoft.com","tel:+61752313903","61752313903",,"","tel:+61752313903","AA-Finance","","","User",,,,,"True","True","False"
"eben.ngata@entag.com.au","sip:eben.ngata@entag.com.au","tel:+61754090328","61754090328",,"","","Eben Ngata","Eben","Ngata","User","sippoolsy3au103.infra.lync.com",,"AU",,"True","True","False"
"stephen.bell@entag.com.au","sip:stephen.bell@entag.com.au","tel:+61754433530","61754433530",,"+61 7 5443 3530","","Stephen Bell","Stephen","Bell","User","sippoolsy3au103.infra.lync.com",,"AU","UpgradeToTeams","True","True","False"
"AA-Provisioning-Projects@TSHOPBIZ.onmicrosoft.com","sip:AA-Provisioning-Projects@TSHOPBIZ.onmicrosoft.com","tel:+61752313904","61752313904",,"","tel:+61752313904","AA-Provisioning-Projects","","","User",,,,,"True","True","False"
"CQ-StagingMobility@tshopbiz.onmicrosoft.com","sip:CQ-StagingMobility@tshopbiz.onmicrosoft.com","tel:+61733259805","61733259805",,"","tel:+61733259805","CQ-StagingMobility","","","User",,,,,"True","True","False"
"doug.byrnes@entag.com.au","sip:doug.byrnes@entag.com.au","tel:+61733259837","61733259837",,"","","Doug Byrnes","Doug","Byrnes","User","sippoolsy3au103.infra.lync.com",,"AU",,"True","True","False"
"CQ-TCO-Nuture@entag.com.au","sip:CQ-TCO-Nuture@entag.com.au","tel:+61731860197","61731860197",,"","tel:+61731860197","CQ-TCO-Nuture","","","User",,,,,"True","True","False"
"craig.white@entag.com.au","sip:craig.white@entag.com.au","tel:+61754433794","61754433794",,"07 5443 3794","","Craig White","Craig","White","User","sippoolsy3au103.infra.lync.com",,"AU","UpgradeToTeams","True","True","False"
"CQ-Landis-Test-Alpha@entag.com.au","sip:CQ-Landis-Test-Alpha@entag.com.au","tel:+61754090302","61754090302",,"","tel:+61754090302","CQ-Landis-Test-Alpha","","","User",,,,,"True","True","False"
"Kelly.Dakin@entag.com.au","sip:Kelly.Dakin@entag.com.au","tel:+61754090367","61754090367",,"0754579614","","Kelly Dakin","Kelly","Dakin","User","sippoolsy3au103.infra.lync.com",,"AU",,"True","True","False"
"Andrew.Walter@entag.com.au","sip:Andrew.Walter@entag.com.au","tel:+61754090306","61754090306",,"","","Andrew  Walter","Andrew","Walter","User","sippoolsy3au103.infra.lync.com",,"AU",,"True","True","False"
"malcolm.tong@entag.com.au","sip:malcolm.tong@entag.com.au","tel:+61733259847","61733259847",,"","","Malcolm Tong","Malcolm","Tong","User","sippoolsy3au103.infra.lync.com",,"AU",,"True","True","False"
"Brandon.Kime@entag.com.au","sip:Brandon.Kime@entag.com.au","tel:+61754090305","61754090305",,"07 5409 0305","","Brandon Kime","Brandon","Kime","User","sippoolsy3au103.infra.lync.com",,"AU","UpgradeToTeams","True","True","False"
"Rowan.Meyer@tbtcbrisbanecity.com.au","sip:Rowan.Meyer@tbtcbrisbanecity.com.au","tel:+61733259815","61733259815",,"","tel:+61733259815","Rowan Meyer","Rowan","Meyer","User","sippoolsy3au103.infra.lync.com",,"AU",,"True","True","False"
"thea.mulheran@entag.com.au","sip:thea.mulheran@entag.com.au","tel:+61754090373","61754090373",,"07 5457 9600","","Thea Mulheran","Thea","Mulheran","User","sippoolsy3au103.infra.lync.com",,"AU","UpgradeToTeams","True","True","False"
"cqentagcmsp@entag.com.au","sip:cqentagcmsp@entag.com.au","tel:+61733259801","61733259801",,"","tel:+61733259801","CQ-ENTAG-Connect-MSP","","","User",,,,,"True","True","False"
"quintin.hartell@entag.com.au","sip:quintin.hartell@entag.com.au","tel:+61733259817","61733259817",,"","","Quintin Hartell","Quintin","Hartell","User","sippoolsy3au103.infra.lync.com",,"AU",,"True","True","False"
"Andrew.Baird@entag.com.au","sip:Andrew.Baird@entag.com.au","tel:+61754090309","61754090309",,"+61 7 5409 0309","","Andrew Baird","Andrew","Baird","User","sippoolsy3au103.infra.lync.com",,"AU",,"True","True","False"
"Matt.Storer@tshopbiz.com.au","sip:Matt.Storer@tshopbiz.com.au","tel:+61754090378","61754090378",,"0754568202","","Matt Storer","Matt","Storer","User","sippoolsy3au103.infra.lync.com",,"AU",,"True","True","False"
"Suni.Rajapakse@entag.com.au","sip:Suni.Rajapakse@entag.com.au","tel:+61754090388","61754090388",,"1300881800","","Suni Rajapakse","Suni","Rajapakse","User","sippoolsy3au103.infra.lync.com",,"AU",,"True","True","False"
"callum.hadland@entag.com.au","sip:callum.hadland@entag.com.au","tel:+61733259855","61733259855",,"","","Callum Hadland","Callum","Hadland","User","sippoolsy3au103.infra.lync.com",,"AU",,"True","True","False"
"joel.carpenter@entag.com.au","sip:joel.carpenter@entag.com.au","tel:+61733259854","61733259854",,"","","Joel Carpenter","Joel","Carpenter","User","sippoolsy3au103.infra.lync.com",,"AU",,"True","True","False"
"Jamie.Houghton@entag.com.au","sip:Jamie.Houghton@entag.com.au","tel:+61754090322","61754090322",,"","","Jamie Houghton","Jamie","Houghton","User","sippoolsy3au103.infra.lync.com",,"AU",,"True","True","False"
"merlin.pather@entag.com.au","sip:merlin.pather@entag.com.au","tel:+61733259816","61733259816",,"","tel:+61733259816","Merlin Pather","Merlin","Pather","User","sippoolsy3au103.infra.lync.com",,"AU",,"True","True","False"
"AA-Stephen-Test@entag.com.au","sip:AA-Stephen-Test@entag.com.au","tel:+61753708818","61753708818",,"","tel:+61753708818","AA-Stephen-Test","","","User",,,,,"True","True","False"
"Sarah.Williams@entag.com.au","sip:Sarah.Williams@entag.com.au","tel:+61754090355","61754090355",,"07 5409 0355","","Sarah Williams","Sarah","Williams","User","sippoolsy3au104.infra.lync.com",,"AU",,"True","True","False"
"Dan.Burg@entag.com.au","sip:Dan.Burg@entag.com.au","tel:+61754090310","61754090310",,"","","Dan Burg","Daniel","Burg","User","sippoolsy3au103.infra.lync.com",,"AU",,"True","True","False"
"Chris.Johansen@entag.com.au","sip:Chris.Johansen@entag.com.au","tel:+61754090365","61754090365",,"","","Chris Johansen","Chris","Johansen","User","sippoolsy3au103.infra.lync.com",,"AU",,"True","True","False"
"stacey.rule@tbtcbrisbanecity.com.au","sip:stacey.rule@tbtcbrisbanecity.com.au","tel:+61733259818","61733259818",,"","","Stacey Rule","Stacey","Rule","User","sippoolsy3au103.infra.lync.com",,"AU",,"True","True","False"
"moses.latu@entag.com.au","sip:moses.latu@entag.com.au","tel:+61733259829","61733259829",,"","","Moses Latu","Moses","Latu","User","sippoolsy3au103.infra.lync.com",,"AU",,"True","True","False"
"catherine.little@entag.com.au","sip:catherine.little@entag.com.au","tel:+61754090308","61754090308",,"07 5457 9689","","Catherine Little","Catherine","Little","User","sippoolsy3au103.infra.lync.com",,"AU",,"True","True","False"
"bryton.wishart@entag.com.au","sip:bryton.wishart@entag.com.au","tel:+61754432793","61754432793",,"07 5443 2793","","Bryton Wishart","Bryton","Wishart","User","sippoolsy3au103.infra.lync.com",,"AU","UpgradeToTeams","True","True","False"
"aimee.mcmahon@entag.com.au","sip:aimee.mcmahon@entag.com.au","tel:+61754090311","61754090311",,"0754 090311","","Aimee McMahon","Aimee","McMahon","User","sippoolsy3au103.infra.lync.com",,"AU","UpgradeToTeams","True","True","False"
"heidi.zandazad@entag.com.au","sip:heidi.zandazad@entag.com.au","tel:+61733259826","61733259826",,"","tel:+61733259826","Heidi Zandazad","Heidi","Zandazad","User","sippoolsy3au103.infra.lync.com",,"AU",,"True","True","False"
"AA-Aimee-Test@entag.com.au","sip:AA-Aimee-Test@entag.com.au","tel:+61731860195","61731860195",,"","tel:+61731860195","AA-Aimee-Test","","","User",,,,,"True","True","False"
"yury.minkin@entag.com.au","sip:yury.minkin@entag.com.au","tel:+61733259853","61733259853",,"","tel:+61733259853","Yury Minkin","Yury","Minkin","User","sippoolsy3au103.infra.lync.com",,"AU",,"True","True","False"
"lachy.toohey@entag.com.au","sip:lachy.toohey@entag.com.au","tel:+61733259852","61733259852",,"","tel:+61733259852","Lachy Toohey","Lachy","Toohey","User","sippoolsy3au103.infra.lync.com",,"AU",,"True","True","False"
"paul.baker@entag.com.au","sip:paul.baker@entag.com.au","tel:+61733259856","61733259856",,"","tel:+61733259856","Paul Baker","Paul","Baker","User","sippoolsy3au103.infra.lync.com",,"AU",,"True","True","False"
"zak.cruickshank@entag.com.au","sip:zak.cruickshank@entag.com.au","tel:+61733259850","61733259850",,"","tel:+61733259850","Zak Cruickshank","Zak","Cruickshank","User","sippoolsy3au103.infra.lync.com",,"AU",,"True","True","False"
"teamsdemo@entag.com.au","sip:teamsdemo@entag.com.au","tel:+61754090331","61754090331",,"","","[ENTAG] Demo DO NOT TOUCH","","","User","sippoolsy3au104.infra.lync.com",,"AU",,"True","True","False"
"kirsty.lavender@tbtcbrisbanecity.com.au","sip:kirsty.lavender@tbtcbrisbanecity.com.au","tel:+61733259821","61733259821",,"","","Kirsty Lavender","Kirsty","Lavender","User","sippoolsy3au103.infra.lync.com",,"AU",,"True","True","False"
"elly.slade@entag.com.au","sip:elly.slade@entag.com.au","tel:+61733259819","61733259819",,"","","Elly Slade","Elly","Slade","User","sippoolsy3au103.infra.lync.com",,"AU",,"True","True","False"
"Christopher.Dick@entag.com.au","sip:Christopher.Dick@entag.com.au","tel:+61754090319","61754090319",,"07 5457 9659","","Christopher Dick","Christopher","Dick","User","sippoolsy3au103.infra.lync.com",,"AU",,"True","True","False"
"Berit.Bell@entag.com.au","sip:Berit.Bell@entag.com.au","tel:+61754090323","61754090323",,"07 5457 9627","","Berit Bell","Berit","Bell","User","sippoolsy3au103.infra.lync.com",,"AU",,"True","True","False"
"jordan.messenger@tbtcbrisbanecity.com.au","sip:jordan.messenger@tbtcbrisbanecity.com.au","tel:+61733259823","61733259823",,"","","Jordan Messenger","Jordan","Messenger","User","sippoolsy3au103.infra.lync.com",,"AU",,"True","True","False"
"breanna.lucas@entag.com.au","sip:breanna.lucas@entag.com.au","tel:+61754090349","61754090349",,"07 5457 9650","","Breanna Lucas","Breanna","Lucas","User","sippoolsy3au103.infra.lync.com",,"AU",,"True","True","False"
"AA-QAS@tshopbiz.onmicrosoft.com","sip:AA-QAS@tshopbiz.onmicrosoft.com","tel:+61733259803","61733259803",,"","tel:+61733259803","AA-QAS","","","User",,,,,"True","True","False"
"jake.vandenbergh@entag.com.au","sip:jake.vandenbergh@entag.com.au","tel:+61733259824","61733259824",,"","","Jake Van Den Bergh","Jake","Van Den Bergh","User","sippoolsy3au103.infra.lync.com",,"AU",,"True","True","False"
"AA-HR@TSHOPBIZ.onmicrosoft.com","sip:AA-HR@TSHOPBIZ.onmicrosoft.com","tel:+61752313900","61752313900",,"","tel:+61752313900","AA-HR","","","User",,,,,"True","True","False"
"AA-QPS@TSHOPBIZ.onmicrosoft.com","sip:AA-QPS@TSHOPBIZ.onmicrosoft.com","tel:+61733259802","61733259802",,"","tel:+61733259802","AA-QPS","","","User",,,,,"True","True","False"
"simon.nicholls@entag.com.au","sip:simon.nicholls@entag.com.au","tel:+61733259842","61733259842",,"","","Simon Nicholls","Simon","Nicholls","User","sippoolsy3au103.infra.lync.com",,"AU",,"True","True","False"
"Kevin.Staib@entag.com.au","sip:Kevin.Staib@entag.com.au","tel:+61754090369","61754090369",,"0754579617","","Shane Staib","Shane","Staib","User","sippoolsy3au103.infra.lync.com",,"AU",,"True","True","False"
"Damien.Hicks@entag.com.au","sip:Damien.Hicks@entag.com.au","tel:+61754090366","61754090366",,"07 5457 9606","","Damien Hicks","Damien","Hicks","User","sippoolsy3au103.infra.lync.com",,"AU",,"True","True","False"
"Alex.Moody@entag.com.au","sip:Alex.Moody@entag.com.au","tel:+61754090375","61754090375",,"07 5409 0375","","Alex Moody","Alex","Moody","User","sippoolsy3au103.infra.lync.com",,"AU",,"True","True","False"
"Kieran.Osborne@entag.com.au","sip:Kieran.Osborne@entag.com.au","tel:+61733259858","61733259858",,"","tel:+61733259858","Kieran Osborne","Kieran","Osborne","User","sippoolsy3au103.infra.lync.com",,"AU",,"True","True","False"
"Serena.Coghlan@entag.com.au","sip:Serena.Coghlan@entag.com.au","tel:+61754090318","61754090318",,"","","Serena Coghlan","Serena","Coghlan","User","sippoolsy3au103.infra.lync.com",,"AU",,"True","True","False"
"Ashley.Smith@entag.com.au","sip:Ashley.Smith@entag.com.au","tel:+61754435198","61754435198",,"","","Ashley Smith","Ashley","Smith","User","sippoolsy3au103.infra.lync.com",,"AU","UpgradeToTeams","True","True","False"
"Rikki.Kelly@entag.com.au","sip:Rikki.Kelly@entag.com.au","tel:+61754090333","61754090333",,"","","Rikki Kelly","Rikki","Kelly","User","sippoolsy3au103.infra.lync.com",,"AU",,"True","True","False"
"AA-ManagedMobilitySupport@tshopbiz.onmicrosoft.com","sip:AA-ManagedMobilitySupport@tshopbiz.onmicrosoft.com","tel:+61733259810","61733259810",,"","tel:+61733259810","AA-ManagedMobilitySupport","","","User",,,,,"True","True","False"
"Colleen.Lamb@entag.com.au","sip:Colleen.Lamb@entag.com.au","tel:+61754090317","61754090317",,"","tel:+61754090317","Colleen Lamb","Colleen","Lamb","User","sippoolsy3au103.infra.lync.com",,"AU",,"True","True","False"
"Anthony.Kassulke@entag.com.au","sip:Anthony.Kassulke@entag.com.au","tel:+61754090389","61754090389",,"07 4122 9906","","Anthony Kassulke","Anthony","Kassulke","User","sippoolsy3au103.infra.lync.com",,"AU",,"True","True","False"
"Pascal.Stussi@tshopbiz.com.au","sip:Pascal.Stussi@tshopbiz.com.au","tel:+61754090381","61754090381",,"0754579600","","Pascal Stussi","Pascal","Stussi","User","sippoolsy3au103.infra.lync.com",,"AU",,"True","True","False"
"Jacqaomi.Evans@entag.com.au","sip:Jacqaomi.Evans@entag.com.au","tel:+61754090368","61754090368",,"1300881800","","Jacqaomi Evans","Jacqaomi","Evans","User","sippoolsy3au103.infra.lync.com",,"AU",,"True","True","False"
"AA-Stephen-Test2@entag.com.au","sip:AA-Stephen-Test2@entag.com.au","tel:+61731847089","61731847089",,"","tel:+61731847089","AA-Stephen-Test2","","","User",,,,,"True","True","False"
"mitchell.farley@entag.com.au","sip:mitchell.farley@entag.com.au","tel:+61733259825","61733259825",,"","","Mitchell Farley","Mitchell","Farley","User","sippoolsy3au103.infra.lync.com",,"AU",,"True","True","False"
"Pratik.Pokharel@entag.com.au","sip:Pratik.Pokharel@entag.com.au","tel:+61754090383","61754090383",,"0754579600","","Pratik Pokharel","Pratik","Pokharel","User","sippoolsy3au103.infra.lync.com",,"AU",,"True","True","False"
"karlee.irwin@entag.com.au","sip:karlee.irwin@entag.com.au","tel:+61754090339","61754090339",,"","","Karlee Irwin","Karlee","Irwin","User","sippoolsy3au103.infra.lync.com",,"AU","UpgradeToTeams","True","True","False"
"amy.provost@entag.com.au","sip:amy.provost@entag.com.au","tel:+61733259838","61733259838",,"","","Amy Provost","Amy","Provost","User","sippoolsy3au103.infra.lync.com",,"AU",,"True","True","False"
"adam.busby@tbtcqldcentralsunshinecoast.com.au","sip:adam.busby@tbtcqldcentralsunshinecoast.com.au","tel:+61754090307","61754090307",,"","","Adam Busby","Adam","Busby","User","sippoolsy3au103.infra.lync.com",,"AU",,"True","True","False"
"ryan.unwin@entag.com.au","sip:ryan.unwin@entag.com.au","tel:+61733259839","61733259839",,"","","Ryan Unwin","Ryan","Unwin","User","sippoolsy3au103.infra.lync.com",,"AU",,"True","True","False"
"julie.tillack@entag.com.au","sip:julie.tillack@entag.com.au","tel:+61733259840","61733259840",,"","","Julie Tillack","Julie","Tillack","User","sippoolsy3au103.infra.lync.com",,"AU",,"True","True","False"
"karl.brockman@tbtcqldcentralsunshinecoast.com.au","sip:karl.brockman@tbtcqldcentralsunshinecoast.com.au","tel:+61754090390","61754090390",,"","","Karl Brockman","Karl","Brockman","User","sippoolsy3au103.infra.lync.com",,"AU",,"True","True","False"
"Anita.Piers@tshopbiz.com.au","sip:Anita.Piers@tshopbiz.com.au","tel:+61754090384","61754090384",,"0754579600","","Anita Piers","Anita","Piers","User","sippoolsy3au103.infra.lync.com",,"AU",,"True","True","False"
"John.Sexton@entag.com.au","sip:John.Sexton@entag.com.au","tel:+61754090340","61754090340",,"","","John Sexton","John","Sexton","User","sippoolsy3au103.infra.lync.com",,"AU",,"True","True","False"
"aaentagccmsp@entag.com.au","sip:aaentagccmsp@entag.com.au","tel:+61733259800","61733259800",,"","tel:+61733259800","AA-ENTAG-Connect-MSP","","","User",,,,,"True","True","False"
"Lisa.May@entag.com.au","sip:Lisa.May@entag.com.au","tel:+61754090313","61754090313",,"","","Lisa May","Lisa","May","User","sippoolsy3au103.infra.lync.com",,"AU",,"True","True","False"
"AA-M2M@tshopbiz.onmicrosoft.com","sip:AA-M2M@tshopbiz.onmicrosoft.com","tel:+61733259808","61733259808",,"","tel:+61733259808","AA-M2M","","","User",,,,,"True","True","False"
"dan.bolland@tbtcqldcentralsunshinecoast.com.au","sip:dan.bolland@tbtcqldcentralsunshinecoast.com.au","tel:+61754090387","61754090387",,"0754579600","","Dan Bolland","Dan","Bolland","User","sippoolsy3au103.infra.lync.com",,"AU",,"True","True","False"
"Trish.Brown@tbtcqldcentralsunshinecoast.com.au","sip:Trish.Brown@tbtcqldcentralsunshinecoast.com.au","tel:+61754090386","61754090386",,"(07) 5376 6555","","Trish Brown","Trish","Brown","User","sippoolsy3au103.infra.lync.com",,"AU",,"True","True","False"
"CQ-Warehouse@tshopbiz.onmicrosoft.com","sip:CQ-Warehouse@tshopbiz.onmicrosoft.com","tel:+61733259806","61733259806",,"","tel:+61733259806","CQ-Warehouse","","","User",,,,,"True","True","False"
"Cindy.White@entag.com.au","sip:Cindy.White@entag.com.au","tel:+61754090372","61754090372",,"0754579629","","Cindy White","Cindy","White","User","sippoolsy3au103.infra.lync.com",,"AU",,"True","True","False"
"liam.puchala@entag.com.au","sip:liam.puchala@entag.com.au","tel:+61733259841","61733259841",,"","","Liam Puchala","Liam","Puchala","User","sippoolsy3au103.infra.lync.com",,"AU",,"True","True","False"
"AA-MobilitySupport@tshopbiz.onmicrosoft.com","sip:AA-MobilitySupport@tshopbiz.onmicrosoft.com","tel:+61733259807","61733259807",,"","tel:+61733259807","AA-MobilitySupport","","","User",,,,,"True","True","False"
"AA-TBTC-Business-Plus@TSHOPBIZ.onmicrosoft.com","sip:AA-TBTC-Business-Plus@TSHOPBIZ.onmicrosoft.com","tel:+61752313902","61752313902",,"","tel:+61752313902","AA-TBTC-Business-Plus","","","User",,,,,"True","True","False"
"harvey.goldsmith@entag.com.au","sip:harvey.goldsmith@entag.com.au","tel:+61733259857","61733259857",,"","tel:+61733259857","Harvey Goldsmith","Harvey","Goldsmith","User","sippoolsy3au103.infra.lync.com",,"AU",,"True","True","False"
"AA-ProjectSupport@entag.com.au","sip:AA-ProjectSupport@entag.com.au","tel:+61731847057","61731847057",,"","tel:+61731847057","AA-ProjectSupport","","","User",,,,,"True","True","False"
"jesse.brooker@entag.com.au","sip:jesse.brooker@entag.com.au","tel:+61733259848","61733259848",,"","tel:+61733259848","Jesse Brooker","Jesse","Brooker","User","sippoolsy3au103.infra.lync.com",,"AU",,"True","True","False"
"Alex.krinks@entag.com.au","sip:Alex.krinks@entag.com.au","tel:+61754090353","61754090353",,"","","Alex Krinks","Alex","Krinks","User","sippoolsy3au103.infra.lync.com",,"AU","UpgradeToTeams","True","True","False"
"Jess.Ryan@entag.com.au","sip:Jess.Ryan@entag.com.au","tel:+61754090312","61754090312",,"","","Jess Ryan","Jess","Ryan","User","sippoolsy3au103.infra.lync.com",,"AU",,"True","True","False"
"AA-BoltonClarke@tshopbiz.onmicrosoft.com","sip:AA-BoltonClarke@tshopbiz.onmicrosoft.com","tel:+61733259809","61733259809",,"","tel:+61733259809","AA-BoltonClarke","","","User",,,,,"True","True","False"
"stephen.vandenbergh@entag.com.au","sip:stephen.vandenbergh@entag.com.au","tel:+61733259830","61733259830",,"","","Stephen Van Den Bergh","Stephen","Van Den Bergh","User","sippoolsy3au103.infra.lync.com",,"AU",,"True","True","False"
"Mark.Williamson@entag.com.au","sip:Mark.Williamson@entag.com.au","tel:+61754090330","61754090330",,"","","Mark Williamson","Mark","Williamson","User","sippoolsy3au103.infra.lync.com",,"AU",,"True","True","False"
"hg_5f65d879540e4675a9a10781df5d40a5@entag.com.au",,"tel:+61754090304","61754090304",,,,"CQ-Test1",,,"Call Queue Resource Account",,,,,,,
"hg_12989792652b44a2accc1b7e2aba675b@entag.com.au",,"tel:+61754090301","61754090301",,,,"CQ-Entag-MSP",,,"Call Queue Resource Account",,,,,,,
"hg_6fb882f24a3648b6bde1f3122ba199cb@entag.com.au",,"tel:+61754090303","61754090303",,,,"CQ-Entag-Sales",,,"Call Queue Resource Account",,,,,,,
"CQ-Landis-Test-Alpha@entag.com.au",,"tel:+61754090302","61754090302",,,,"CQ-Landis-Test-Alpha",,,"Call Queue Resource Account",,,,,,,
"CQ-Aimee-Test@entag.com.au",,"tel:+61731840724","61731840724",,,,"CQ-Aimee-Test",,,"Call Queue Resource Account",,,,,,,
"CQ-TCO-Nuture@entag.com.au",,"tel:+61731860197","61731860197",,,,"CQ-TCO-Nuture",,,"Call Queue Resource Account",,,,,,,
"AA-IVR-ABTEST@TSHOPBIZ.onmicrosoft.com",,"tel:+61733259814","61733259814",,,,"AA-IVR-ABTEST",,,"Call Queue Resource Account",,,,,,,
"cqentagcmsp@entag.com.au",,"tel:+61733259801","61733259801",,,,"CQ-ENTAG-Connect-MSP",,,"Call Queue Resource Account",,,,,,,
"CQ-StagingMobility@tshopbiz.onmicrosoft.com",,"tel:+61733259805","61733259805",,,,"CQ-StagingMobility",,,"Call Queue Resource Account",,,,,,,
"CQ-Warehouse@tshopbiz.onmicrosoft.com",,"tel:+61733259806","61733259806",,,,"CQ-Warehouse",,,"Call Queue Resource Account",,,,,,,
"LCQ-AB-Test@TSHOPBIZ.onmicrosoft.com",,"tel:+61752313914","61752313914",,,,"LCQ-AB-Test",,,"Unknown Resource Account",,,,,,,
"AA-Reception-Test@entag.com.au",,"tel:+61731840783","61731840783",,,,"AA-Reception-Test",,,"Auto Attendant Resource Account",,,,,,,
"oaa_b2c2c85acd1745498830a074a126219f@entag.com.au",,"tel:+61731840727","61731840727",,,,"AA-Entag-Main",,,"Auto Attendant Resource Account",,,,,,,
"oaa_53d93f98de10473b840e82ac2034b053@entag.com.au",,"tel:+61754090300","61754090300",,,,"AA-ENTAG-MSP",,,"Auto Attendant Resource Account",,,,,,,
"AA-Aimee-Test@entag.com.au",,"tel:+61731860195","61731860195",,,,"AA-Aimee-Test",,,"Auto Attendant Resource Account",,,,,,,
"AA-Stephen-Test@entag.com.au",,"tel:+61753708818","61753708818",,,,"AA-Stephen-Test",,,"Auto Attendant Resource Account",,,,,,,
"AA-Stephen-Test2@entag.com.au",,"tel:+61731847089","61731847089",,,,"AA-Stephen-Test2",,,"Auto Attendant Resource Account",,,,,,,
"AA-ProjectSupport@entag.com.au",,"tel:+61731847057","61731847057",,,,"AA-ProjectSupport",,,"Auto Attendant Resource Account",,,,,,,
"AA-Finance@TSHOPBIZ.onmicrosoft.com",,"tel:+61752313903","61752313903",,,,"AA-Finance",,,"Auto Attendant Resource Account",,,,,,,
"AA-HR@TSHOPBIZ.onmicrosoft.com",,"tel:+61752313900","61752313900",,,,"AA-HR",,,"Auto Attendant Resource Account",,,,,,,
"AA-Provisioning-Projects@TSHOPBIZ.onmicrosoft.com",,"tel:+61752313904","61752313904",,,,"AA-Provisioning-Projects",,,"Auto Attendant Resource Account",,,,,,,
"AA-TBTC-FOH@TSHOPBIZ.onmicrosoft.com",,"tel:+61752313901","61752313901",,,,"AA-TBTC-FOH",,,"Auto Attendant Resource Account",,,,,,,
"AA-TBTC-Business-Plus@TSHOPBIZ.onmicrosoft.com",,"tel:+61752313902","61752313902",,,,"AA-TBTC-Business-Plus",,,"Auto Attendant Resource Account",,,,,,,
"aaentagccmsp@entag.com.au",,"tel:+61733259800","61733259800",,,,"AA-ENTAG-Connect-MSP",,,"Auto Attendant Resource Account",,,,,,,
"AA-QPS@TSHOPBIZ.onmicrosoft.com",,"tel:+61733259802","61733259802",,,,"AA-QPS",,,"Auto Attendant Resource Account",,,,,,,
"AA-QAS@tshopbiz.onmicrosoft.com",,"tel:+61733259803","61733259803",,,,"AA-QAS",,,"Auto Attendant Resource Account",,,,,,,
"AA-PSBA@tshopbiz.onmicrosoft.com",,"tel:+61733259804","61733259804",,,,"AA-PSBA",,,"Auto Attendant Resource Account",,,,,,,
"AA-MobilitySupport@tshopbiz.onmicrosoft.com",,"tel:+61733259807","61733259807",,,,"AA-MobilitySupport",,,"Auto Attendant Resource Account",,,,,,,
"AA-M2M@tshopbiz.onmicrosoft.com",,"tel:+61733259808","61733259808",,,,"AA-M2M",,,"Auto Attendant Resource Account",,,,,,,
"AA-BoltonClarke@tshopbiz.onmicrosoft.com",,"tel:+61733259809","61733259809",,,,"AA-BoltonClarke",,,"Auto Attendant Resource Account",,,,,,,
"AA-ManagedMobilitySupport@tshopbiz.onmicrosoft.com",,"tel:+61733259810","61733259810",,,,"AA-ManagedMobilitySupport",,,"Auto Attendant Resource Account",,,,,,,
"AA-FleetMobilitySupport@tshopbiz.onmicrosoft.com",,"tel:+61733259811","61733259811",,,,"AA-FleetMobilitySupport",,,"Auto Attendant Resource Account",,,,,,,
"AA-TBTC-FOH-Brisbane@TSHOPBIZ.onmicrosoft.com",,"tel:+61733259812","61733259812",,,,"AA-TBTC-FOH-Brisbane",,,"Auto Attendant Resource Account",,,,,,,
