"UserPrincipalName","SipAddress","LineURI","DDI","Ext","AD-Phone","OnPremLineURI","DisplayName","FirstName","LastName","Type","RegistrarPool","OnlineVoiceRoutingPolicy","DialPlan","TeamsUpgradePolicy","Enabled","EnterpriseVoiceEnabled","OnPremEnterpriseVoiceEnabled"
"AA-Aimee-Test-Hold@entag.com.au","sip:AA-Aimee-Test-Hold@entag.com.au","tel:+61752313911","61752313911",,,"Not Yet Supported.","AA-Aimee-Test-Hold",,,"User",,,"AU",,,"True",
"AA-Aimee-Test@entag.com.au","sip:AA-Aimee-Test@entag.com.au","tel:+61731860195","61731860195",,,"Not Yet Supported.","AA-Aimee-Test",,,"User",,,"AU",,,"True",
"AA-BoltonClarke@tshopbiz.onmicrosoft.com","sip:AA-BoltonClarke@tshopbiz.onmicrosoft.com","tel:+61733259809","61733259809",,,"Not Yet Supported.","AA-BoltonClarke",,,"User",,,"AU",,,"True",
"AA-Finance-9666@TSHOPBIZ.onmicrosoft.com","sip:aa-finance-9666@tshopbiz.onmicrosoft.com","tel:+61754579666","61754579666",,,"Not Yet Supported.","AA-Finance-9666",,,"User",,,"AU",,,"True",
"AA-Finance@TSHOPBIZ.onmicrosoft.com","sip:AA-Finance@TSHOPBIZ.onmicrosoft.com","tel:+61752313903","61752313903",,,"Not Yet Supported.","AA-Finance",,,"User",,,"AU",,,"True",
"AA-FleetMobilitySupport@tshopbiz.onmicrosoft.com","sip:AA-FleetMobilitySupport@tshopbiz.onmicrosoft.com","tel:+61733259811","61733259811",,,"Not Yet Supported.","AA-FleetMobilitySupport",,,"User",,,"AU",,,"True",
"AA-HR-9642@TSHOPBIZ.onmicrosoft.com","sip:aa-hr-9642@tshopbiz.onmicrosoft.com","tel:+61754579642","61754579642",,,"Not Yet Supported.","AA-HR-9642",,,"User",,,"AU",,,"True",
"AA-HR@TSHOPBIZ.onmicrosoft.com","sip:AA-HR@TSHOPBIZ.onmicrosoft.com","tel:+61752313900","61752313900",,,"Not Yet Supported.","AA-HR",,,"User",,,"AU",,,"True",
"AA-IVR-ABTEST@TSHOPBIZ.onmicrosoft.com","sip:AA-IVR-ABTEST@TSHOPBIZ.onmicrosoft.com","tel:+61733259814","61733259814",,,"Not Yet Supported.","AA-IVR-ABTEST",,,"User",,,"AU",,,"True",
"AA-M2M@tshopbiz.onmicrosoft.com","sip:AA-M2M@tshopbiz.onmicrosoft.com","tel:+61733259808","61733259808",,,"Not Yet Supported.","AA-M2M",,,"User",,,"AU",,,"True",
"AA-ManagedMobilitySupport@tshopbiz.onmicrosoft.com","sip:AA-ManagedMobilitySupport@tshopbiz.onmicrosoft.com","tel:+61733259810","61733259810",,,"Not Yet Supported.","AA-ManagedMobilitySupport",,,"User",,,"AU",,,"True",
"AA-MobilityAfterhours@TSHOPBIZ.onmicrosoft.com","sip:aa-mobilityafterhours@tshopbiz.onmicrosoft.com","tel:+61752313909","61752313909",,,"Not Yet Supported.","AA-MobilityAfterhours",,,"User",,,"AU",,,"True",
"AA-MobilitySupport@tshopbiz.onmicrosoft.com","sip:AA-MobilitySupport@tshopbiz.onmicrosoft.com","tel:+61733259807","61733259807",,,"Not Yet Supported.","AA-MobilitySupport",,,"User",,,"AU",,,"True",
"AA-ProjectSupport@entag.com.au","sip:AA-ProjectSupport@entag.com.au","tel:+61731847057","61731847057",,,"Not Yet Supported.","AA-ProjectSupport",,,"User",,,"AU",,,"True",
"AA-Provisioning-Projects-9600@TSHOPBIZ.onmicrosoft.com","sip:aa-provisioning-projects-9600@tshopbiz.onmicrosoft.com","tel:+61754579600","61754579600",,,"Not Yet Supported.","AA-Provisioning-Projects-9600",,,"User",,,"AU",,,"True",
"AA-Provisioning-Projects-9619@TSHOPBIZ.onmicrosoft.com","sip:aa-provisioning-projects-9619@tshopbiz.onmicrosoft.com","tel:+61754579619","61754579619",,,"Not Yet Supported.","AA-Provisioning-Projects-9619",,,"User",,,"AU",,,"True",
"AA-Provisioning-Projects@TSHOPBIZ.onmicrosoft.com","sip:AA-Provisioning-Projects@TSHOPBIZ.onmicrosoft.com","tel:+61752313904","61752313904",,,"Not Yet Supported.","AA-Provisioning-Projects",,,"User",,,"AU",,,"True",
"AA-PSBA@tshopbiz.onmicrosoft.com","sip:AA-PSBA@tshopbiz.onmicrosoft.com","tel:+61733259804","61733259804",,,"Not Yet Supported.","AA-PSBA",,,"User",,,"AU",,,"True",
"AA-QAS@tshopbiz.onmicrosoft.com","sip:AA-QAS@tshopbiz.onmicrosoft.com","tel:+61733259803","61733259803",,,"Not Yet Supported.","AA-QAS",,,"User",,,"AU",,,"True",
"AA-QPS@TSHOPBIZ.onmicrosoft.com","sip:AA-QPS@TSHOPBIZ.onmicrosoft.com","tel:+61733259802","61733259802",,,"Not Yet Supported.","AA-QPS",,,"User",,,"AU",,,"True",
"AA-Reception-Test@entag.com.au","sip:AA-Reception-Test@entag.com.au","tel:+61731840783","61731840783",,,"Not Yet Supported.","AA-Reception-Test",,,"User",,,"AU",,,"True",
"AA-Stephen-Test@entag.com.au","sip:AA-Stephen-Test@entag.com.au","tel:+61753708818","61753708818",,,"Not Yet Supported.","AA-Stephen-Test",,,"User",,,"AU",,,"True",
"AA-Stephen-Test2@entag.com.au","sip:AA-Stephen-Test2@entag.com.au","tel:+61731847089","61731847089",,,"Not Yet Supported.","AA-Stephen-Test2",,,"User",,,"AU",,,"True",
"AA-TBTC-Business-Plus@TSHOPBIZ.onmicrosoft.com","sip:AA-TBTC-Business-Plus@TSHOPBIZ.onmicrosoft.com","tel:+61752313902","61752313902",,,"Not Yet Supported.","AA-TBTC-Business-Plus",,,"User",,,"AU",,,"True",
"AA-TBTC-BusinessPlus-6500@TSHOPBIZ.onmicrosoft.com","sip:AA-TBTC-BusinessPlus-6500@TSHOPBIZ.onmicrosoft.com","tel:+61753766500","61753766500",,,"Not Yet Supported.","AA-TBTC-BusinessPlus-6500",,,"User",,,"AU",,,"True",
"AA-TBTC-BusinessPlus-9677@TSHOPBIZ.onmicrosoft.com","sip:aa-tbtc-businessplus-9677@tshopbiz.onmicrosoft.com","tel:+61754579677","61754579677",,,"Not Yet Supported.","AA-TBTC-BusinessPlus-9677",,,"User",,,"AU",,,"True",
"AA-TBTC-FOH-8200@TSHOPBIZ.onmicrosoft.com","sip:aa-tbtc-foh-8200@tshopbiz.onmicrosoft.com","tel:+61754568200","61754568200",,,"Not Yet Supported.","AA-TBTC-FOH-8200",,,"User",,,"AU",,,"True",
"AA-TBTC-FOH-8222@TSHOPBIZ.onmicrosoft.com","sip:aa-tbtc-foh-8222@tshopbiz.onmicrosoft.com","tel:+61754568222","61754568222",,,"Not Yet Supported.","AA-TBTC-FOH-8222",,,"User",,,"AU",,,"True",
"AA-TBTC-FOH-Brisbane-9823@TSHOPBIZ.onmicrosoft.com","sip:aa-tbtc-foh-brisbane-9823@tshopbiz.onmicrosoft.com","tel:+61733259823","61733259823",,,"Not Yet Supported.","AA-TBTC-FOH-Brisbane-9823",,,"User",,,"AU",,,"True",
"AA-TBTC-FOH-Brisbane@TSHOPBIZ.onmicrosoft.com","sip:AA-TBTC-FOH-Brisbane@TSHOPBIZ.onmicrosoft.com","tel:+61733259812","61733259812",,,"Not Yet Supported.","AA-TBTC-FOH-Brisbane",,,"User",,,"AU",,,"True",
"AA-TBTC-FOH@TSHOPBIZ.onmicrosoft.com","sip:AA-TBTC-FOH@TSHOPBIZ.onmicrosoft.com","tel:+61752313901","61752313901",,,"Not Yet Supported.","AA-TBTC-FOH",,,"User",,,"AU",,,"True",
"AA-VitaGroup@TSHOPBIZ.onmicrosoft.com","sip:aa-vitagroup@tshopbiz.onmicrosoft.com","tel:+61733259813","61733259813",,,"Not Yet Supported.","AA-VitaGroup",,,"User",,,"AU",,,"True",
"aaentagccmsp@entag.com.au","sip:aaentagccmsp@entag.com.au","tel:+61733259800","61733259800",,,"Not Yet Supported.","AA-ENTAG-Connect-MSP",,,"User",,,"AU",,,"True",
"aaron.dufty@entag.com.au","sip:aaron.dufty@entag.com.au","tel:+61753766509","61753766509",,,"Not Yet Supported.","Aaron Dufty",,"Dufty","User",,,"AU",,,"True",
"adam.busby@entag.com.au","sip:adam.busby@entag.com.au","tel:+61754090307","61754090307",,,"Not Yet Supported.","Adam Busby",,"Busby","User",,,"AU",,,"True",
"aimee.mcmahon@entag.com.au","sip:aimee.mcmahon@entag.com.au","tel:+61754090311","61754090311",,,"Not Yet Supported.","Aimee McMahon",,"McMahon","User",,,"AU","UpgradeToTeams",,"True",
"alex.hodgson@entag.com.au","sip:alex.hodgson@entag.com.au","tel:+61733259859","61733259859",,,"Not Yet Supported.","Alex Hodgson",,"Hodgson","User",,,"AU",,,"True",
"Alex.krinks@entag.com.au","sip:Alex.krinks@entag.com.au","tel:+61754090353","61754090353",,,"Not Yet Supported.","Alex Krinks",,"Krinks","User",,,"AU","UpgradeToTeams",,"True",
"Alex.Moody@entag.com.au","sip:Alex.Moody@entag.com.au","tel:+61754090375","61754090375",,,"Not Yet Supported.","Alex Moody",,"Moody","User",,,"AU",,,"True",
"Alexander.Ialamov@entag.com.au","sip:Alexander.Ialamov@entag.com.au","tel:+61754090350","61754090350",,,"Not Yet Supported.","Alexander Ialamov",,"Ialamov","User",,,"AU",,,"True",
"amy.provost@entag.com.au","sip:amy.provost@entag.com.au","tel:+61733259838","61733259838",,,"Not Yet Supported.","Amy Provost",,"Provost","User",,,"AU",,,"True",
"andrea.mason@entag.com.au","sip:andrea.mason@entag.com.au","tel:+61754090363","61754090363",,,"Not Yet Supported.","Andrea Mason",,"Mason","User",,,"AU","UpgradeToTeams",,"True",
"Andrew.Baird@entag.com.au","sip:Andrew.Baird@entag.com.au","tel:+61754090309","61754090309",,,"Not Yet Supported.","Andrew Baird",,"Baird","User",,,"AU",,,"True",
"andrew.pearson@entag.com.au","sip:andrew.pearson@entag.com.au","tel:+61754090314","61754090314",,,"Not Yet Supported.","Andrew Pearson",,"Pearson","User",,,"AU",,,"True",
"Andrew.Walter@entag.com.au","sip:Andrew.Walter@entag.com.au","tel:+61754090306","61754090306",,,"Not Yet Supported.","Andrew  Walter",,"Walter","User",,,"AU",,,"True",
"Anita.Piers@tshopbiz.com.au","sip:Anita.Piers@tshopbiz.com.au","tel:+61754090384","61754090384",,,"Not Yet Supported.","Anita Piers",,"Piers","User",,,"AU",,,"True",
"Anthony.Kassulke@entag.com.au","sip:Anthony.Kassulke@entag.com.au","tel:+61754090389","61754090389",,,"Not Yet Supported.","Anthony Kassulke",,"Kassulke","User",,,"AU",,,"True",
"Ashley.Smith@entag.com.au","sip:Ashley.Smith@entag.com.au","tel:+61754435198","61754435198",,,"Not Yet Supported.","Ashley Smith",,"Smith","User",,,"AU","UpgradeToTeams",,"True",
"Ben.Trenerry@entag.com.au","sip:ben.trenerry@entag.com.au","tel:+61753766502","61753766502",,,"Not Yet Supported.","Ben Trenerry",,"Trenerry","User",,,"AU",,,"True",
"Berit.Bell@entag.com.au","sip:Berit.Bell@entag.com.au","tel:+61754090323","61754090323",,,"Not Yet Supported.","Berit Bell",,"Bell","User",,,"AU",,,"True",
"blair.wardle@entag.com.au","sip:blair.wardle@entag.com.au","tel:+61733259817","61733259817",,,"Not Yet Supported.","Blair Wardle",,"Wardle","User",,,"AU",,,"True",
"breanna.lucas@entag.com.au","sip:breanna.lucas@entag.com.au","tel:+61754090349","61754090349",,,"Not Yet Supported.","Breanna Lucas",,"Lucas","User",,,"AU",,,"True",
"caitlyn.parry@entag.com.au","sip:caitlyn.parry@entag.com.au","tel:+61733259881","61733259881",,,"Not Yet Supported.","Caitlyn Parry",,"Parry","User",,,"AU",,,"True",
"callum.hadland@entag.com.au","sip:callum.hadland@entag.com.au","tel:+61733259855","61733259855",,,"Not Yet Supported.","Callum Hadland",,"Hadland","User",,,"AU",,,"True",
"cassandra.hall@entag.com.au","sip:cassandra.hall@entag.com.au","tel:+61733259828","61733259828",,,"Not Yet Supported.","Cassandra Hall",,"Hall","User",,,"AU",,,"True",
"Chris.Johansen@entag.com.au","sip:Chris.Johansen@entag.com.au","tel:+61754090365","61754090365",,,"Not Yet Supported.","Chris Johansen",,"Johansen","User",,,"AU",,,"True",
"Christopher.Dick@entag.com.au","sip:Christopher.Dick@entag.com.au","tel:+61754090319","61754090319",,,"Not Yet Supported.","Christopher Dick",,"Dick","User",,,"AU",,,"True",
"cody.olsen@entag.com.au","sip:cody.olsen@entag.com.au","tel:+61733259822","61733259822",,,"Not Yet Supported.","Cody Olsen",,"Olsen","User",,,"AU",,,"True",
"connor.bone@entag.com.au","sip:connor.bone@entag.com.au","tel:+61733259832","61733259832",,,"Not Yet Supported.","Connor Bone",,"Bone","User",,,"AU",,,"True",
"Corey.Williams@entag.com.au","sip:Corey.Williams@entag.com.au","tel:+61754437254","61754437254",,,"Not Yet Supported.","Corey Williams",,"Williams","User",,,"AU","UpgradeToTeams",,"True",
"CQ-Aimee-Test@entag.com.au","sip:CQ-Aimee-Test@entag.com.au","tel:+61731840724","61731840724",,,"Not Yet Supported.","CQ-Aimee-Test",,,"User",,,"AU",,,"True",
"CQ-Landis-Test-Alpha@entag.com.au","sip:CQ-Landis-Test-Alpha@entag.com.au","tel:+61754090302","61754090302",,,"Not Yet Supported.","CQ-Landis-Test-Alpha",,,"User",,,"AU",,,"True",
"CQ-StagingMobility@tshopbiz.onmicrosoft.com","sip:CQ-StagingMobility@tshopbiz.onmicrosoft.com","tel:+61733259805","61733259805",,,"Not Yet Supported.","CQ-StagingMobility",,,"User",,,"AU",,,"True",
"CQ-TCO-Nuture@entag.com.au","sip:CQ-TCO-Nuture@entag.com.au","tel:+61731860197","61731860197",,,"Not Yet Supported.","CQ-TCO-Nuture",,,"User",,,"AU",,,"True",
"CQ-Warehouse@tshopbiz.onmicrosoft.com","sip:CQ-Warehouse@tshopbiz.onmicrosoft.com","tel:+61733259806","61733259806",,,"Not Yet Supported.","CQ-Warehouse",,,"User",,,"AU",,,"True",
"cqentagcmsp@entag.com.au","sip:cqentagcmsp@entag.com.au","tel:+61733259801","61733259801",,,"Not Yet Supported.","CQ-ENTAG-Connect-MSP",,,"User",,,"AU",,,"True",
"craig.attridge@entag.com.au","sip:craig.attridge@entag.com.au","tel:+61733259827","61733259827",,,"Not Yet Supported.","Craig Attridge",,"Attridge","User",,,"AU",,,"True",
"Damien.Hicks@entag.com.au","sip:Damien.Hicks@entag.com.au","tel:+61754090366","61754090366",,,"Not Yet Supported.","Damien Hicks",,"Hicks","User",,,"AU",,,"True",
"dan.bolland@tbtcbrisbanecity.com.au","sip:dan.bolland@tbtcbrisbanecity.com.au","tel:+61754090387","61754090387",,,"Not Yet Supported.","Dan Bolland",,"Bolland","User",,,"AU",,,"True",
"Dan.Burg@entag.com.au","sip:Dan.Burg@entag.com.au","tel:+61754090310","61754090310",,,"Not Yet Supported.","Dan Burg",,"Burg","User",,,"AU",,,"True",
"daniel.quick@entag.com.au","sip:daniel.quick@entag.com.au","tel:+61754090393","61754090393",,,"Not Yet Supported.","Daniel Quick",,"Quick","User",,,"AU","UpgradeToTeams",,"True",
"darryl.webb@entag.com.au","sip:darryl.webb@entag.com.au","tel:+61754090326","61754090326",,,"Not Yet Supported.","Darryl Webb",,"Webb","User",,,"AU",,,"True",
"doug.byrnes@entag.com.au","sip:doug.byrnes@entag.com.au","tel:+61733259837","61733259837",,,"Not Yet Supported.","Doug Byrnes",,"Byrnes","User",,,"AU",,,"True",
"eben.ngata@entag.com.au","sip:eben.ngata@entag.com.au","tel:+61754090328","61754090328",,,"Not Yet Supported.","Eben Ngata",,"Ngata","User",,,"AU",,,"True",
"esther.williams@entag.com.au","sip:esther.williams@entag.com.au","tel:+61754090345","61754090345",,,"Not Yet Supported.","Esther Williams",,"Williams","User",,,"AU",,,"True",
"Ever.Hughes@entag.com.au","sip:Ever.Hughes@entag.com.au","tel:+61733259816","61733259816",,,"Not Yet Supported.","Ever Hughes",,"Hughes","User",,,"AU",,,"True",
"hayden.newell@entag.com.au","sip:hayden.newell@entag.com.au","tel:+61733259853","61733259853",,,"Not Yet Supported.","Hayden Newell",,"Newell","User",,,"AU",,,"True",
"Hayden.Saunders@tbtcqldcentralsunshinecoast.com.au","sip:Hayden.Saunders@tbtcqldcentralsunshinecoast.com.au","tel:+61754090391","61754090391",,,"Not Yet Supported.","Hayden Saunders",,"Saunders","User",,,"AU",,,"True",
"helena.moore@entag.com.au","sip:helena.moore@entag.com.au","tel:+61733259831","61733259831",,,"Not Yet Supported.","Helena Moore",,"Moore","User",,,"AU",,,"True",
"hg_12989792652b44a2accc1b7e2aba675b@entag.com.au","sip:hg_12989792652b44a2accc1b7e2aba675b@entag.com.au","tel:+61754090301","61754090301",,,"Not Yet Supported.","CQ-Entag-MSP",,,"User",,,"AU",,,"True",
"hg_5f65d879540e4675a9a10781df5d40a5@entag.com.au","sip:hg_5f65d879540e4675a9a10781df5d40a5@entag.com.au","tel:+61754090304","61754090304",,,"Not Yet Supported.","CQ-Test1",,,"User",,,"AU",,,"True",
"hg_6fb882f24a3648b6bde1f3122ba199cb@entag.com.au","sip:hg_6fb882f24a3648b6bde1f3122ba199cb@entag.com.au","tel:+61754090303","61754090303",,,"Not Yet Supported.","CQ-Entag-Sales",,,"User",,,,,,"True",
"isabelle.slater@tbtcbrisbanecity.com.au","sip:isabelle.slater@tbtcbrisbanecity.com.au","tel:+61733259857","61733259857",,,"Not Yet Supported.","Isabelle Slater",,"Slater","User",,,"AU",,,"True",
"Jackson.Curro@tshopbiz.com.au","sip:Jackson.Curro@tshopbiz.com.au","tel:+61754090380","61754090380",,,"Not Yet Supported.","Jackson Curro",,"Curro","User",,,"AU",,,"True",
"jackson.spender@tbtcqldcentralsunshinecoast.com.au","sip:jackson.spender@tbtcqldcentralsunshinecoast.com.au","tel:+61754090322","61754090322",,,"Not Yet Supported.","Jackson Spender",,"Spender","User",,,"AU",,,"True",
"Jacqaomi.Evans@entag.com.au","sip:Jacqaomi.Evans@entag.com.au","tel:+61754090368","61754090368",,,"Not Yet Supported.","Jacqaomi Evans",,"Evans","User",,,"AU",,,"True",
"james.mcmillan@entag.com.au","sip:james.mcmillan@entag.com.au","tel:+61754090325","61754090325",,,"Not Yet Supported.","James McMillan",,"McMillan","User",,,"AU",,,"True",
"jarrod.martin@entag.com.au","sip:jarrod.martin@entag.com.au","tel:+61754090318","61754090318",,,"Not Yet Supported.","Jarrod Martin",,"Martin","User",,,"AU",,,"True",
"jason.phillips@entag.com.au","sip:jason.phillips@entag.com.au","tel:+61754090315","61754090315",,,"Not Yet Supported.","Jason Phillips",,"Phillips","User",,,"AU",,,"True",
"jasper.cairns@entag.com.au","sip:jasper.cairns@entag.com.au","tel:+61733259844","61733259844",,,"Not Yet Supported.","Jasper Cairns",,"Cairns","User",,,"AU",,,"True",
"Jess.Miller@entag.com.au","sip:Jess.Miller@entag.com.au","tel:+61754090396","61754090396",,,"Not Yet Supported.","Jess Miller",,"Miller","User",,,"AU",,,"True",
"Jess.Ryan@entag.com.au","sip:Jess.Ryan@entag.com.au","tel:+61754090312","61754090312",,,"Not Yet Supported.","Jess Ryan",,"Ryan","User",,,"AU",,,"True",
"jesse.brooker@tbtcbrisbanecity.com.au","sip:jesse.brooker@tbtcbrisbanecity.com.au","tel:+61733259848","61733259848",,,"Not Yet Supported.","Jesse Brooker",,"Brooker","User",,,"AU",,,"True",
"jordan.messenger@entag.com.au","sip:jordan.messenger@entag.com.au","tel:+61753766524","61753766524",,,"Not Yet Supported.","Jordan Messenger",,"Messenger","User",,,"AU",,,"True",
"julie.tillack@entag.com.au","sip:julie.tillack@entag.com.au","tel:+61733259840","61733259840",,,"Not Yet Supported.","Julie Tillack",,"Tillack","User",,,"AU",,,"True",
"kaleb.toigo@tbtcbrisbanecity.com.au","sip:kaleb.toigo@tbtcbrisbanecity.com.au","tel:+61733259824","61733259824",,,"Not Yet Supported.","Kaleb Toigo",,"Toigo","User",,,"AU",,,"True",
"karl.brockman@tbtcqldcentralsunshinecoast.com.au","sip:karl.brockman@tbtcqldcentralsunshinecoast.com.au","tel:+61754090390","61754090390",,,"Not Yet Supported.","Karl Brockman",,"Brockman","User",,,"AU",,,"True",
"karlee.irwin@entag.com.au","sip:karlee.irwin@entag.com.au","tel:+61754090339","61754090339",,,"Not Yet Supported.","Karlee Irwin",,"Irwin","User",,,"AU","UpgradeToTeams",,"True",
"Kelly.Dakin@entag.com.au","sip:Kelly.Dakin@entag.com.au","tel:+61754090367","61754090367",,,"Not Yet Supported.","Kelly Dakin",,"Dakin","User",,,"AU",,,"True",
"Kevin.Staib@entag.com.au","sip:Kevin.Staib@entag.com.au","tel:+61754433794","61754433794",,,"Not Yet Supported.","Shane Staib",,"Staib","User",,,"AU",,,"True",
"Kieran.Osborne@entag.com.au","sip:Kieran.Osborne@entag.com.au","tel:+61733259858","61733259858",,,"Not Yet Supported.","Kieran Osborne",,"Osborne","User",,,"AU",,,"True",
"kunal.sharma@tbtcbrisbanecity.com.au","sip:kunal.sharma@tbtcbrisbanecity.com.au","tel:+61733259854","61733259854",,,"Not Yet Supported.","Kunal Sharma",,"Sharma","User",,,"AU",,,"True",
"kyle.morley@entag.com.au","sip:kyle.morley@entag.com.au","tel:+61753766513","61753766513",,,"Not Yet Supported.","Kyle Morley",,"Morley","User",,,"AU",,,"True",
"lachy.toohey@entag.com.au","sip:lachy.toohey@entag.com.au","tel:+61733259852","61733259852",,,"Not Yet Supported.","Lachy Toohey",,"Toohey","User",,,"AU",,,"True",
"lauran.goldsmith@entag.com.au","sip:lauran.goldsmith@entag.com.au","tel:+61733259830","61733259830",,,"Not Yet Supported.","Lauran Goldsmith",,"Goldsmith","User",,,"AU",,,"True",
"LCQ-AB-Test@TSHOPBIZ.onmicrosoft.com","sip:LCQ-AB-Test@TSHOPBIZ.onmicrosoft.com","tel:+61752313914","61752313914",,,"Not Yet Supported.","LCQ-AB-Test",,,"User",,,"AU",,,"True",
"Liam.Belletty@tbtcqldcentralsunshinecoast.com.au","sip:Liam.Belletty@tbtcqldcentralsunshinecoast.com.au","tel:+61754090316","61754090316",,,"Not Yet Supported.","Liam Belletty",,"Belletty","User",,,"AU",,,"True",
"liam.puchala@entag.com.au","sip:liam.puchala@entag.com.au","tel:+61733259841","61733259841",,,"Not Yet Supported.","Liam Puchala",,"Puchala","User",,,"AU",,,"True",
"logan.waaka@entag.com.au","sip:logan.waaka@entag.com.au","tel:+61733259836","61733259836",,,"Not Yet Supported.","Logan Waaka",,"Waaka","User",,,"AU",,,"True",
"Louise.O'Neill@entag.com.au","sip:Louise.O'Neill@entag.com.au","tel:+61754090329","61754090329",,,"Not Yet Supported.","Louise O'Neill",,"O'Neill","User",,,"AU",,,"True",
"malcolm.tong@entag.com.au","sip:malcolm.tong@entag.com.au","tel:+61733259847","61733259847",,,"Not Yet Supported.","Malcolm Tong",,"Tong","User",,,"AU",,,"True",
"Mark.Williamson@entag.com.au","sip:Mark.Williamson@entag.com.au","tel:+61754090330","61754090330",,,"Not Yet Supported.","Mark Williamson",,"Williamson","User",,,"AU",,,"True",
"Matt.Storer@tshopbiz.com.au","sip:Matt.Storer@tshopbiz.com.au","tel:+61754568202","61754568202",,,"Not Yet Supported.","Matt Storer",,"Storer","User",,,"AU",,,"True",
"merlin.pather@entag.com.au","sip:merlin.pather@entag.com.au","tel:+61733259820","61733259820",,,"Not Yet Supported.","Merlin Pather",,"Pather","User",,,"AU",,,"True",
"Michelle.Lowe@entag.com.au","sip:Michelle.Lowe@entag.com.au","tel:+61754090371","61754090371",,,"Not Yet Supported.","Michelle Lowe",,"Lowe","User",,,"AU",,,"True",
"mikaela.templeton@tbtcbrisbanecity.com.au","sip:mikaela.templeton@tbtcbrisbanecity.com.au","tel:+61733259843","61733259843",,,"Not Yet Supported.","Mikaela Templeton",,"Templeton","User",,,"AU",,,"True",
"Mitch.Farley@entag.com.au","sip:mitch.farley@entag.com.au","tel:+61733259839","61733259839",,,"Not Yet Supported.","Mitch Farley",,"Farley","User",,,"AU",,,"True",
"mitchell.farley@entag.com.au","sip:mitchell.farley@entag.com.au","tel:+61733259825","61733259825",,,"Not Yet Supported.","Mitchell Farley",,"Farley","User",,,"AU",,,"True",
"moses.latu@entag.com.au","sip:moses.latu@entag.com.au","tel:+61733259829","61733259829",,,"Not Yet Supported.","Moses Latu",,"Latu","User",,,"AU",,,"True",
"nana.huynh@entag.com.au","sip:nana.huynh@entag.com.au","tel:+61733259851","61733259851",,,"Not Yet Supported.","Nana Huynh",,"Huynh","User",,,"AU",,,"True",
"naomi.scharkie@entag.com.au","sip:naomi.scharkie@entag.com.au","tel:+61754090308","61754090308",,,"Not Yet Supported.","Naomi Scharkie",,"Scharkie","User",,,"AU",,,"True",
"natasha.banfield@entag.com.au","sip:natasha.banfield@entag.com.au","tel:+61733259834","61733259834",,,"Not Yet Supported.","[Parental Leave] Natasha Banfield",,"Banfield","User",,,"AU",,,"True",
"nathan.williams@entag.com.au","sip:nathan.williams@entag.com.au","tel:+61733259849","61733259849",,,"Not Yet Supported.","Nathan Williams",,"Williams","User",,,"AU",,,"True",
"nathen.dioth@entag.com.au","sip:nathen.dioth@entag.com.au","tel:+61733259846","61733259846",,,"Not Yet Supported.","Nathen Dioth",,"Dioth","User",,,"AU",,,"True",
"nick.friske@tbtcqldcentralsunshinecoast.com.au","sip:nick.friske@tbtcqldcentralsunshinecoast.com.au","tel:+61753766503","61753766503",,,"Not Yet Supported.","Nicholas Friske",,"Friske","User",,,"AU",,,"True",
"oaa_53d93f98de10473b840e82ac2034b053@entag.com.au","sip:oaa_53d93f98de10473b840e82ac2034b053@entag.com.au","tel:+61754090300","61754090300",,,"Not Yet Supported.","AA-ENTAG-MSP",,,"User",,,"AU",,,"True",
"oaa_b2c2c85acd1745498830a074a126219f@entag.com.au","sip:oaa_b2c2c85acd1745498830a074a126219f@entag.com.au","tel:+61731840727","61731840727",,,"Not Yet Supported.","AA-Entag-Main",,,"User",,,"AU",,,"True",
"Pascal.Stussi@tbtcqldcentralsunshinecoast.com.au","sip:pascal.stussi@tbtcqldcentralsunshinecoast.com.au","tel:+61754090381","61754090381",,,"Not Yet Supported.","Pascal Stussi",,"Stussi","User",,,"AU",,,"True",
"paul.baker@entag.com.au","sip:paul.baker@entag.com.au","tel:+61733259856","61733259856",,,"Not Yet Supported.","Paul Baker",,"Baker","User",,,"AU",,,"True",
"peter.whitburn@entag.com.au","sip:peter.whitburn@entag.com.au","tel:+61754090320","61754090320",,,"Not Yet Supported.","Peter Whitburn",,"Whitburn","User",,,"AU","UpgradeToTeams",,"True",
"Pratik.Pokharel@entag.com.au","sip:Pratik.Pokharel@entag.com.au","tel:+61754090383","61754090383",,,"Not Yet Supported.","Pratik Pokharel",,"Pokharel","User",,,"AU",,,"True",
"Riki.Shine@entag.com.au","sip:riki.shine@entag.com.au","tel:+61733259826","61733259826",,,"Not Yet Supported.","Riki Shine",,"Shine","User",,,"AU",,,"True",
"Rikki.Kelly@entag.com.au","sip:Rikki.Kelly@entag.com.au","tel:+61754090333","61754090333",,,"Not Yet Supported.","Rikki Kelly",,"Kelly","User",,,"AU",,,"True",
"Rowan.Meyer@tbtcbrisbanecity.com.au","sip:Rowan.Meyer@tbtcbrisbanecity.com.au","tel:+61733259815","61733259815",,,"Not Yet Supported.","Rowan Meyer",,"Meyer","User",,,"AU",,,"True",
"ruben.bradshaw-laws@entag.com.au","sip:ruben.bradshaw-laws@entag.com.au","tel:+61733259833","61733259833",,,"Not Yet Supported.","Ruben Bradshaw-Laws",,"Bradshaw-Laws","User",,,"AU",,,"True",
"sam.stolberg@tbtcqldcentralsunshinecoast.com.au","sip:sam.stolberg@tbtcqldcentralsunshinecoast.com.au","tel:+61754090324","61754090324",,,"Not Yet Supported.","Sam Stolberg",,"Stolberg","User",,,"AU",,,"True",
"samuel.kanowski@entag.com.au","sip:samuel.kanowski@entag.com.au","tel:+61753766501","61753766501",,,"Not Yet Supported.","Samuel Kanowski",,"Kanowski","User",,,"AU",,,"True",
"Sarah.Williams@entag.com.au","sip:Sarah.Williams@entag.com.au","tel:+61754090355","61754090355",,,"Not Yet Supported.","Sarah Williams",,"Williams","User",,,"AU",,,"True",
"simon.nicholls@entag.com.au","sip:simon.nicholls@entag.com.au","tel:+61733259842","61733259842",,,"Not Yet Supported.","Simon Nicholls",,"Nicholls","User",,,"AU",,,"True",
"stacey.rule@tbtcbrisbanecity.com.au","sip:stacey.rule@tbtcbrisbanecity.com.au","tel:+61733259818","61733259818",,,"Not Yet Supported.","Stacey Rule",,"Rule","User",,,"AU",,,"True",
"stephen.bell@entag.com.au","sip:stephen.bell@entag.com.au","tel:+61754433530","61754433530",,,"Not Yet Supported.","Stephen Bell",,"Bell","User",,,"AU","UpgradeToTeams",,"True",
"Suni.Rajapakse@entag.com.au","sip:Suni.Rajapakse@entag.com.au","tel:+61754090388","61754090388",,,"Not Yet Supported.","Suni Rajapakse",,"Rajapakse","User",,,"AU",,,"True",
"tara.brok@entag.com.au","sip:tara.brok@entag.com.au","tel:+61733259835","61733259835",,,"Not Yet Supported.","Tara Brok",,"Brok","User",,,"AU",,,"True",
"tara.patelesio@entag.com.au","sip:tara.patelesio@entag.com.au","tel:+61733259845","61733259845",,,"Not Yet Supported.","Tara Patelesio",,"Patelesio","User",,,"AU",,,"True",
"teamsdemo@entag.com.au","sip:teamsdemo@entag.com.au","tel:+61754090331","61754090331",,,"Not Yet Supported.","[ENTAG] Demo DO NOT TOUCH",,,"User",,,"AU",,,"True",
"thea.mulheran@entag.com.au","sip:thea.mulheran@entag.com.au","tel:+61754090373","61754090373",,,"Not Yet Supported.","Thea Mulheran",,"Mulheran","User",,,"AU","UpgradeToTeams",,"True",
"tully.gardner@entag.com.au","sip:tully.gardner@entag.com.au","tel:+61753766510","61753766510",,,"Not Yet Supported.","Tully Gardner",,"Gardner","User",,,"AU",,,"True",
"Vik.Mahajan@entag.com.au","sip:vik.mahajan@entag.com.au","tel:+61733259819","61733259819",,,"Not Yet Supported.","Vik Mahajan",,"Mahajan","User",,,"AU",,,"True",
"wayne.brooks@entag.com.au","sip:wayne.brooks@entag.com.au","tel:+61754090317","61754090317",,,"Not Yet Supported.","Wayne Brooks",,"Brooks","User",,,"AU",,,"True",
"zak.cruickshank@entag.com.au","sip:zak.cruickshank@entag.com.au","tel:+61733259850","61733259850",,,"Not Yet Supported.","Zak Cruickshank",,"Cruickshank","User",,,"AU",,,"True",
"zjena.yerkovich@entag.com.au","sip:zjena.yerkovich@entag.com.au","tel:+61733259821","61733259821",,,"Not Yet Supported.","[EXIT] [JUN] Zjena Yerkovich",,"Yerkovich","User",,,"AU",,,"True",
"hg_5f65d879540e4675a9a10781df5d40a5@entag.com.au",,"tel:+61754090304","61754090304",,,,"CQ-Test1",,,"Call Queue Resource Account",,,,,,,
"hg_12989792652b44a2accc1b7e2aba675b@entag.com.au",,"tel:+61754090301","61754090301",,,,"CQ-Entag-MSP",,,"Call Queue Resource Account",,,,,,,
"hg_6fb882f24a3648b6bde1f3122ba199cb@entag.com.au",,"tel:+61754090303","61754090303",,,,"CQ-Entag-Sales",,,"Call Queue Resource Account",,,,,,,
"CQ-Landis-Test-Alpha@entag.com.au",,"tel:+61754090302","61754090302",,,,"CQ-Landis-Test-Alpha",,,"Call Queue Resource Account",,,,,,,
"CQ-Aimee-Test@entag.com.au",,"tel:+61731840724","61731840724",,,,"CQ-Aimee-Test",,,"Call Queue Resource Account",,,,,,,
"CQ-TCO-Nuture@entag.com.au",,"tel:+61731860197","61731860197",,,,"CQ-TCO-Nuture",,,"Call Queue Resource Account",,,,,,,
"AA-IVR-ABTEST@TSHOPBIZ.onmicrosoft.com",,"tel:+61733259814","61733259814",,,,"AA-IVR-ABTEST",,,"Call Queue Resource Account",,,,,,,
"cqentagcmsp@entag.com.au",,"tel:+61733259801","61733259801",,,,"CQ-ENTAG-Connect-MSP",,,"Call Queue Resource Account",,,,,,,
"CQ-StagingMobility@tshopbiz.onmicrosoft.com",,"tel:+61733259805","61733259805",,,,"CQ-StagingMobility",,,"Call Queue Resource Account",,,,,,,
"CQ-Warehouse@tshopbiz.onmicrosoft.com",,"tel:+61733259806","61733259806",,,,"CQ-Warehouse",,,"Call Queue Resource Account",,,,,,,
"LCQ-AB-Test@TSHOPBIZ.onmicrosoft.com",,"tel:+61752313914","61752313914",,,,"LCQ-AB-Test",,,"Unknown Resource Account",,,,,,,
"AA-Reception-Test@entag.com.au",,"tel:+61731840783","61731840783",,,,"AA-Reception-Test",,,"Auto Attendant Resource Account",,,,,,,
"oaa_b2c2c85acd1745498830a074a126219f@entag.com.au",,"tel:+61731840727","61731840727",,,,"AA-Entag-Main",,,"Auto Attendant Resource Account",,,,,,,
"oaa_53d93f98de10473b840e82ac2034b053@entag.com.au",,"tel:+61754090300","61754090300",,,,"AA-ENTAG-MSP",,,"Auto Attendant Resource Account",,,,,,,
"AA-Aimee-Test@entag.com.au",,"tel:+61731860195","61731860195",,,,"AA-Aimee-Test",,,"Auto Attendant Resource Account",,,,,,,
"AA-Aimee-Test-Hold@entag.com.au",,"tel:+61752313911","61752313911",,,,"AA-Aimee-Test-Hold",,,"Auto Attendant Resource Account",,,,,,,
"AA-Stephen-Test@entag.com.au",,"tel:+61753708818","61753708818",,,,"AA-Stephen-Test",,,"Auto Attendant Resource Account",,,,,,,
"AA-Stephen-Test2@entag.com.au",,"tel:+61731847089","61731847089",,,,"AA-Stephen-Test2",,,"Auto Attendant Resource Account",,,,,,,
"AA-ProjectSupport@entag.com.au",,"tel:+61731847057","61731847057",,,,"AA-ProjectSupport",,,"Auto Attendant Resource Account",,,,,,,
"AA-Finance@TSHOPBIZ.onmicrosoft.com",,"tel:+61752313903","61752313903",,,,"AA-Finance",,,"Auto Attendant Resource Account",,,,,,,
"AA-HR@TSHOPBIZ.onmicrosoft.com",,"tel:+61752313900","61752313900",,,,"AA-HR",,,"Auto Attendant Resource Account",,,,,,,
"AA-Provisioning-Projects@TSHOPBIZ.onmicrosoft.com",,"tel:+61752313904","61752313904",,,,"AA-Provisioning-Projects",,,"Auto Attendant Resource Account",,,,,,,
"AA-TBTC-FOH@TSHOPBIZ.onmicrosoft.com",,"tel:+61752313901","61752313901",,,,"AA-TBTC-FOH",,,"Auto Attendant Resource Account",,,,,,,
"AA-TBTC-Business-Plus@TSHOPBIZ.onmicrosoft.com",,"tel:+61752313902","61752313902",,,,"AA-TBTC-Business-Plus",,,"Auto Attendant Resource Account",,,,,,,
"aaentagccmsp@entag.com.au",,"tel:+61733259800","61733259800",,,,"AA-ENTAG-Connect-MSP",,,"Auto Attendant Resource Account",,,,,,,
"AA-QPS@TSHOPBIZ.onmicrosoft.com",,"tel:+61733259802","61733259802",,,,"AA-QPS",,,"Auto Attendant Resource Account",,,,,,,
"AA-QAS@tshopbiz.onmicrosoft.com",,"tel:+61733259803","61733259803",,,,"AA-QAS",,,"Auto Attendant Resource Account",,,,,,,
"AA-PSBA@tshopbiz.onmicrosoft.com",,"tel:+61733259804","61733259804",,,,"AA-PSBA",,,"Auto Attendant Resource Account",,,,,,,
"AA-MobilitySupport@tshopbiz.onmicrosoft.com",,"tel:+61733259807","61733259807",,,,"AA-MobilitySupport",,,"Auto Attendant Resource Account",,,,,,,
"AA-M2M@tshopbiz.onmicrosoft.com",,"tel:+61733259808","61733259808",,,,"AA-M2M",,,"Auto Attendant Resource Account",,,,,,,
"AA-BoltonClarke@tshopbiz.onmicrosoft.com",,"tel:+61733259809","61733259809",,,,"AA-BoltonClarke",,,"Auto Attendant Resource Account",,,,,,,
"AA-ManagedMobilitySupport@tshopbiz.onmicrosoft.com",,"tel:+61733259810","61733259810",,,,"AA-ManagedMobilitySupport",,,"Auto Attendant Resource Account",,,,,,,
"AA-FleetMobilitySupport@tshopbiz.onmicrosoft.com",,"tel:+61733259811","61733259811",,,,"AA-FleetMobilitySupport",,,"Auto Attendant Resource Account",,,,,,,
"AA-TBTC-FOH-Brisbane@TSHOPBIZ.onmicrosoft.com",,"tel:+61733259812","61733259812",,,,"AA-TBTC-FOH-Brisbane",,,"Auto Attendant Resource Account",,,,,,,
"AA-TBTC-BusinessPlus-6500@TSHOPBIZ.onmicrosoft.com",,"tel:+61753766500","61753766500",,,,"AA-TBTC-BusinessPlus-6500",,,"Auto Attendant Resource Account",,,,,,,
"AA-TBTC-FOH-Brisbane-9823@TSHOPBIZ.onmicrosoft.com",,"tel:+61733259823","61733259823",,,,"AA-TBTC-FOH-Brisbane-9823",,,"Auto Attendant Resource Account",,,,,,,
"AA-VitaGroup@TSHOPBIZ.onmicrosoft.com",,"tel:+61733259813","61733259813",,,,"AA-VitaGroup",,,"Auto Attendant Resource Account",,,,,,,
"AA-MobilityAfterhours@TSHOPBIZ.onmicrosoft.com",,"tel:+61752313909","61752313909",,,,"AA-MobilityAfterhours",,,"Auto Attendant Resource Account",,,,,,,
"AA-Provisioning-Projects-9600@TSHOPBIZ.onmicrosoft.com",,"tel:+61754579600","61754579600",,,,"AA-Provisioning-Projects-9600",,,"Auto Attendant Resource Account",,,,,,,
"AA-Provisioning-Projects-9619@TSHOPBIZ.onmicrosoft.com",,"tel:+61754579619","61754579619",,,,"AA-Provisioning-Projects-9619",,,"Auto Attendant Resource Account",,,,,,,
"AA-TBTC-BusinessPlus-9677@TSHOPBIZ.onmicrosoft.com",,"tel:+61754579677","61754579677",,,,"AA-TBTC-BusinessPlus-9677",,,"Auto Attendant Resource Account",,,,,,,
"AA-HR-9642@TSHOPBIZ.onmicrosoft.com",,"tel:+61754579642","61754579642",,,,"AA-HR-9642",,,"Auto Attendant Resource Account",,,,,,,
"AA-Finance-9666@TSHOPBIZ.onmicrosoft.com",,"tel:+61754579666","61754579666",,,,"AA-Finance-9666",,,"Auto Attendant Resource Account",,,,,,,
"AA-TBTC-FOH-8222@TSHOPBIZ.onmicrosoft.com",,"tel:+61754568222","61754568222",,,,"AA-TBTC-FOH-8222",,,"Auto Attendant Resource Account",,,,,,,
"AA-TBTC-FOH-8200@TSHOPBIZ.onmicrosoft.com",,"tel:+61754568200","61754568200",,,,"AA-TBTC-FOH-8200",,,"Auto Attendant Resource Account",,,,,,,
