"ActivationState","BridgeNumber","CallingProfile","CityCode","FriendlyName","Id","InventoryType","Location","O365Region","SourceType","TargetType","Tenant","TenantId","UserId","IsManagedByServiceDesk","PortInOrderStatus"
"Activated",,"0e2782cb-987c-4ca1-916d-b53c9ed6eb61","APAC-AU-ALL-NSW_NE","AutoAttendant","61240416100","Service",,"APAC","Tnm","ucap",,,,"True",""
"Activated",,"0e2782cb-987c-4ca1-916d-b53c9ed6eb61","APAC-AU-ALL-NSW_NE",,"61240416101","Subscriber",,"APAC","Tnm","user",,,,"True",""
"Activated",,"0e2782cb-987c-4ca1-916d-b53c9ed6eb61","APAC-AU-ALL-NSW_NE",,"61240416102","Subscriber",,"APAC","Tnm",,,,,"True",""
"Activated",,"0e2782cb-987c-4ca1-916d-b53c9ed6eb61","APAC-AU-ALL-NSW_NE",,"61240416103","Subscriber",,"APAC","Tnm",,,,,"True",""
"Activated",,"0e2782cb-987c-4ca1-916d-b53c9ed6eb61","APAC-AU-ALL-NSW_NE",,"61240416104","Subscriber",,"APAC","Tnm",,,,,"True",""
"Activated",,"0e2782cb-987c-4ca1-916d-b53c9ed6eb61","APAC-AU-ALL-NSW_NE",,"61240416105","Subscriber",,"APAC","Tnm",,,,,"True",""
"Activated",,"0e2782cb-987c-4ca1-916d-b53c9ed6eb61","APAC-AU-ALL-NSW_NE",,"61240416106","Subscriber",,"APAC","Tnm",,,,,"True",""
"Activated",,"0e2782cb-987c-4ca1-916d-b53c9ed6eb61","APAC-AU-ALL-NSW_NE",,"61240416107","Subscriber",,"APAC","Tnm",,,,,"True",""
"Activated",,"0e2782cb-987c-4ca1-916d-b53c9ed6eb61","APAC-AU-ALL-NSW_NE",,"61240416108","Subscriber",,"APAC","Tnm",,,,,"True",""
"Activated",,"0e2782cb-987c-4ca1-916d-b53c9ed6eb61","APAC-AU-ALL-NSW_NE",,"61240416109","Subscriber",,"APAC","Tnm",,,,,"True",""
"Activated",,"0e2782cb-987c-4ca1-916d-b53c9ed6eb61","APAC-AU-ALL-NSW_NE",,"61240416110","Subscriber",,"APAC","Tnm",,,,,"True",""
"Activated",,"0e2782cb-987c-4ca1-916d-b53c9ed6eb61","APAC-AU-ALL-NSW_NE",,"61240416111","Subscriber",,"APAC","Tnm",,,,,"True",""
"Activated",,"0e2782cb-987c-4ca1-916d-b53c9ed6eb61","APAC-AU-ALL-NSW_NE",,"61240416112","Subscriber",,"APAC","Tnm",,,,,"True",""
"Activated",,"0e2782cb-987c-4ca1-916d-b53c9ed6eb61","APAC-AU-ALL-NSW_NE",,"61240416113","Subscriber",,"APAC","Tnm",,,,,"True",""
"Activated",,"0e2782cb-987c-4ca1-916d-b53c9ed6eb61","APAC-AU-ALL-NSW_NE",,"61240416114","Subscriber",,"APAC","Tnm",,,,,"True",""
"Activated",,"0e2782cb-987c-4ca1-916d-b53c9ed6eb61","APAC-AU-ALL-NSW_NE",,"61240416115","Subscriber",,"APAC","Tnm",,,,,"True",""
"Activated",,"0e2782cb-987c-4ca1-916d-b53c9ed6eb61","APAC-AU-ALL-NSW_NE",,"61240416116","Subscriber",,"APAC","Tnm",,,,,"True",""
"Activated",,"0e2782cb-987c-4ca1-916d-b53c9ed6eb61","APAC-AU-ALL-NSW_NE",,"61240416117","Subscriber",,"APAC","Tnm",,,,,"True",""
"Activated",,"0e2782cb-987c-4ca1-916d-b53c9ed6eb61","APAC-AU-ALL-NSW_NE",,"61240416118","Subscriber",,"APAC","Tnm",,,,,"True",""
"Activated",,"0e2782cb-987c-4ca1-916d-b53c9ed6eb61","APAC-AU-ALL-NSW_NE",,"61240416119","Subscriber",,"APAC","Tnm",,,,,"True",""
"Activated",,"0e2782cb-987c-4ca1-916d-b53c9ed6eb61","APAC-AU-ALL-NSW_NE",,"61240416120","Subscriber",,"APAC","Tnm",,,,,"True",""
"Activated",,"0e2782cb-987c-4ca1-916d-b53c9ed6eb61","APAC-AU-ALL-NSW_NE",,"61240416121","Subscriber",,"APAC","Tnm",,,,,"True",""
"Activated",,"0e2782cb-987c-4ca1-916d-b53c9ed6eb61","APAC-AU-ALL-NSW_NE",,"61240416122","Subscriber",,"APAC","Tnm",,,,,"True",""
"Activated",,"0e2782cb-987c-4ca1-916d-b53c9ed6eb61","APAC-AU-ALL-NSW_NE",,"61240416123","Subscriber",,"APAC","Tnm",,,,,"True",""
"Activated",,"0e2782cb-987c-4ca1-916d-b53c9ed6eb61","APAC-AU-ALL-NSW_NE",,"61240416124","Subscriber",,"APAC","Tnm",,,,,"True",""
"Activated",,"0e2782cb-987c-4ca1-916d-b53c9ed6eb61","APAC-AU-ALL-NSW_NE",,"61240416125","Subscriber",,"APAC","Tnm",,,,,"True",""
"Activated",,"0e2782cb-987c-4ca1-916d-b53c9ed6eb61","APAC-AU-ALL-NSW_NE",,"61240416126","Subscriber",,"APAC","Tnm",,,,,"True",""
"Activated",,"0e2782cb-987c-4ca1-916d-b53c9ed6eb61","APAC-AU-ALL-NSW_NE",,"61240416127","Subscriber",,"APAC","Tnm",,,,,"True",""
"Activated",,"0e2782cb-987c-4ca1-916d-b53c9ed6eb61","APAC-AU-ALL-NSW_NE",,"61240416128","Subscriber",,"APAC","Tnm",,,,,"True",""
"Activated",,"0e2782cb-987c-4ca1-916d-b53c9ed6eb61","APAC-AU-ALL-NSW_NE",,"61240416129","Subscriber",,"APAC","Tnm",,,,,"True",""
"Activated",,"0e2782cb-987c-4ca1-916d-b53c9ed6eb61","APAC-AU-ALL-NSW_NE",,"61240416130","Subscriber",,"APAC","Tnm",,,,,"True",""
"Activated",,"0e2782cb-987c-4ca1-916d-b53c9ed6eb61","APAC-AU-ALL-NSW_NE",,"61240416131","Subscriber",,"APAC","Tnm",,,,,"True",""
"Activated",,"0e2782cb-987c-4ca1-916d-b53c9ed6eb61","APAC-AU-ALL-NSW_NE",,"61240416132","Subscriber",,"APAC","Tnm",,,,,"True",""
"Activated",,"0e2782cb-987c-4ca1-916d-b53c9ed6eb61","APAC-AU-ALL-NSW_NE",,"61240416133","Subscriber",,"APAC","Tnm",,,,,"True",""
"Activated",,"0e2782cb-987c-4ca1-916d-b53c9ed6eb61","APAC-AU-ALL-NSW_NE",,"61240416134","Subscriber",,"APAC","Tnm",,,,,"True",""
"Activated",,"0e2782cb-987c-4ca1-916d-b53c9ed6eb61","APAC-AU-ALL-NSW_NE",,"61240416135","Subscriber",,"APAC","Tnm",,,,,"True",""
"Activated",,"0e2782cb-987c-4ca1-916d-b53c9ed6eb61","APAC-AU-ALL-NSW_NE",,"61240416136","Subscriber",,"APAC","Tnm",,,,,"True",""
"Activated",,"0e2782cb-987c-4ca1-916d-b53c9ed6eb61","APAC-AU-ALL-NSW_NE",,"61240416137","Subscriber",,"APAC","Tnm",,,,,"True",""
"Activated",,"0e2782cb-987c-4ca1-916d-b53c9ed6eb61","APAC-AU-ALL-NSW_NE",,"61240416138","Subscriber",,"APAC","Tnm",,,,,"True",""
"Activated",,"0e2782cb-987c-4ca1-916d-b53c9ed6eb61","APAC-AU-ALL-NSW_NE",,"61240416139","Subscriber",,"APAC","Tnm",,,,,"True",""
"Activated",,"0e2782cb-987c-4ca1-916d-b53c9ed6eb61","APAC-AU-ALL-NSW_NE",,"61240416140","Subscriber",,"APAC","Tnm",,,,,"True",""
"Activated",,"0e2782cb-987c-4ca1-916d-b53c9ed6eb61","APAC-AU-ALL-NSW_NE",,"61240416141","Subscriber",,"APAC","Tnm",,,,,"True",""
"Activated",,"0e2782cb-987c-4ca1-916d-b53c9ed6eb61","APAC-AU-ALL-NSW_NE",,"61240416142","Subscriber",,"APAC","Tnm",,,,,"True",""
"Activated",,"0e2782cb-987c-4ca1-916d-b53c9ed6eb61","APAC-AU-ALL-NSW_NE",,"61240416143","Subscriber",,"APAC","Tnm",,,,,"True",""
"Activated",,"0e2782cb-987c-4ca1-916d-b53c9ed6eb61","APAC-AU-ALL-NSW_NE",,"61240416144","Subscriber",,"APAC","Tnm",,,,,"True",""
"Activated",,"0e2782cb-987c-4ca1-916d-b53c9ed6eb61","APAC-AU-ALL-NSW_NE",,"61240416145","Subscriber",,"APAC","Tnm",,,,,"True",""
"Activated",,"0e2782cb-987c-4ca1-916d-b53c9ed6eb61","APAC-AU-ALL-NSW_NE",,"61240416146","Subscriber",,"APAC","Tnm",,,,,"True",""
"Activated",,"0e2782cb-987c-4ca1-916d-b53c9ed6eb61","APAC-AU-ALL-NSW_NE",,"61240416147","Subscriber",,"APAC","Tnm",,,,,"True",""
"Activated",,"0e2782cb-987c-4ca1-916d-b53c9ed6eb61","APAC-AU-ALL-NSW_NE",,"61240416148","Subscriber",,"APAC","Tnm",,,,,"True",""
"Activated",,"0e2782cb-987c-4ca1-916d-b53c9ed6eb61","APAC-AU-ALL-NSW_NE",,"61240416149","Subscriber",,"APAC","Tnm",,,,,"True",""
"Activated",,"0e2782cb-987c-4ca1-916d-b53c9ed6eb61","APAC-AU-ALL-NSW_NE",,"61240416150","Subscriber",,"APAC","Tnm",,,,,"True",""
"Activated",,"0e2782cb-987c-4ca1-916d-b53c9ed6eb61","APAC-AU-ALL-NSW_NE",,"61240416151","Subscriber",,"APAC","Tnm",,,,,"True",""
"Activated",,"0e2782cb-987c-4ca1-916d-b53c9ed6eb61","APAC-AU-ALL-NSW_NE",,"61240416152","Subscriber",,"APAC","Tnm",,,,,"True",""
"Activated",,"0e2782cb-987c-4ca1-916d-b53c9ed6eb61","APAC-AU-ALL-NSW_NE",,"61240416153","Subscriber",,"APAC","Tnm",,,,,"True",""
"Activated",,"0e2782cb-987c-4ca1-916d-b53c9ed6eb61","APAC-AU-ALL-NSW_NE",,"61240416154","Subscriber",,"APAC","Tnm",,,,,"True",""
"Activated",,"0e2782cb-987c-4ca1-916d-b53c9ed6eb61","APAC-AU-ALL-NSW_NE",,"61240416155","Subscriber",,"APAC","Tnm",,,,,"True",""
"Activated",,"0e2782cb-987c-4ca1-916d-b53c9ed6eb61","APAC-AU-ALL-NSW_NE",,"61240416156","Subscriber",,"APAC","Tnm",,,,,"True",""
"Activated",,"0e2782cb-987c-4ca1-916d-b53c9ed6eb61","APAC-AU-ALL-NSW_NE",,"61240416157","Subscriber",,"APAC","Tnm",,,,,"True",""
"Activated",,"0e2782cb-987c-4ca1-916d-b53c9ed6eb61","APAC-AU-ALL-NSW_NE",,"61240416158","Subscriber",,"APAC","Tnm",,,,,"True",""
"Activated",,"0e2782cb-987c-4ca1-916d-b53c9ed6eb61","APAC-AU-ALL-NSW_NE",,"61240416159","Subscriber",,"APAC","Tnm",,,,,"True",""
"Activated",,"0e2782cb-987c-4ca1-916d-b53c9ed6eb61","APAC-AU-ALL-NSW_NE",,"61240416160","Subscriber",,"APAC","Tnm",,,,,"True",""
"Activated",,"0e2782cb-987c-4ca1-916d-b53c9ed6eb61","APAC-AU-ALL-NSW_NE",,"61240416161","Subscriber",,"APAC","Tnm",,,,,"True",""
"Activated",,"0e2782cb-987c-4ca1-916d-b53c9ed6eb61","APAC-AU-ALL-NSW_NE",,"61240416162","Subscriber",,"APAC","Tnm",,,,,"True",""
"Activated",,"0e2782cb-987c-4ca1-916d-b53c9ed6eb61","APAC-AU-ALL-NSW_NE",,"61240416163","Subscriber",,"APAC","Tnm",,,,,"True",""
"Activated",,"0e2782cb-987c-4ca1-916d-b53c9ed6eb61","APAC-AU-ALL-NSW_NE",,"61240416164","Subscriber",,"APAC","Tnm",,,,,"True",""
"Activated",,"0e2782cb-987c-4ca1-916d-b53c9ed6eb61","APAC-AU-ALL-NSW_NE",,"61240416165","Subscriber",,"APAC","Tnm",,,,,"True",""
"Activated",,"0e2782cb-987c-4ca1-916d-b53c9ed6eb61","APAC-AU-ALL-NSW_NE",,"61240416166","Subscriber",,"APAC","Tnm",,,,,"True",""
"Activated",,"0e2782cb-987c-4ca1-916d-b53c9ed6eb61","APAC-AU-ALL-NSW_NE",,"61240416167","Subscriber",,"APAC","Tnm",,,,,"True",""
"Activated",,"0e2782cb-987c-4ca1-916d-b53c9ed6eb61","APAC-AU-ALL-NSW_NE",,"61240416168","Subscriber",,"APAC","Tnm",,,,,"True",""
"Activated",,"0e2782cb-987c-4ca1-916d-b53c9ed6eb61","APAC-AU-ALL-NSW_NE",,"61240416169","Subscriber",,"APAC","Tnm",,,,,"True",""
"Activated",,"0e2782cb-987c-4ca1-916d-b53c9ed6eb61","APAC-AU-ALL-NSW_NE",,"61240416170","Subscriber",,"APAC","Tnm",,,,,"True",""
"Activated",,"0e2782cb-987c-4ca1-916d-b53c9ed6eb61","APAC-AU-ALL-NSW_NE",,"61240416171","Subscriber",,"APAC","Tnm",,,,,"True",""
"Activated",,"0e2782cb-987c-4ca1-916d-b53c9ed6eb61","APAC-AU-ALL-NSW_NE",,"61240416172","Subscriber",,"APAC","Tnm",,,,,"True",""
"Activated",,"0e2782cb-987c-4ca1-916d-b53c9ed6eb61","APAC-AU-ALL-NSW_NE",,"61240416173","Subscriber",,"APAC","Tnm",,,,,"True",""
"Activated",,"0e2782cb-987c-4ca1-916d-b53c9ed6eb61","APAC-AU-ALL-NSW_NE",,"61240416174","Subscriber",,"APAC","Tnm",,,,,"True",""
"Activated",,"0e2782cb-987c-4ca1-916d-b53c9ed6eb61","APAC-AU-ALL-NSW_NE",,"61240416175","Subscriber",,"APAC","Tnm",,,,,"True",""
"Activated",,"0e2782cb-987c-4ca1-916d-b53c9ed6eb61","APAC-AU-ALL-NSW_NE",,"61240416176","Subscriber",,"APAC","Tnm",,,,,"True",""
"Activated",,"0e2782cb-987c-4ca1-916d-b53c9ed6eb61","APAC-AU-ALL-NSW_NE",,"61240416177","Subscriber",,"APAC","Tnm",,,,,"True",""
"Activated",,"0e2782cb-987c-4ca1-916d-b53c9ed6eb61","APAC-AU-ALL-NSW_NE",,"61240416178","Subscriber",,"APAC","Tnm",,,,,"True",""
"Activated",,"0e2782cb-987c-4ca1-916d-b53c9ed6eb61","APAC-AU-ALL-NSW_NE",,"61240416179","Subscriber",,"APAC","Tnm",,,,,"True",""
"Activated",,"0e2782cb-987c-4ca1-916d-b53c9ed6eb61","APAC-AU-ALL-NSW_NE",,"61240416180","Subscriber",,"APAC","Tnm",,,,,"True",""
"Activated",,"0e2782cb-987c-4ca1-916d-b53c9ed6eb61","APAC-AU-ALL-NSW_NE",,"61240416181","Subscriber",,"APAC","Tnm",,,,,"True",""
"Activated",,"0e2782cb-987c-4ca1-916d-b53c9ed6eb61","APAC-AU-ALL-NSW_NE",,"61240416182","Subscriber",,"APAC","Tnm",,,,,"True",""
"Activated",,"0e2782cb-987c-4ca1-916d-b53c9ed6eb61","APAC-AU-ALL-NSW_NE",,"61240416183","Subscriber",,"APAC","Tnm",,,,,"True",""
"Activated",,"0e2782cb-987c-4ca1-916d-b53c9ed6eb61","APAC-AU-ALL-NSW_NE",,"61240416184","Subscriber",,"APAC","Tnm",,,,,"True",""
"Activated",,"0e2782cb-987c-4ca1-916d-b53c9ed6eb61","APAC-AU-ALL-NSW_NE",,"61240416185","Subscriber",,"APAC","Tnm",,,,,"True",""
"Activated",,"0e2782cb-987c-4ca1-916d-b53c9ed6eb61","APAC-AU-ALL-NSW_NE",,"61240416186","Subscriber",,"APAC","Tnm",,,,,"True",""
"Activated",,"0e2782cb-987c-4ca1-916d-b53c9ed6eb61","APAC-AU-ALL-NSW_NE",,"61240416187","Subscriber",,"APAC","Tnm",,,,,"True",""
"Activated",,"0e2782cb-987c-4ca1-916d-b53c9ed6eb61","APAC-AU-ALL-NSW_NE",,"61240416188","Subscriber",,"APAC","Tnm",,,,,"True",""
"Activated",,"0e2782cb-987c-4ca1-916d-b53c9ed6eb61","APAC-AU-ALL-NSW_NE",,"61240416189","Subscriber",,"APAC","Tnm",,,,,"True",""
"Activated",,"0e2782cb-987c-4ca1-916d-b53c9ed6eb61","APAC-AU-ALL-NSW_NE",,"61240416190","Subscriber",,"APAC","Tnm",,,,,"True",""
"Activated",,"0e2782cb-987c-4ca1-916d-b53c9ed6eb61","APAC-AU-ALL-NSW_NE",,"61240416191","Subscriber",,"APAC","Tnm",,,,,"True",""
"Activated",,"0e2782cb-987c-4ca1-916d-b53c9ed6eb61","APAC-AU-ALL-NSW_NE",,"61240416192","Subscriber",,"APAC","Tnm",,,,,"True",""
"Activated",,"0e2782cb-987c-4ca1-916d-b53c9ed6eb61","APAC-AU-ALL-NSW_NE",,"61240416193","Subscriber",,"APAC","Tnm",,,,,"True",""
"Activated",,"0e2782cb-987c-4ca1-916d-b53c9ed6eb61","APAC-AU-ALL-NSW_NE",,"61240416194","Subscriber",,"APAC","Tnm",,,,,"True",""
"Activated",,"0e2782cb-987c-4ca1-916d-b53c9ed6eb61","APAC-AU-ALL-NSW_NE",,"61240416195","Subscriber",,"APAC","Tnm",,,,,"True",""
"Activated",,"0e2782cb-987c-4ca1-916d-b53c9ed6eb61","APAC-AU-ALL-NSW_NE",,"61240416196","Subscriber",,"APAC","Tnm",,,,,"True",""
"Activated",,"0e2782cb-987c-4ca1-916d-b53c9ed6eb61","APAC-AU-ALL-NSW_NE",,"61240416197","Subscriber",,"APAC","Tnm",,,,,"True",""
"Activated",,"0e2782cb-987c-4ca1-916d-b53c9ed6eb61","APAC-AU-ALL-NSW_NE",,"61240416198","Subscriber",,"APAC","Tnm",,,,,"True",""
"Activated",,"0e2782cb-987c-4ca1-916d-b53c9ed6eb61","APAC-AU-ALL-NSW_NE",,"61240416199","Subscriber",,"APAC","Tnm",,,,,"True",""
"Activated",,"0e2782cb-987c-4ca1-916d-b53c9ed6eb61","APAC-AU-ALL-NSW_NE",,"61240887203","Subscriber",,"APAC","Tnm",,,,,"True",""
"Activated",,"0e2782cb-987c-4ca1-916d-b53c9ed6eb61","APAC-AU-ALL-NSW_NE",,"61249641978","Service",,"APAC","Tnm",,,,,"True",""
"Activated",,"0e2782cb-987c-4ca1-916d-b53c9ed6eb61","APAC-AU-ALL-NSW_NE",,"61249644052","Service",,"APAC","Tnm",,,,,"True",""
"Activated",,"0e2782cb-987c-4ca1-916d-b53c9ed6eb61","APAC-AU-ALL-NSW_NE",,"61249644142","Service",,"APAC","Tnm",,,,,"True",""
"Activated",,"0e2782cb-987c-4ca1-916d-b53c9ed6eb61","APAC-AU-ALL-NSW_NE","NGC-Bot","61249644669","Service",,"APAC","Tnm","ucap",,,,"True",""
"Activated",,"0e2782cb-987c-4ca1-916d-b53c9ed6eb61","APAC-AU-ALL-NSW_NE",,"61249644749","Subscriber",,"APAC","Tnm",,,,,"True",""
"Activated",,"0e2782cb-987c-4ca1-916d-b53c9ed6eb61","APAC-AU-ALL-NSW_NE",,"61249660081","Subscriber",,"APAC","Tnm",,,,,"True",""
"Activated",,"0e2782cb-987c-4ca1-916d-b53c9ed6eb61","APAC-AU-ALL-NSW_NE",,"61249660540","Subscriber",,"APAC","Tnm",,,,,"True",""
"Activated",,"0e2782cb-987c-4ca1-916d-b53c9ed6eb61","APAC-AU-ALL-NSW_NE",,"61249660603","Subscriber",,"APAC","Tnm",,,,,"True",""
"Activated",,"0e2782cb-987c-4ca1-916d-b53c9ed6eb61","APAC-AU-ALL-NSW_NE",,"61249660779","Subscriber",,"APAC","Tnm",,,,,"True",""
"Activated",,"0e2782cb-987c-4ca1-916d-b53c9ed6eb61","APAC-AU-ALL-QLD_BR",,"61732015108","Service",,"APAC","Tnm",,,,,"True",""
"Activated",,"0e2782cb-987c-4ca1-916d-b53c9ed6eb61","APAC-AU-ALL-QLD_BR",,"61732015326","Service",,"APAC","Tnm",,,,,"True",""
"Activated",,"0e2782cb-987c-4ca1-916d-b53c9ed6eb61","APAC-AU-ALL-QLD_BR",,"61732016789","Service",,"APAC","Tnm",,,,,"True",""
"Activated",,"0e2782cb-987c-4ca1-916d-b53c9ed6eb61","APAC-AU-ALL-QLD_BR",,"61732017092","Service",,"APAC","Tnm",,,,,"True",""
"Activated",,"0e2782cb-987c-4ca1-916d-b53c9ed6eb61","APAC-AU-ALL-QLD_BR",,"61732017126","Subscriber",,"APAC","Tnm",,,,,"True",""
"Activated",,"0e2782cb-987c-4ca1-916d-b53c9ed6eb61","APAC-AU-ALL-QLD_BR",,"61732017750","Subscriber",,"APAC","Tnm",,,,,"True",""
"Activated",,"0e2782cb-987c-4ca1-916d-b53c9ed6eb61","APAC-AU-ALL-QLD_BR",,"61732018207","Subscriber",,"APAC","Tnm",,,,,"True",""
"Activated",,"0e2782cb-987c-4ca1-916d-b53c9ed6eb61","APAC-AU-ALL-QLD_BR","AutoAttendant","61732589300","Service",,"APAC","Tnm","ucap",,,,"True",""
"Activated",,"0e2782cb-987c-4ca1-916d-b53c9ed6eb61","APAC-AU-ALL-QLD_BR",,"61732589301","Subscriber",,"APAC","Tnm","user",,,,"True",""
"Activated",,"0e2782cb-987c-4ca1-916d-b53c9ed6eb61","APAC-AU-ALL-QLD_BR",,"61732589302","Subscriber",,"APAC","Tnm","user",,,,"True",""
"Activated",,"0e2782cb-987c-4ca1-916d-b53c9ed6eb61","APAC-AU-ALL-QLD_BR",,"61732589303","Subscriber",,"APAC","Tnm",,,,,"True",""
"Activated",,"0e2782cb-987c-4ca1-916d-b53c9ed6eb61","APAC-AU-ALL-QLD_BR",,"61732589304","Subscriber",,"APAC","Tnm","user",,,,"True",""
"Activated",,"0e2782cb-987c-4ca1-916d-b53c9ed6eb61","APAC-AU-ALL-QLD_BR",,"61732589305","Subscriber",,"APAC","Tnm","user",,,,"True",""
"Activated",,"0e2782cb-987c-4ca1-916d-b53c9ed6eb61","APAC-AU-ALL-QLD_BR",,"61732589306","Subscriber",,"APAC","Tnm","user",,,,"True",""
"Activated",,"0e2782cb-987c-4ca1-916d-b53c9ed6eb61","APAC-AU-ALL-QLD_BR",,"61732589307","Subscriber",,"APAC","Tnm","user",,,,"True",""
"Activated",,"0e2782cb-987c-4ca1-916d-b53c9ed6eb61","APAC-AU-ALL-QLD_BR",,"61732589308","Subscriber",,"APAC","Tnm","user",,,,"True",""
"Activated",,"0e2782cb-987c-4ca1-916d-b53c9ed6eb61","APAC-AU-ALL-QLD_BR",,"61732589309","Subscriber",,"APAC","Tnm","user",,,,"True",""
"Activated",,"0e2782cb-987c-4ca1-916d-b53c9ed6eb61","APAC-AU-ALL-QLD_BR",,"61732589310","Subscriber",,"APAC","Tnm",,,,,"True",""
"Activated",,"0e2782cb-987c-4ca1-916d-b53c9ed6eb61","APAC-AU-ALL-QLD_BR",,"61732589311","Subscriber",,"APAC","Tnm","user",,,,"True",""
"Activated",,"0e2782cb-987c-4ca1-916d-b53c9ed6eb61","APAC-AU-ALL-QLD_BR",,"61732589312","Subscriber",,"APAC","Tnm","user",,,,"True",""
"Activated",,"0e2782cb-987c-4ca1-916d-b53c9ed6eb61","APAC-AU-ALL-QLD_BR",,"61732589313","Subscriber",,"APAC","Tnm","user",,,,"True",""
"Activated",,"0e2782cb-987c-4ca1-916d-b53c9ed6eb61","APAC-AU-ALL-QLD_BR",,"61732589314","Subscriber",,"APAC","Tnm",,,,,"True",""
"Activated",,"0e2782cb-987c-4ca1-916d-b53c9ed6eb61","APAC-AU-ALL-QLD_BR",,"61732589315","Subscriber",,"APAC","Tnm","user",,,,"True",""
"Activated",,"0e2782cb-987c-4ca1-916d-b53c9ed6eb61","APAC-AU-ALL-QLD_BR",,"61732589316","Subscriber",,"APAC","Tnm","user",,,,"True",""
"Activated",,"0e2782cb-987c-4ca1-916d-b53c9ed6eb61","APAC-AU-ALL-QLD_BR",,"61732589317","Subscriber",,"APAC","Tnm",,,,,"True",""
"Activated",,"0e2782cb-987c-4ca1-916d-b53c9ed6eb61","APAC-AU-ALL-QLD_BR",,"61732589318","Subscriber",,"APAC","Tnm",,,,,"True",""
"Activated",,"0e2782cb-987c-4ca1-916d-b53c9ed6eb61","APAC-AU-ALL-QLD_BR",,"61732589319","Subscriber",,"APAC","Tnm",,,,,"True",""
"Activated",,"0e2782cb-987c-4ca1-916d-b53c9ed6eb61","APAC-AU-ALL-QLD_BR",,"61732589320","Subscriber",,"APAC","Tnm","user",,,,"True",""
"Activated",,"0e2782cb-987c-4ca1-916d-b53c9ed6eb61","APAC-AU-ALL-QLD_BR",,"61732589321","Subscriber",,"APAC","Tnm","user",,,,"True",""
"Activated",,"0e2782cb-987c-4ca1-916d-b53c9ed6eb61","APAC-AU-ALL-QLD_BR",,"61732589322","Subscriber",,"APAC","Tnm",,,,,"True",""
"Activated",,"0e2782cb-987c-4ca1-916d-b53c9ed6eb61","APAC-AU-ALL-QLD_BR",,"61732589323","Subscriber",,"APAC","Tnm","user",,,,"True",""
"Activated",,"0e2782cb-987c-4ca1-916d-b53c9ed6eb61","APAC-AU-ALL-QLD_BR",,"61732589324","Subscriber",,"APAC","Tnm",,,,,"True",""
"Activated",,"0e2782cb-987c-4ca1-916d-b53c9ed6eb61","APAC-AU-ALL-QLD_BR",,"61732589325","Subscriber",,"APAC","Tnm","user",,,,"True",""
"Activated",,"0e2782cb-987c-4ca1-916d-b53c9ed6eb61","APAC-AU-ALL-QLD_BR",,"61732589326","Subscriber",,"APAC","Tnm",,,,,"True",""
"Activated",,"0e2782cb-987c-4ca1-916d-b53c9ed6eb61","APAC-AU-ALL-QLD_BR",,"61732589327","Subscriber",,"APAC","Tnm","user",,,,"True",""
"Activated",,"0e2782cb-987c-4ca1-916d-b53c9ed6eb61","APAC-AU-ALL-QLD_BR",,"61732589328","Subscriber",,"APAC","Tnm",,,,,"True",""
"Activated",,"0e2782cb-987c-4ca1-916d-b53c9ed6eb61","APAC-AU-ALL-QLD_BR",,"61732589329","Subscriber",,"APAC","Tnm",,,,,"True",""
"Activated",,"0e2782cb-987c-4ca1-916d-b53c9ed6eb61","APAC-AU-ALL-QLD_BR",,"61732589330","Subscriber",,"APAC","Tnm",,,,,"True",""
"Activated",,"0e2782cb-987c-4ca1-916d-b53c9ed6eb61","APAC-AU-ALL-QLD_BR",,"61732589331","Subscriber",,"APAC","Tnm",,,,,"True",""
"Activated",,"0e2782cb-987c-4ca1-916d-b53c9ed6eb61","APAC-AU-ALL-QLD_BR",,"61732589332","Subscriber",,"APAC","Tnm","user",,,,"True",""
"Activated",,"0e2782cb-987c-4ca1-916d-b53c9ed6eb61","APAC-AU-ALL-QLD_BR",,"61732589333","Subscriber",,"APAC","Tnm",,,,,"True",""
"Activated",,"0e2782cb-987c-4ca1-916d-b53c9ed6eb61","APAC-AU-ALL-QLD_BR",,"61732589334","Subscriber",,"APAC","Tnm",,,,,"True",""
"Activated",,"0e2782cb-987c-4ca1-916d-b53c9ed6eb61","APAC-AU-ALL-QLD_BR",,"61732589335","Subscriber",,"APAC","Tnm",,,,,"True",""
"Activated",,"0e2782cb-987c-4ca1-916d-b53c9ed6eb61","APAC-AU-ALL-QLD_BR",,"61732589336","Subscriber",,"APAC","Tnm",,,,,"True",""
"Activated",,"0e2782cb-987c-4ca1-916d-b53c9ed6eb61","APAC-AU-ALL-QLD_BR",,"61732589337","Subscriber",,"APAC","Tnm",,,,,"True",""
"Activated",,"0e2782cb-987c-4ca1-916d-b53c9ed6eb61","APAC-AU-ALL-QLD_BR",,"61732589338","Subscriber",,"APAC","Tnm",,,,,"True",""
"Activated",,"0e2782cb-987c-4ca1-916d-b53c9ed6eb61","APAC-AU-ALL-QLD_BR",,"61732589339","Subscriber",,"APAC","Tnm",,,,,"True",""
"Activated",,"0e2782cb-987c-4ca1-916d-b53c9ed6eb61","APAC-AU-ALL-QLD_BR",,"61732589340","Subscriber",,"APAC","Tnm",,,,,"True",""
"Activated",,"0e2782cb-987c-4ca1-916d-b53c9ed6eb61","APAC-AU-ALL-QLD_BR",,"61732589341","Subscriber",,"APAC","Tnm",,,,,"True",""
"Activated",,"0e2782cb-987c-4ca1-916d-b53c9ed6eb61","APAC-AU-ALL-QLD_BR",,"61732589342","Subscriber",,"APAC","Tnm","user",,,,"True",""
"Activated",,"0e2782cb-987c-4ca1-916d-b53c9ed6eb61","APAC-AU-ALL-QLD_BR",,"61732589343","Subscriber",,"APAC","Tnm","user",,,,"True",""
"Activated",,"0e2782cb-987c-4ca1-916d-b53c9ed6eb61","APAC-AU-ALL-QLD_BR",,"61732589344","Subscriber",,"APAC","Tnm",,,,,"True",""
"Activated",,"0e2782cb-987c-4ca1-916d-b53c9ed6eb61","APAC-AU-ALL-QLD_BR",,"61732589345","Subscriber",,"APAC","Tnm",,,,,"True",""
"Activated",,"0e2782cb-987c-4ca1-916d-b53c9ed6eb61","APAC-AU-ALL-QLD_BR",,"61732589346","Subscriber",,"APAC","Tnm",,,,,"True",""
"Activated",,"0e2782cb-987c-4ca1-916d-b53c9ed6eb61","APAC-AU-ALL-QLD_BR",,"61732589347","Subscriber",,"APAC","Tnm",,,,,"True",""
"Activated",,"0e2782cb-987c-4ca1-916d-b53c9ed6eb61","APAC-AU-ALL-QLD_BR",,"61732589348","Subscriber",,"APAC","Tnm",,,,,"True",""
"Activated",,"0e2782cb-987c-4ca1-916d-b53c9ed6eb61","APAC-AU-ALL-QLD_BR",,"61732589349","Subscriber",,"APAC","Tnm",,,,,"True",""
"Activated",,"0e2782cb-987c-4ca1-916d-b53c9ed6eb61","APAC-AU-ALL-QLD_BR",,"61732589350","Subscriber",,"APAC","Tnm",,,,,"True",""
"Activated",,"0e2782cb-987c-4ca1-916d-b53c9ed6eb61","APAC-AU-ALL-QLD_BR",,"61732589351","Subscriber",,"APAC","Tnm",,,,,"True",""
"Activated",,"0e2782cb-987c-4ca1-916d-b53c9ed6eb61","APAC-AU-ALL-QLD_BR",,"61732589352","Subscriber",,"APAC","Tnm",,,,,"True",""
"Activated",,"0e2782cb-987c-4ca1-916d-b53c9ed6eb61","APAC-AU-ALL-QLD_BR",,"61732589353","Subscriber",,"APAC","Tnm",,,,,"True",""
"Activated",,"0e2782cb-987c-4ca1-916d-b53c9ed6eb61","APAC-AU-ALL-QLD_BR",,"61732589354","Subscriber",,"APAC","Tnm",,,,,"True",""
"Activated",,"0e2782cb-987c-4ca1-916d-b53c9ed6eb61","APAC-AU-ALL-QLD_BR",,"61732589355","Subscriber",,"APAC","Tnm",,,,,"True",""
"Activated",,"0e2782cb-987c-4ca1-916d-b53c9ed6eb61","APAC-AU-ALL-QLD_BR",,"61732589356","Subscriber",,"APAC","Tnm",,,,,"True",""
"Activated",,"0e2782cb-987c-4ca1-916d-b53c9ed6eb61","APAC-AU-ALL-QLD_BR",,"61732589357","Subscriber",,"APAC","Tnm",,,,,"True",""
"Activated",,"0e2782cb-987c-4ca1-916d-b53c9ed6eb61","APAC-AU-ALL-QLD_BR",,"61732589358","Subscriber",,"APAC","Tnm",,,,,"True",""
"Activated",,"0e2782cb-987c-4ca1-916d-b53c9ed6eb61","APAC-AU-ALL-QLD_BR",,"61732589359","Subscriber",,"APAC","Tnm",,,,,"True",""
"Activated",,"0e2782cb-987c-4ca1-916d-b53c9ed6eb61","APAC-AU-ALL-QLD_BR",,"61732589360","Subscriber",,"APAC","Tnm",,,,,"True",""
"Activated",,"0e2782cb-987c-4ca1-916d-b53c9ed6eb61","APAC-AU-ALL-QLD_BR",,"61732589361","Subscriber",,"APAC","Tnm",,,,,"True",""
"Activated",,"0e2782cb-987c-4ca1-916d-b53c9ed6eb61","APAC-AU-ALL-QLD_BR",,"61732589362","Subscriber",,"APAC","Tnm",,,,,"True",""
"Activated",,"0e2782cb-987c-4ca1-916d-b53c9ed6eb61","APAC-AU-ALL-QLD_BR",,"61732589363","Subscriber",,"APAC","Tnm",,,,,"True",""
"Activated",,"0e2782cb-987c-4ca1-916d-b53c9ed6eb61","APAC-AU-ALL-QLD_BR",,"61732589364","Subscriber",,"APAC","Tnm",,,,,"True",""
"Activated",,"0e2782cb-987c-4ca1-916d-b53c9ed6eb61","APAC-AU-ALL-QLD_BR",,"61732589365","Subscriber",,"APAC","Tnm",,,,,"True",""
"Activated",,"0e2782cb-987c-4ca1-916d-b53c9ed6eb61","APAC-AU-ALL-QLD_BR",,"61732589366","Subscriber",,"APAC","Tnm",,,,,"True",""
"Activated",,"0e2782cb-987c-4ca1-916d-b53c9ed6eb61","APAC-AU-ALL-QLD_BR",,"61732589367","Subscriber",,"APAC","Tnm",,,,,"True",""
"Activated",,"0e2782cb-987c-4ca1-916d-b53c9ed6eb61","APAC-AU-ALL-QLD_BR",,"61732589368","Subscriber",,"APAC","Tnm",,,,,"True",""
"Activated",,"0e2782cb-987c-4ca1-916d-b53c9ed6eb61","APAC-AU-ALL-QLD_BR",,"61732589369","Subscriber",,"APAC","Tnm",,,,,"True",""
"Activated",,"0e2782cb-987c-4ca1-916d-b53c9ed6eb61","APAC-AU-ALL-QLD_BR",,"61732589370","Subscriber",,"APAC","Tnm",,,,,"True",""
"Activated",,"0e2782cb-987c-4ca1-916d-b53c9ed6eb61","APAC-AU-ALL-QLD_BR",,"61732589371","Subscriber",,"APAC","Tnm",,,,,"True",""
"Activated",,"0e2782cb-987c-4ca1-916d-b53c9ed6eb61","APAC-AU-ALL-QLD_BR",,"61732589372","Subscriber",,"APAC","Tnm",,,,,"True",""
"Activated",,"0e2782cb-987c-4ca1-916d-b53c9ed6eb61","APAC-AU-ALL-QLD_BR",,"61732589373","Subscriber",,"APAC","Tnm",,,,,"True",""
"Activated",,"0e2782cb-987c-4ca1-916d-b53c9ed6eb61","APAC-AU-ALL-QLD_BR",,"61732589374","Subscriber",,"APAC","Tnm",,,,,"True",""
"Activated",,"0e2782cb-987c-4ca1-916d-b53c9ed6eb61","APAC-AU-ALL-QLD_BR",,"61732589375","Subscriber",,"APAC","Tnm",,,,,"True",""
"Activated",,"0e2782cb-987c-4ca1-916d-b53c9ed6eb61","APAC-AU-ALL-QLD_BR",,"61732589376","Subscriber",,"APAC","Tnm",,,,,"True",""
"Activated",,"0e2782cb-987c-4ca1-916d-b53c9ed6eb61","APAC-AU-ALL-QLD_BR",,"61732589377","Subscriber",,"APAC","Tnm",,,,,"True",""
"Activated",,"0e2782cb-987c-4ca1-916d-b53c9ed6eb61","APAC-AU-ALL-QLD_BR",,"61732589378","Subscriber",,"APAC","Tnm",,,,,"True",""
"Activated",,"0e2782cb-987c-4ca1-916d-b53c9ed6eb61","APAC-AU-ALL-QLD_BR",,"61732589379","Subscriber",,"APAC","Tnm",,,,,"True",""
"Activated",,"0e2782cb-987c-4ca1-916d-b53c9ed6eb61","APAC-AU-ALL-QLD_BR",,"61732589380","Subscriber",,"APAC","Tnm",,,,,"True",""
"Activated",,"0e2782cb-987c-4ca1-916d-b53c9ed6eb61","APAC-AU-ALL-QLD_BR",,"61732589381","Subscriber",,"APAC","Tnm",,,,,"True",""
"Activated",,"0e2782cb-987c-4ca1-916d-b53c9ed6eb61","APAC-AU-ALL-QLD_BR",,"61732589382","Subscriber",,"APAC","Tnm",,,,,"True",""
"Activated",,"0e2782cb-987c-4ca1-916d-b53c9ed6eb61","APAC-AU-ALL-QLD_BR",,"61732589383","Subscriber",,"APAC","Tnm",,,,,"True",""
"Activated",,"0e2782cb-987c-4ca1-916d-b53c9ed6eb61","APAC-AU-ALL-QLD_BR",,"61732589384","Subscriber",,"APAC","Tnm",,,,,"True",""
"Activated",,"0e2782cb-987c-4ca1-916d-b53c9ed6eb61","APAC-AU-ALL-QLD_BR",,"61732589385","Subscriber",,"APAC","Tnm",,,,,"True",""
"Activated",,"0e2782cb-987c-4ca1-916d-b53c9ed6eb61","APAC-AU-ALL-QLD_BR",,"61732589386","Subscriber",,"APAC","Tnm",,,,,"True",""
"Activated",,"0e2782cb-987c-4ca1-916d-b53c9ed6eb61","APAC-AU-ALL-QLD_BR",,"61732589387","Subscriber",,"APAC","Tnm",,,,,"True",""
"Activated",,"0e2782cb-987c-4ca1-916d-b53c9ed6eb61","APAC-AU-ALL-QLD_BR",,"61732589388","Subscriber",,"APAC","Tnm",,,,,"True",""
"Activated",,"0e2782cb-987c-4ca1-916d-b53c9ed6eb61","APAC-AU-ALL-QLD_BR",,"61732589389","Subscriber",,"APAC","Tnm",,,,,"True",""
"Activated",,"0e2782cb-987c-4ca1-916d-b53c9ed6eb61","APAC-AU-ALL-QLD_BR",,"61732589390","Subscriber",,"APAC","Tnm",,,,,"True",""
"Activated",,"0e2782cb-987c-4ca1-916d-b53c9ed6eb61","APAC-AU-ALL-QLD_BR",,"61732589391","Subscriber",,"APAC","Tnm",,,,,"True",""
"Activated",,"0e2782cb-987c-4ca1-916d-b53c9ed6eb61","APAC-AU-ALL-QLD_BR",,"61732589392","Subscriber",,"APAC","Tnm",,,,,"True",""
"Activated",,"0e2782cb-987c-4ca1-916d-b53c9ed6eb61","APAC-AU-ALL-QLD_BR",,"61732589393","Subscriber",,"APAC","Tnm",,,,,"True",""
"Activated",,"0e2782cb-987c-4ca1-916d-b53c9ed6eb61","APAC-AU-ALL-QLD_BR",,"61732589394","Subscriber",,"APAC","Tnm",,,,,"True",""
"Activated",,"0e2782cb-987c-4ca1-916d-b53c9ed6eb61","APAC-AU-ALL-QLD_BR",,"61732589395","Subscriber",,"APAC","Tnm",,,,,"True",""
"Activated",,"0e2782cb-987c-4ca1-916d-b53c9ed6eb61","APAC-AU-ALL-QLD_BR",,"61732589396","Subscriber",,"APAC","Tnm",,,,,"True",""
"Activated",,"0e2782cb-987c-4ca1-916d-b53c9ed6eb61","APAC-AU-ALL-QLD_BR",,"61732589397","Subscriber",,"APAC","Tnm",,,,,"True",""
"Activated",,"0e2782cb-987c-4ca1-916d-b53c9ed6eb61","APAC-AU-ALL-QLD_BR",,"61732589398","Subscriber",,"APAC","Tnm",,,,,"True",""
"Activated",,"0e2782cb-987c-4ca1-916d-b53c9ed6eb61","APAC-AU-ALL-QLD_BR",,"61732589399","Subscriber",,"APAC","Tnm","user",,,,"True",""
"Activated",,"0e2782cb-987c-4ca1-916d-b53c9ed6eb61","APAC-AU-ALL-QLD_BR","NGC-Bot","61734520200","Service",,"APAC","Tnm","ucap",,,,"True",""
"Activated",,"0e2782cb-987c-4ca1-916d-b53c9ed6eb61","APAC-AU-ALL-QLD_BR","NGC-Bot","61734520201","Service",,"APAC","Tnm","ucap",,,,"True",""
"Activated",,"0e2782cb-987c-4ca1-916d-b53c9ed6eb61","APAC-AU-ALL-QLD_BR","NGC-Bot","61734520202","Service",,"APAC","Tnm","ucap",,,,"True",""
"Activated",,"0e2782cb-987c-4ca1-916d-b53c9ed6eb61","APAC-AU-ALL-QLD_BR",,"61734520203","Service",,"APAC","Tnm",,,,,"True",""
"Activated",,"0e2782cb-987c-4ca1-916d-b53c9ed6eb61","APAC-AU-ALL-QLD_BR",,"61734520204","Service",,"APAC","Tnm",,,,,"True",""
"Activated",,"0e2782cb-987c-4ca1-916d-b53c9ed6eb61","APAC-AU-ALL-QLD_BR",,"61734520205","Service",,"APAC","Tnm",,,,,"True",""
"Activated",,"0e2782cb-987c-4ca1-916d-b53c9ed6eb61","APAC-AU-ALL-QLD_BR",,"61734520206","Service",,"APAC","Tnm",,,,,"True",""
"Activated",,"0e2782cb-987c-4ca1-916d-b53c9ed6eb61","APAC-AU-ALL-QLD_BR",,"61734520207","Service",,"APAC","Tnm",,,,,"True",""
"Activated",,"0e2782cb-987c-4ca1-916d-b53c9ed6eb61","APAC-AU-ALL-QLD_BR",,"61734520208","Service",,"APAC","Tnm",,,,,"True",""
"Activated",,"0e2782cb-987c-4ca1-916d-b53c9ed6eb61","APAC-AU-ALL-QLD_BR",,"61734520209","Service",,"APAC","Tnm",,,,,"True",""
"Activated",,"0e2782cb-987c-4ca1-916d-b53c9ed6eb61","APAC-AU-ALL-QLD_BR",,"61734520210","Subscriber",,"APAC","Tnm","user",,,,"True",""
"Activated",,"0e2782cb-987c-4ca1-916d-b53c9ed6eb61","APAC-AU-ALL-QLD_BR",,"61734520211","Subscriber",,"APAC","Tnm","user",,,,"True",""
"Activated",,"0e2782cb-987c-4ca1-916d-b53c9ed6eb61","APAC-AU-ALL-QLD_BR",,"61734520212","Subscriber",,"APAC","Tnm","user",,,,"True",""
"Activated",,"0e2782cb-987c-4ca1-916d-b53c9ed6eb61","APAC-AU-ALL-QLD_BR",,"61734520213","Subscriber",,"APAC","Tnm",,,,,"True",""
"Activated",,"0e2782cb-987c-4ca1-916d-b53c9ed6eb61","APAC-AU-ALL-QLD_BR",,"61734520214","Subscriber",,"APAC","Tnm",,,,,"True",""
"Activated",,"0e2782cb-987c-4ca1-916d-b53c9ed6eb61","APAC-AU-ALL-QLD_BR",,"61734520215","Subscriber",,"APAC","Tnm",,,,,"True",""
"Activated",,"0e2782cb-987c-4ca1-916d-b53c9ed6eb61","APAC-AU-ALL-QLD_BR",,"61734520216","Subscriber",,"APAC","Tnm",,,,,"True",""
"Activated",,"0e2782cb-987c-4ca1-916d-b53c9ed6eb61","APAC-AU-ALL-QLD_BR",,"61734520217","Subscriber",,"APAC","Tnm",,,,,"True",""
"Activated",,"0e2782cb-987c-4ca1-916d-b53c9ed6eb61","APAC-AU-ALL-QLD_BR",,"61734520218","Subscriber",,"APAC","Tnm",,,,,"True",""
"Activated",,"0e2782cb-987c-4ca1-916d-b53c9ed6eb61","APAC-AU-ALL-QLD_BR",,"61734520219","Subscriber",,"APAC","Tnm",,,,,"True",""
"Activated",,"0e2782cb-987c-4ca1-916d-b53c9ed6eb61","APAC-AU-ALL-QLD_BR",,"61734520220","Subscriber",,"APAC","Tnm",,,,,"True",""
"Activated",,"0e2782cb-987c-4ca1-916d-b53c9ed6eb61","APAC-AU-ALL-QLD_BR",,"61734520221","Subscriber",,"APAC","Tnm",,,,,"True",""
"Activated",,"0e2782cb-987c-4ca1-916d-b53c9ed6eb61","APAC-AU-ALL-QLD_BR",,"61734520222","Subscriber",,"APAC","Tnm",,,,,"True",""
"Activated",,"0e2782cb-987c-4ca1-916d-b53c9ed6eb61","APAC-AU-ALL-QLD_BR",,"61734520223","Subscriber",,"APAC","Tnm",,,,,"True",""
"Activated",,"0e2782cb-987c-4ca1-916d-b53c9ed6eb61","APAC-AU-ALL-QLD_BR",,"61734520224","Subscriber",,"APAC","Tnm",,,,,"True",""
"Activated",,"0e2782cb-987c-4ca1-916d-b53c9ed6eb61","APAC-AU-ALL-QLD_BR",,"61734520225","Subscriber",,"APAC","Tnm",,,,,"True",""
"Activated",,"0e2782cb-987c-4ca1-916d-b53c9ed6eb61","APAC-AU-ALL-QLD_BR",,"61734520226","Subscriber",,"APAC","Tnm",,,,,"True",""
"Activated",,"0e2782cb-987c-4ca1-916d-b53c9ed6eb61","APAC-AU-ALL-QLD_BR",,"61734520227","Subscriber",,"APAC","Tnm",,,,,"True",""
"Activated",,"0e2782cb-987c-4ca1-916d-b53c9ed6eb61","APAC-AU-ALL-QLD_BR",,"61734520228","Subscriber",,"APAC","Tnm",,,,,"True",""
"Activated",,"0e2782cb-987c-4ca1-916d-b53c9ed6eb61","APAC-AU-ALL-QLD_BR",,"61734520229","Subscriber",,"APAC","Tnm",,,,,"True",""
"Activated",,"0e2782cb-987c-4ca1-916d-b53c9ed6eb61","APAC-AU-ALL-QLD_BR",,"61734520230","Subscriber",,"APAC","Tnm",,,,,"True",""
"Activated",,"0e2782cb-987c-4ca1-916d-b53c9ed6eb61","APAC-AU-ALL-QLD_BR",,"61734520231","Subscriber",,"APAC","Tnm",,,,,"True",""
"Activated",,"0e2782cb-987c-4ca1-916d-b53c9ed6eb61","APAC-AU-ALL-QLD_BR",,"61734520232","Subscriber",,"APAC","Tnm",,,,,"True",""
"Activated",,"0e2782cb-987c-4ca1-916d-b53c9ed6eb61","APAC-AU-ALL-QLD_BR",,"61734520233","Subscriber",,"APAC","Tnm",,,,,"True",""
"Activated",,"0e2782cb-987c-4ca1-916d-b53c9ed6eb61","APAC-AU-ALL-QLD_BR",,"61734520234","Subscriber",,"APAC","Tnm",,,,,"True",""
"Activated",,"0e2782cb-987c-4ca1-916d-b53c9ed6eb61","APAC-AU-ALL-QLD_BR",,"61734520235","Subscriber",,"APAC","Tnm",,,,,"True",""
"Activated",,"0e2782cb-987c-4ca1-916d-b53c9ed6eb61","APAC-AU-ALL-QLD_BR",,"61734520236","Subscriber",,"APAC","Tnm",,,,,"True",""
"Activated",,"0e2782cb-987c-4ca1-916d-b53c9ed6eb61","APAC-AU-ALL-QLD_BR",,"61734520237","Subscriber",,"APAC","Tnm",,,,,"True",""
"Activated",,"0e2782cb-987c-4ca1-916d-b53c9ed6eb61","APAC-AU-ALL-QLD_BR",,"61734520238","Subscriber",,"APAC","Tnm",,,,,"True",""
"Activated",,"0e2782cb-987c-4ca1-916d-b53c9ed6eb61","APAC-AU-ALL-QLD_BR",,"61734520239","Subscriber",,"APAC","Tnm",,,,,"True",""
"Activated",,"0e2782cb-987c-4ca1-916d-b53c9ed6eb61","APAC-AU-ALL-QLD_BR",,"61734520240","Subscriber",,"APAC","Tnm",,,,,"True",""
"Activated",,"0e2782cb-987c-4ca1-916d-b53c9ed6eb61","APAC-AU-ALL-QLD_BR",,"61734520241","Subscriber",,"APAC","Tnm",,,,,"True",""
"Activated",,"0e2782cb-987c-4ca1-916d-b53c9ed6eb61","APAC-AU-ALL-QLD_BR",,"61734520242","Subscriber",,"APAC","Tnm",,,,,"True",""
"Activated",,"0e2782cb-987c-4ca1-916d-b53c9ed6eb61","APAC-AU-ALL-QLD_BR",,"61734520243","Subscriber",,"APAC","Tnm",,,,,"True",""
"Activated",,"0e2782cb-987c-4ca1-916d-b53c9ed6eb61","APAC-AU-ALL-QLD_BR",,"61734520244","Subscriber",,"APAC","Tnm",,,,,"True",""
"Activated",,"0e2782cb-987c-4ca1-916d-b53c9ed6eb61","APAC-AU-ALL-QLD_BR",,"61734520245","Subscriber",,"APAC","Tnm",,,,,"True",""
"Activated",,"0e2782cb-987c-4ca1-916d-b53c9ed6eb61","APAC-AU-ALL-QLD_BR",,"61734520246","Subscriber",,"APAC","Tnm",,,,,"True",""
"Activated",,"0e2782cb-987c-4ca1-916d-b53c9ed6eb61","APAC-AU-ALL-QLD_BR",,"61734520247","Subscriber",,"APAC","Tnm",,,,,"True",""
"Activated",,"0e2782cb-987c-4ca1-916d-b53c9ed6eb61","APAC-AU-ALL-QLD_BR",,"61734520248","Subscriber",,"APAC","Tnm",,,,,"True",""
"Activated",,"0e2782cb-987c-4ca1-916d-b53c9ed6eb61","APAC-AU-ALL-QLD_BR",,"61734520249","Subscriber",,"APAC","Tnm",,,,,"True",""
"Activated",,"0e2782cb-987c-4ca1-916d-b53c9ed6eb61","APAC-AU-ALL-QLD_BR",,"61734520250","Subscriber",,"APAC","Tnm",,,,,"True",""
"Activated",,"0e2782cb-987c-4ca1-916d-b53c9ed6eb61","APAC-AU-ALL-QLD_BR",,"61734520251","Subscriber",,"APAC","Tnm",,,,,"True",""
"Activated",,"0e2782cb-987c-4ca1-916d-b53c9ed6eb61","APAC-AU-ALL-QLD_BR",,"61734520252","Subscriber",,"APAC","Tnm",,,,,"True",""
"Activated",,"0e2782cb-987c-4ca1-916d-b53c9ed6eb61","APAC-AU-ALL-QLD_BR",,"61734520253","Subscriber",,"APAC","Tnm",,,,,"True",""
"Activated",,"0e2782cb-987c-4ca1-916d-b53c9ed6eb61","APAC-AU-ALL-QLD_BR",,"61734520254","Subscriber",,"APAC","Tnm",,,,,"True",""
"Activated",,"0e2782cb-987c-4ca1-916d-b53c9ed6eb61","APAC-AU-ALL-QLD_BR",,"61734520255","Subscriber",,"APAC","Tnm",,,,,"True",""
"Activated",,"0e2782cb-987c-4ca1-916d-b53c9ed6eb61","APAC-AU-ALL-QLD_BR",,"61734520256","Subscriber",,"APAC","Tnm",,,,,"True",""
"Activated",,"0e2782cb-987c-4ca1-916d-b53c9ed6eb61","APAC-AU-ALL-QLD_BR",,"61734520257","Subscriber",,"APAC","Tnm",,,,,"True",""
"Activated",,"0e2782cb-987c-4ca1-916d-b53c9ed6eb61","APAC-AU-ALL-QLD_BR",,"61734520258","Subscriber",,"APAC","Tnm",,,,,"True",""
"Activated",,"0e2782cb-987c-4ca1-916d-b53c9ed6eb61","APAC-AU-ALL-QLD_BR",,"61734520259","Subscriber",,"APAC","Tnm",,,,,"True",""
"Activated",,"0e2782cb-987c-4ca1-916d-b53c9ed6eb61","APAC-AU-ALL-QLD_BR",,"61734520260","Subscriber",,"APAC","Tnm",,,,,"True",""
"Activated",,"0e2782cb-987c-4ca1-916d-b53c9ed6eb61","APAC-AU-ALL-QLD_BR",,"61734520261","Subscriber",,"APAC","Tnm",,,,,"True",""
"Activated",,"0e2782cb-987c-4ca1-916d-b53c9ed6eb61","APAC-AU-ALL-QLD_BR",,"61734520262","Subscriber",,"APAC","Tnm",,,,,"True",""
"Activated",,"0e2782cb-987c-4ca1-916d-b53c9ed6eb61","APAC-AU-ALL-QLD_BR",,"61734520263","Subscriber",,"APAC","Tnm",,,,,"True",""
"Activated",,"0e2782cb-987c-4ca1-916d-b53c9ed6eb61","APAC-AU-ALL-QLD_BR",,"61734520264","Subscriber",,"APAC","Tnm",,,,,"True",""
"Activated",,"0e2782cb-987c-4ca1-916d-b53c9ed6eb61","APAC-AU-ALL-QLD_BR",,"61734520265","Subscriber",,"APAC","Tnm",,,,,"True",""
"Activated",,"0e2782cb-987c-4ca1-916d-b53c9ed6eb61","APAC-AU-ALL-QLD_BR",,"61734520266","Subscriber",,"APAC","Tnm",,,,,"True",""
"Activated",,"0e2782cb-987c-4ca1-916d-b53c9ed6eb61","APAC-AU-ALL-QLD_BR",,"61734520267","Subscriber",,"APAC","Tnm",,,,,"True",""
"Activated",,"0e2782cb-987c-4ca1-916d-b53c9ed6eb61","APAC-AU-ALL-QLD_BR",,"61734520268","Subscriber",,"APAC","Tnm",,,,,"True",""
"Activated",,"0e2782cb-987c-4ca1-916d-b53c9ed6eb61","APAC-AU-ALL-QLD_BR",,"61734520269","Subscriber",,"APAC","Tnm",,,,,"True",""
"Activated",,"0e2782cb-987c-4ca1-916d-b53c9ed6eb61","APAC-AU-ALL-QLD_BR",,"61734520270","Subscriber",,"APAC","Tnm",,,,,"True",""
"Activated",,"0e2782cb-987c-4ca1-916d-b53c9ed6eb61","APAC-AU-ALL-QLD_BR",,"61734520271","Subscriber",,"APAC","Tnm",,,,,"True",""
"Activated",,"0e2782cb-987c-4ca1-916d-b53c9ed6eb61","APAC-AU-ALL-QLD_BR",,"61734520272","Subscriber",,"APAC","Tnm",,,,,"True",""
"Activated",,"0e2782cb-987c-4ca1-916d-b53c9ed6eb61","APAC-AU-ALL-QLD_BR",,"61734520273","Subscriber",,"APAC","Tnm",,,,,"True",""
"Activated",,"0e2782cb-987c-4ca1-916d-b53c9ed6eb61","APAC-AU-ALL-QLD_BR",,"61734520274","Subscriber",,"APAC","Tnm",,,,,"True",""
"Activated",,"0e2782cb-987c-4ca1-916d-b53c9ed6eb61","APAC-AU-ALL-QLD_BR",,"61734520275","Subscriber",,"APAC","Tnm",,,,,"True",""
"Activated",,"0e2782cb-987c-4ca1-916d-b53c9ed6eb61","APAC-AU-ALL-QLD_BR",,"61734520276","Subscriber",,"APAC","Tnm",,,,,"True",""
"Activated",,"0e2782cb-987c-4ca1-916d-b53c9ed6eb61","APAC-AU-ALL-QLD_BR",,"61734520277","Subscriber",,"APAC","Tnm",,,,,"True",""
"Activated",,"0e2782cb-987c-4ca1-916d-b53c9ed6eb61","APAC-AU-ALL-QLD_BR",,"61734520278","Subscriber",,"APAC","Tnm",,,,,"True",""
"Activated",,"0e2782cb-987c-4ca1-916d-b53c9ed6eb61","APAC-AU-ALL-QLD_BR",,"61734520279","Subscriber",,"APAC","Tnm",,,,,"True",""
"Activated",,"0e2782cb-987c-4ca1-916d-b53c9ed6eb61","APAC-AU-ALL-QLD_BR",,"61734520280","Subscriber",,"APAC","Tnm",,,,,"True",""
"Activated",,"0e2782cb-987c-4ca1-916d-b53c9ed6eb61","APAC-AU-ALL-QLD_BR",,"61734520281","Subscriber",,"APAC","Tnm",,,,,"True",""
"Activated",,"0e2782cb-987c-4ca1-916d-b53c9ed6eb61","APAC-AU-ALL-QLD_BR",,"61734520282","Subscriber",,"APAC","Tnm",,,,,"True",""
"Activated",,"0e2782cb-987c-4ca1-916d-b53c9ed6eb61","APAC-AU-ALL-QLD_BR",,"61734520283","Subscriber",,"APAC","Tnm",,,,,"True",""
"Activated",,"0e2782cb-987c-4ca1-916d-b53c9ed6eb61","APAC-AU-ALL-QLD_BR",,"61734520284","Subscriber",,"APAC","Tnm",,,,,"True",""
"Activated",,"0e2782cb-987c-4ca1-916d-b53c9ed6eb61","APAC-AU-ALL-QLD_BR",,"61734520285","Subscriber",,"APAC","Tnm",,,,,"True",""
"Activated",,"0e2782cb-987c-4ca1-916d-b53c9ed6eb61","APAC-AU-ALL-QLD_BR",,"61734520286","Subscriber",,"APAC","Tnm",,,,,"True",""
"Activated",,"0e2782cb-987c-4ca1-916d-b53c9ed6eb61","APAC-AU-ALL-QLD_BR",,"61734520287","Subscriber",,"APAC","Tnm",,,,,"True",""
"Activated",,"0e2782cb-987c-4ca1-916d-b53c9ed6eb61","APAC-AU-ALL-QLD_BR",,"61734520288","Subscriber",,"APAC","Tnm",,,,,"True",""
"Activated",,"0e2782cb-987c-4ca1-916d-b53c9ed6eb61","APAC-AU-ALL-QLD_BR",,"61734520289","Subscriber",,"APAC","Tnm",,,,,"True",""
"Activated",,"0e2782cb-987c-4ca1-916d-b53c9ed6eb61","APAC-AU-ALL-QLD_BR",,"61734520290","Subscriber",,"APAC","Tnm",,,,,"True",""
"Activated",,"0e2782cb-987c-4ca1-916d-b53c9ed6eb61","APAC-AU-ALL-QLD_BR",,"61734520291","Subscriber",,"APAC","Tnm",,,,,"True",""
"Activated",,"0e2782cb-987c-4ca1-916d-b53c9ed6eb61","APAC-AU-ALL-QLD_BR",,"61734520292","Subscriber",,"APAC","Tnm",,,,,"True",""
"Activated",,"0e2782cb-987c-4ca1-916d-b53c9ed6eb61","APAC-AU-ALL-QLD_BR",,"61734520293","Subscriber",,"APAC","Tnm",,,,,"True",""
"Activated",,"0e2782cb-987c-4ca1-916d-b53c9ed6eb61","APAC-AU-ALL-QLD_BR",,"61734520294","Subscriber",,"APAC","Tnm",,,,,"True",""
"Activated",,"0e2782cb-987c-4ca1-916d-b53c9ed6eb61","APAC-AU-ALL-QLD_BR",,"61734520295","Subscriber",,"APAC","Tnm",,,,,"True",""
"Activated",,"0e2782cb-987c-4ca1-916d-b53c9ed6eb61","APAC-AU-ALL-QLD_BR",,"61734520296","Subscriber",,"APAC","Tnm",,,,,"True",""
"Activated",,"0e2782cb-987c-4ca1-916d-b53c9ed6eb61","APAC-AU-ALL-QLD_BR",,"61734520297","Subscriber",,"APAC","Tnm",,,,,"True",""
"Activated",,"0e2782cb-987c-4ca1-916d-b53c9ed6eb61","APAC-AU-ALL-QLD_BR",,"61734520298","Subscriber",,"APAC","Tnm",,,,,"True",""
"Activated",,"0e2782cb-987c-4ca1-916d-b53c9ed6eb61","APAC-AU-ALL-QLD_BR",,"61734520299","Subscriber",,"APAC","Tnm",,,,,"True",""
"Activated",,"0e2782cb-987c-4ca1-916d-b53c9ed6eb61","APAC-AU-ALL-QLD_BR",,"61738130453","Subscriber",,"APAC","Tnm",,,,,"True",""
"Activated",,"0e2782cb-987c-4ca1-916d-b53c9ed6eb61","APAC-AU-ALL-QLD_BR",,"61738130897","Subscriber",,"APAC","Tnm",,,,,"True",""
"Activated",,"0e2782cb-987c-4ca1-916d-b53c9ed6eb61","APAC-AU-ALL-QLD_BR",,"61738130998","Subscriber",,"APAC","Tnm",,,,,"True",""
"Activated",,"0e2782cb-987c-4ca1-916d-b53c9ed6eb61","APAC-AU-ALL-QLD_CH","AutoAttendant","61746148100","Service",,"APAC","Tnm","ucap",,,,"True",""
"Activated",,"0e2782cb-987c-4ca1-916d-b53c9ed6eb61","APAC-AU-ALL-QLD_CH",,"61746148101","Subscriber",,"APAC","Tnm","user",,,,"True",""
"Activated",,"0e2782cb-987c-4ca1-916d-b53c9ed6eb61","APAC-AU-ALL-QLD_CH",,"61746148102","Subscriber",,"APAC","Tnm",,,,,"True",""
"Activated",,"0e2782cb-987c-4ca1-916d-b53c9ed6eb61","APAC-AU-ALL-QLD_CH",,"61746148103","Subscriber",,"APAC","Tnm",,,,,"True",""
"Activated",,"0e2782cb-987c-4ca1-916d-b53c9ed6eb61","APAC-AU-ALL-QLD_CH",,"61746148104","Subscriber",,"APAC","Tnm",,,,,"True",""
"Activated",,"0e2782cb-987c-4ca1-916d-b53c9ed6eb61","APAC-AU-ALL-QLD_CH",,"61746148105","Subscriber",,"APAC","Tnm",,,,,"True",""
"Activated",,"0e2782cb-987c-4ca1-916d-b53c9ed6eb61","APAC-AU-ALL-QLD_CH",,"61746148106","Subscriber",,"APAC","Tnm",,,,,"True",""
"Activated",,"0e2782cb-987c-4ca1-916d-b53c9ed6eb61","APAC-AU-ALL-QLD_CH",,"61746148107","Subscriber",,"APAC","Tnm",,,,,"True",""
"Activated",,"0e2782cb-987c-4ca1-916d-b53c9ed6eb61","APAC-AU-ALL-QLD_CH",,"61746148108","Subscriber",,"APAC","Tnm",,,,,"True",""
"Activated",,"0e2782cb-987c-4ca1-916d-b53c9ed6eb61","APAC-AU-ALL-QLD_CH",,"61746148109","Subscriber",,"APAC","Tnm",,,,,"True",""
"Activated",,"0e2782cb-987c-4ca1-916d-b53c9ed6eb61","APAC-AU-ALL-QLD_CH",,"61746148110","Subscriber",,"APAC","Tnm",,,,,"True",""
"Activated",,"0e2782cb-987c-4ca1-916d-b53c9ed6eb61","APAC-AU-ALL-QLD_CH",,"61746148111","Subscriber",,"APAC","Tnm",,,,,"True",""
"Activated",,"0e2782cb-987c-4ca1-916d-b53c9ed6eb61","APAC-AU-ALL-QLD_CH",,"61746148112","Subscriber",,"APAC","Tnm",,,,,"True",""
"Activated",,"0e2782cb-987c-4ca1-916d-b53c9ed6eb61","APAC-AU-ALL-QLD_CH",,"61746148113","Subscriber",,"APAC","Tnm",,,,,"True",""
"Activated",,"0e2782cb-987c-4ca1-916d-b53c9ed6eb61","APAC-AU-ALL-QLD_CH",,"61746148114","Subscriber",,"APAC","Tnm",,,,,"True",""
"Activated",,"0e2782cb-987c-4ca1-916d-b53c9ed6eb61","APAC-AU-ALL-QLD_CH",,"61746148115","Subscriber",,"APAC","Tnm",,,,,"True",""
"Activated",,"0e2782cb-987c-4ca1-916d-b53c9ed6eb61","APAC-AU-ALL-QLD_CH",,"61746148116","Subscriber",,"APAC","Tnm",,,,,"True",""
"Activated",,"0e2782cb-987c-4ca1-916d-b53c9ed6eb61","APAC-AU-ALL-QLD_CH",,"61746148117","Subscriber",,"APAC","Tnm",,,,,"True",""
"Activated",,"0e2782cb-987c-4ca1-916d-b53c9ed6eb61","APAC-AU-ALL-QLD_CH",,"61746148118","Subscriber",,"APAC","Tnm",,,,,"True",""
"Activated",,"0e2782cb-987c-4ca1-916d-b53c9ed6eb61","APAC-AU-ALL-QLD_CH",,"61746148119","Subscriber",,"APAC","Tnm",,,,,"True",""
"Activated",,"0e2782cb-987c-4ca1-916d-b53c9ed6eb61","APAC-AU-ALL-QLD_CH",,"61746148120","Subscriber",,"APAC","Tnm",,,,,"True",""
"Activated",,"0e2782cb-987c-4ca1-916d-b53c9ed6eb61","APAC-AU-ALL-QLD_CH",,"61746148121","Subscriber",,"APAC","Tnm",,,,,"True",""
"Activated",,"0e2782cb-987c-4ca1-916d-b53c9ed6eb61","APAC-AU-ALL-QLD_CH",,"61746148122","Subscriber",,"APAC","Tnm",,,,,"True",""
"Activated",,"0e2782cb-987c-4ca1-916d-b53c9ed6eb61","APAC-AU-ALL-QLD_CH",,"61746148123","Subscriber",,"APAC","Tnm",,,,,"True",""
"Activated",,"0e2782cb-987c-4ca1-916d-b53c9ed6eb61","APAC-AU-ALL-QLD_CH",,"61746148124","Subscriber",,"APAC","Tnm",,,,,"True",""
"Activated",,"0e2782cb-987c-4ca1-916d-b53c9ed6eb61","APAC-AU-ALL-QLD_CH",,"61746148125","Subscriber",,"APAC","Tnm",,,,,"True",""
"Activated",,"0e2782cb-987c-4ca1-916d-b53c9ed6eb61","APAC-AU-ALL-QLD_CH",,"61746148126","Subscriber",,"APAC","Tnm",,,,,"True",""
"Activated",,"0e2782cb-987c-4ca1-916d-b53c9ed6eb61","APAC-AU-ALL-QLD_CH",,"61746148127","Subscriber",,"APAC","Tnm",,,,,"True",""
"Activated",,"0e2782cb-987c-4ca1-916d-b53c9ed6eb61","APAC-AU-ALL-QLD_CH",,"61746148128","Subscriber",,"APAC","Tnm",,,,,"True",""
"Activated",,"0e2782cb-987c-4ca1-916d-b53c9ed6eb61","APAC-AU-ALL-QLD_CH",,"61746148129","Subscriber",,"APAC","Tnm",,,,,"True",""
"Activated",,"0e2782cb-987c-4ca1-916d-b53c9ed6eb61","APAC-AU-ALL-QLD_CH",,"61746148130","Subscriber",,"APAC","Tnm",,,,,"True",""
"Activated",,"0e2782cb-987c-4ca1-916d-b53c9ed6eb61","APAC-AU-ALL-QLD_CH",,"61746148131","Subscriber",,"APAC","Tnm",,,,,"True",""
"Activated",,"0e2782cb-987c-4ca1-916d-b53c9ed6eb61","APAC-AU-ALL-QLD_CH",,"61746148132","Subscriber",,"APAC","Tnm",,,,,"True",""
"Activated",,"0e2782cb-987c-4ca1-916d-b53c9ed6eb61","APAC-AU-ALL-QLD_CH",,"61746148133","Subscriber",,"APAC","Tnm",,,,,"True",""
"Activated",,"0e2782cb-987c-4ca1-916d-b53c9ed6eb61","APAC-AU-ALL-QLD_CH",,"61746148134","Subscriber",,"APAC","Tnm",,,,,"True",""
"Activated",,"0e2782cb-987c-4ca1-916d-b53c9ed6eb61","APAC-AU-ALL-QLD_CH",,"61746148135","Subscriber",,"APAC","Tnm",,,,,"True",""
"Activated",,"0e2782cb-987c-4ca1-916d-b53c9ed6eb61","APAC-AU-ALL-QLD_CH",,"61746148136","Subscriber",,"APAC","Tnm",,,,,"True",""
"Activated",,"0e2782cb-987c-4ca1-916d-b53c9ed6eb61","APAC-AU-ALL-QLD_CH",,"61746148137","Subscriber",,"APAC","Tnm",,,,,"True",""
"Activated",,"0e2782cb-987c-4ca1-916d-b53c9ed6eb61","APAC-AU-ALL-QLD_CH",,"61746148138","Subscriber",,"APAC","Tnm",,,,,"True",""
"Activated",,"0e2782cb-987c-4ca1-916d-b53c9ed6eb61","APAC-AU-ALL-QLD_CH",,"61746148139","Subscriber",,"APAC","Tnm",,,,,"True",""
"Activated",,"0e2782cb-987c-4ca1-916d-b53c9ed6eb61","APAC-AU-ALL-QLD_CH",,"61746148140","Subscriber",,"APAC","Tnm",,,,,"True",""
"Activated",,"0e2782cb-987c-4ca1-916d-b53c9ed6eb61","APAC-AU-ALL-QLD_CH",,"61746148141","Subscriber",,"APAC","Tnm",,,,,"True",""
"Activated",,"0e2782cb-987c-4ca1-916d-b53c9ed6eb61","APAC-AU-ALL-QLD_CH",,"61746148142","Subscriber",,"APAC","Tnm",,,,,"True",""
"Activated",,"0e2782cb-987c-4ca1-916d-b53c9ed6eb61","APAC-AU-ALL-QLD_CH",,"61746148143","Subscriber",,"APAC","Tnm",,,,,"True",""
"Activated",,"0e2782cb-987c-4ca1-916d-b53c9ed6eb61","APAC-AU-ALL-QLD_CH",,"61746148144","Subscriber",,"APAC","Tnm",,,,,"True",""
"Activated",,"0e2782cb-987c-4ca1-916d-b53c9ed6eb61","APAC-AU-ALL-QLD_CH",,"61746148145","Subscriber",,"APAC","Tnm",,,,,"True",""
"Activated",,"0e2782cb-987c-4ca1-916d-b53c9ed6eb61","APAC-AU-ALL-QLD_CH",,"61746148146","Subscriber",,"APAC","Tnm",,,,,"True",""
"Activated",,"0e2782cb-987c-4ca1-916d-b53c9ed6eb61","APAC-AU-ALL-QLD_CH",,"61746148147","Subscriber",,"APAC","Tnm",,,,,"True",""
"Activated",,"0e2782cb-987c-4ca1-916d-b53c9ed6eb61","APAC-AU-ALL-QLD_CH",,"61746148148","Subscriber",,"APAC","Tnm",,,,,"True",""
"Activated",,"0e2782cb-987c-4ca1-916d-b53c9ed6eb61","APAC-AU-ALL-QLD_CH",,"61746148149","Subscriber",,"APAC","Tnm",,,,,"True",""
"Activated",,"0e2782cb-987c-4ca1-916d-b53c9ed6eb61","APAC-AU-ALL-QLD_CH",,"61746148150","Subscriber",,"APAC","Tnm",,,,,"True",""
"Activated",,"0e2782cb-987c-4ca1-916d-b53c9ed6eb61","APAC-AU-ALL-QLD_CH",,"61746148151","Subscriber",,"APAC","Tnm",,,,,"True",""
"Activated",,"0e2782cb-987c-4ca1-916d-b53c9ed6eb61","APAC-AU-ALL-QLD_CH",,"61746148152","Subscriber",,"APAC","Tnm",,,,,"True",""
"Activated",,"0e2782cb-987c-4ca1-916d-b53c9ed6eb61","APAC-AU-ALL-QLD_CH",,"61746148153","Subscriber",,"APAC","Tnm",,,,,"True",""
"Activated",,"0e2782cb-987c-4ca1-916d-b53c9ed6eb61","APAC-AU-ALL-QLD_CH",,"61746148154","Subscriber",,"APAC","Tnm",,,,,"True",""
"Activated",,"0e2782cb-987c-4ca1-916d-b53c9ed6eb61","APAC-AU-ALL-QLD_CH",,"61746148155","Subscriber",,"APAC","Tnm",,,,,"True",""
"Activated",,"0e2782cb-987c-4ca1-916d-b53c9ed6eb61","APAC-AU-ALL-QLD_CH",,"61746148156","Subscriber",,"APAC","Tnm",,,,,"True",""
"Activated",,"0e2782cb-987c-4ca1-916d-b53c9ed6eb61","APAC-AU-ALL-QLD_CH",,"61746148157","Subscriber",,"APAC","Tnm",,,,,"True",""
"Activated",,"0e2782cb-987c-4ca1-916d-b53c9ed6eb61","APAC-AU-ALL-QLD_CH",,"61746148158","Subscriber",,"APAC","Tnm",,,,,"True",""
"Activated",,"0e2782cb-987c-4ca1-916d-b53c9ed6eb61","APAC-AU-ALL-QLD_CH",,"61746148159","Subscriber",,"APAC","Tnm",,,,,"True",""
"Activated",,"0e2782cb-987c-4ca1-916d-b53c9ed6eb61","APAC-AU-ALL-QLD_CH",,"61746148160","Subscriber",,"APAC","Tnm",,,,,"True",""
"Activated",,"0e2782cb-987c-4ca1-916d-b53c9ed6eb61","APAC-AU-ALL-QLD_CH",,"61746148161","Subscriber",,"APAC","Tnm",,,,,"True",""
"Activated",,"0e2782cb-987c-4ca1-916d-b53c9ed6eb61","APAC-AU-ALL-QLD_CH",,"61746148162","Subscriber",,"APAC","Tnm",,,,,"True",""
"Activated",,"0e2782cb-987c-4ca1-916d-b53c9ed6eb61","APAC-AU-ALL-QLD_CH",,"61746148163","Subscriber",,"APAC","Tnm",,,,,"True",""
"Activated",,"0e2782cb-987c-4ca1-916d-b53c9ed6eb61","APAC-AU-ALL-QLD_CH",,"61746148164","Subscriber",,"APAC","Tnm",,,,,"True",""
"Activated",,"0e2782cb-987c-4ca1-916d-b53c9ed6eb61","APAC-AU-ALL-QLD_CH",,"61746148165","Subscriber",,"APAC","Tnm",,,,,"True",""
"Activated",,"0e2782cb-987c-4ca1-916d-b53c9ed6eb61","APAC-AU-ALL-QLD_CH",,"61746148166","Subscriber",,"APAC","Tnm",,,,,"True",""
"Activated",,"0e2782cb-987c-4ca1-916d-b53c9ed6eb61","APAC-AU-ALL-QLD_CH",,"61746148167","Subscriber",,"APAC","Tnm",,,,,"True",""
"Activated",,"0e2782cb-987c-4ca1-916d-b53c9ed6eb61","APAC-AU-ALL-QLD_CH",,"61746148168","Subscriber",,"APAC","Tnm",,,,,"True",""
"Activated",,"0e2782cb-987c-4ca1-916d-b53c9ed6eb61","APAC-AU-ALL-QLD_CH",,"61746148169","Subscriber",,"APAC","Tnm",,,,,"True",""
"Activated",,"0e2782cb-987c-4ca1-916d-b53c9ed6eb61","APAC-AU-ALL-QLD_CH",,"61746148170","Subscriber",,"APAC","Tnm",,,,,"True",""
"Activated",,"0e2782cb-987c-4ca1-916d-b53c9ed6eb61","APAC-AU-ALL-QLD_CH",,"61746148171","Subscriber",,"APAC","Tnm",,,,,"True",""
"Activated",,"0e2782cb-987c-4ca1-916d-b53c9ed6eb61","APAC-AU-ALL-QLD_CH",,"61746148172","Subscriber",,"APAC","Tnm",,,,,"True",""
"Activated",,"0e2782cb-987c-4ca1-916d-b53c9ed6eb61","APAC-AU-ALL-QLD_CH",,"61746148173","Subscriber",,"APAC","Tnm",,,,,"True",""
"Activated",,"0e2782cb-987c-4ca1-916d-b53c9ed6eb61","APAC-AU-ALL-QLD_CH",,"61746148174","Subscriber",,"APAC","Tnm",,,,,"True",""
"Activated",,"0e2782cb-987c-4ca1-916d-b53c9ed6eb61","APAC-AU-ALL-QLD_CH",,"61746148175","Subscriber",,"APAC","Tnm",,,,,"True",""
"Activated",,"0e2782cb-987c-4ca1-916d-b53c9ed6eb61","APAC-AU-ALL-QLD_CH",,"61746148176","Subscriber",,"APAC","Tnm",,,,,"True",""
"Activated",,"0e2782cb-987c-4ca1-916d-b53c9ed6eb61","APAC-AU-ALL-QLD_CH",,"61746148177","Subscriber",,"APAC","Tnm",,,,,"True",""
"Activated",,"0e2782cb-987c-4ca1-916d-b53c9ed6eb61","APAC-AU-ALL-QLD_CH",,"61746148178","Subscriber",,"APAC","Tnm",,,,,"True",""
"Activated",,"0e2782cb-987c-4ca1-916d-b53c9ed6eb61","APAC-AU-ALL-QLD_CH",,"61746148179","Subscriber",,"APAC","Tnm",,,,,"True",""
"Activated",,"0e2782cb-987c-4ca1-916d-b53c9ed6eb61","APAC-AU-ALL-QLD_CH",,"61746148180","Subscriber",,"APAC","Tnm",,,,,"True",""
"Activated",,"0e2782cb-987c-4ca1-916d-b53c9ed6eb61","APAC-AU-ALL-QLD_CH",,"61746148181","Subscriber",,"APAC","Tnm",,,,,"True",""
"Activated",,"0e2782cb-987c-4ca1-916d-b53c9ed6eb61","APAC-AU-ALL-QLD_CH",,"61746148182","Subscriber",,"APAC","Tnm",,,,,"True",""
"Activated",,"0e2782cb-987c-4ca1-916d-b53c9ed6eb61","APAC-AU-ALL-QLD_CH",,"61746148183","Subscriber",,"APAC","Tnm",,,,,"True",""
"Activated",,"0e2782cb-987c-4ca1-916d-b53c9ed6eb61","APAC-AU-ALL-QLD_CH",,"61746148184","Subscriber",,"APAC","Tnm",,,,,"True",""
"Activated",,"0e2782cb-987c-4ca1-916d-b53c9ed6eb61","APAC-AU-ALL-QLD_CH",,"61746148185","Subscriber",,"APAC","Tnm",,,,,"True",""
"Activated",,"0e2782cb-987c-4ca1-916d-b53c9ed6eb61","APAC-AU-ALL-QLD_CH",,"61746148186","Subscriber",,"APAC","Tnm",,,,,"True",""
"Activated",,"0e2782cb-987c-4ca1-916d-b53c9ed6eb61","APAC-AU-ALL-QLD_CH",,"61746148187","Subscriber",,"APAC","Tnm",,,,,"True",""
"Activated",,"0e2782cb-987c-4ca1-916d-b53c9ed6eb61","APAC-AU-ALL-QLD_CH",,"61746148188","Subscriber",,"APAC","Tnm",,,,,"True",""
"Activated",,"0e2782cb-987c-4ca1-916d-b53c9ed6eb61","APAC-AU-ALL-QLD_CH",,"61746148189","Subscriber",,"APAC","Tnm",,,,,"True",""
"Activated",,"0e2782cb-987c-4ca1-916d-b53c9ed6eb61","APAC-AU-ALL-QLD_CH",,"61746148190","Subscriber",,"APAC","Tnm",,,,,"True",""
"Activated",,"0e2782cb-987c-4ca1-916d-b53c9ed6eb61","APAC-AU-ALL-QLD_CH",,"61746148191","Subscriber",,"APAC","Tnm",,,,,"True",""
"Activated",,"0e2782cb-987c-4ca1-916d-b53c9ed6eb61","APAC-AU-ALL-QLD_CH",,"61746148192","Subscriber",,"APAC","Tnm",,,,,"True",""
"Activated",,"0e2782cb-987c-4ca1-916d-b53c9ed6eb61","APAC-AU-ALL-QLD_CH",,"61746148193","Subscriber",,"APAC","Tnm",,,,,"True",""
"Activated",,"0e2782cb-987c-4ca1-916d-b53c9ed6eb61","APAC-AU-ALL-QLD_CH",,"61746148194","Subscriber",,"APAC","Tnm",,,,,"True",""
"Activated",,"0e2782cb-987c-4ca1-916d-b53c9ed6eb61","APAC-AU-ALL-QLD_CH",,"61746148195","Subscriber",,"APAC","Tnm",,,,,"True",""
"Activated",,"0e2782cb-987c-4ca1-916d-b53c9ed6eb61","APAC-AU-ALL-QLD_CH",,"61746148196","Subscriber",,"APAC","Tnm",,,,,"True",""
"Activated",,"0e2782cb-987c-4ca1-916d-b53c9ed6eb61","APAC-AU-ALL-QLD_CH",,"61746148197","Subscriber",,"APAC","Tnm",,,,,"True",""
"Activated",,"0e2782cb-987c-4ca1-916d-b53c9ed6eb61","APAC-AU-ALL-QLD_CH",,"61746148198","Subscriber",,"APAC","Tnm",,,,,"True",""
"Activated",,"0e2782cb-987c-4ca1-916d-b53c9ed6eb61","APAC-AU-ALL-QLD_CH",,"61746148199","Subscriber",,"APAC","Tnm",,,,,"True",""
"Activated",,"0e2782cb-987c-4ca1-916d-b53c9ed6eb61","APAC-AU-ALL-QLD_CH","NGC-Bot","61746304207","Service",,"APAC","Tnm","ucap",,,,"True",""
"Activated",,"0e2782cb-987c-4ca1-916d-b53c9ed6eb61","APAC-AU-ALL-QLD_CH",,"61746304315","Service",,"APAC","Tnm",,,,,"True",""
"Activated",,"0e2782cb-987c-4ca1-916d-b53c9ed6eb61","APAC-AU-ALL-QLD_CH",,"61746304404","Service",,"APAC","Tnm",,,,,"True",""
"Activated",,"0e2782cb-987c-4ca1-916d-b53c9ed6eb61","APAC-AU-ALL-QLD_CH",,"61746304451","Service",,"APAC","Tnm",,,,,"True",""
"Activated",,"0e2782cb-987c-4ca1-916d-b53c9ed6eb61","APAC-AU-ALL-QLD_CH",,"61746304504","Subscriber",,"APAC","Tnm",,,,,"True",""
"Activated",,"0e2782cb-987c-4ca1-916d-b53c9ed6eb61","APAC-AU-ALL-QLD_CH",,"61746304550","Subscriber",,"APAC","Tnm",,,,,"True",""
"Activated",,"0e2782cb-987c-4ca1-916d-b53c9ed6eb61","APAC-AU-ALL-QLD_CH",,"61746990846","Subscriber",,"APAC","Tnm",,,,,"True",""
"Activated",,"0e2782cb-987c-4ca1-916d-b53c9ed6eb61","APAC-AU-ALL-QLD_CH",,"61746990874","Subscriber",,"APAC","Tnm",,,,,"True",""
"Activated",,"0e2782cb-987c-4ca1-916d-b53c9ed6eb61","APAC-AU-ALL-QLD_CH",,"61746990883","Subscriber",,"APAC","Tnm",,,,,"True",""
"Activated",,"0e2782cb-987c-4ca1-916d-b53c9ed6eb61","APAC-AU-ALL-QLD_CH",,"61746990892","Subscriber",,"APAC","Tnm",,,,,"True",""
"Activated",,"0e2782cb-987c-4ca1-916d-b53c9ed6eb61","APAC-AU-ALL-QLD_BI","AutoAttendant","61748987000","Service",,"APAC","Tnm","ucap",,,,"True",""
"Activated",,"0e2782cb-987c-4ca1-916d-b53c9ed6eb61","APAC-AU-ALL-QLD_BI",,"61748987001","Subscriber",,"APAC","Tnm","user",,,,"True",""
"Activated",,"0e2782cb-987c-4ca1-916d-b53c9ed6eb61","APAC-AU-ALL-QLD_BI",,"61748987002","Subscriber",,"APAC","Tnm",,,,,"True",""
"Activated",,"0e2782cb-987c-4ca1-916d-b53c9ed6eb61","APAC-AU-ALL-QLD_BI",,"61748987003","Subscriber",,"APAC","Tnm",,,,,"True",""
"Activated",,"0e2782cb-987c-4ca1-916d-b53c9ed6eb61","APAC-AU-ALL-QLD_BI",,"61748987004","Subscriber",,"APAC","Tnm",,,,,"True",""
"Activated",,"0e2782cb-987c-4ca1-916d-b53c9ed6eb61","APAC-AU-ALL-QLD_BI",,"61748987005","Subscriber",,"APAC","Tnm",,,,,"True",""
"Activated",,"0e2782cb-987c-4ca1-916d-b53c9ed6eb61","APAC-AU-ALL-QLD_BI",,"61748987006","Subscriber",,"APAC","Tnm",,,,,"True",""
"Activated",,"0e2782cb-987c-4ca1-916d-b53c9ed6eb61","APAC-AU-ALL-QLD_BI",,"61748987007","Subscriber",,"APAC","Tnm",,,,,"True",""
"Activated",,"0e2782cb-987c-4ca1-916d-b53c9ed6eb61","APAC-AU-ALL-QLD_BI",,"61748987008","Subscriber",,"APAC","Tnm",,,,,"True",""
"Activated",,"0e2782cb-987c-4ca1-916d-b53c9ed6eb61","APAC-AU-ALL-QLD_BI",,"61748987009","Subscriber",,"APAC","Tnm",,,,,"True",""
"Activated",,"0e2782cb-987c-4ca1-916d-b53c9ed6eb61","APAC-AU-ALL-QLD_BI",,"61748987010","Subscriber",,"APAC","Tnm",,,,,"True",""
"Activated",,"0e2782cb-987c-4ca1-916d-b53c9ed6eb61","APAC-AU-ALL-QLD_BI",,"61748987011","Subscriber",,"APAC","Tnm",,,,,"True",""
"Activated",,"0e2782cb-987c-4ca1-916d-b53c9ed6eb61","APAC-AU-ALL-QLD_BI",,"61748987012","Subscriber",,"APAC","Tnm",,,,,"True",""
"Activated",,"0e2782cb-987c-4ca1-916d-b53c9ed6eb61","APAC-AU-ALL-QLD_BI",,"61748987013","Subscriber",,"APAC","Tnm",,,,,"True",""
"Activated",,"0e2782cb-987c-4ca1-916d-b53c9ed6eb61","APAC-AU-ALL-QLD_BI",,"61748987014","Subscriber",,"APAC","Tnm",,,,,"True",""
"Activated",,"0e2782cb-987c-4ca1-916d-b53c9ed6eb61","APAC-AU-ALL-QLD_BI",,"61748987015","Subscriber",,"APAC","Tnm",,,,,"True",""
"Activated",,"0e2782cb-987c-4ca1-916d-b53c9ed6eb61","APAC-AU-ALL-QLD_BI",,"61748987016","Subscriber",,"APAC","Tnm",,,,,"True",""
"Activated",,"0e2782cb-987c-4ca1-916d-b53c9ed6eb61","APAC-AU-ALL-QLD_BI",,"61748987017","Subscriber",,"APAC","Tnm",,,,,"True",""
"Activated",,"0e2782cb-987c-4ca1-916d-b53c9ed6eb61","APAC-AU-ALL-QLD_BI",,"61748987018","Subscriber",,"APAC","Tnm",,,,,"True",""
"Activated",,"0e2782cb-987c-4ca1-916d-b53c9ed6eb61","APAC-AU-ALL-QLD_BI",,"61748987019","Subscriber",,"APAC","Tnm",,,,,"True",""
"Activated",,"0e2782cb-987c-4ca1-916d-b53c9ed6eb61","APAC-AU-ALL-QLD_BI",,"61748987020","Subscriber",,"APAC","Tnm",,,,,"True",""
"Activated",,"0e2782cb-987c-4ca1-916d-b53c9ed6eb61","APAC-AU-ALL-QLD_BI",,"61748987021","Subscriber",,"APAC","Tnm",,,,,"True",""
"Activated",,"0e2782cb-987c-4ca1-916d-b53c9ed6eb61","APAC-AU-ALL-QLD_BI",,"61748987022","Subscriber",,"APAC","Tnm",,,,,"True",""
"Activated",,"0e2782cb-987c-4ca1-916d-b53c9ed6eb61","APAC-AU-ALL-QLD_BI",,"61748987023","Subscriber",,"APAC","Tnm",,,,,"True",""
"Activated",,"0e2782cb-987c-4ca1-916d-b53c9ed6eb61","APAC-AU-ALL-QLD_BI",,"61748987024","Subscriber",,"APAC","Tnm",,,,,"True",""
"Activated",,"0e2782cb-987c-4ca1-916d-b53c9ed6eb61","APAC-AU-ALL-QLD_BI",,"61748987025","Subscriber",,"APAC","Tnm",,,,,"True",""
"Activated",,"0e2782cb-987c-4ca1-916d-b53c9ed6eb61","APAC-AU-ALL-QLD_BI",,"61748987026","Subscriber",,"APAC","Tnm",,,,,"True",""
"Activated",,"0e2782cb-987c-4ca1-916d-b53c9ed6eb61","APAC-AU-ALL-QLD_BI",,"61748987027","Subscriber",,"APAC","Tnm",,,,,"True",""
"Activated",,"0e2782cb-987c-4ca1-916d-b53c9ed6eb61","APAC-AU-ALL-QLD_BI",,"61748987028","Subscriber",,"APAC","Tnm",,,,,"True",""
"Activated",,"0e2782cb-987c-4ca1-916d-b53c9ed6eb61","APAC-AU-ALL-QLD_BI",,"61748987029","Subscriber",,"APAC","Tnm",,,,,"True",""
"Activated",,"0e2782cb-987c-4ca1-916d-b53c9ed6eb61","APAC-AU-ALL-QLD_BI",,"61748987030","Subscriber",,"APAC","Tnm",,,,,"True",""
"Activated",,"0e2782cb-987c-4ca1-916d-b53c9ed6eb61","APAC-AU-ALL-QLD_BI",,"61748987031","Subscriber",,"APAC","Tnm",,,,,"True",""
"Activated",,"0e2782cb-987c-4ca1-916d-b53c9ed6eb61","APAC-AU-ALL-QLD_BI",,"61748987032","Subscriber",,"APAC","Tnm",,,,,"True",""
"Activated",,"0e2782cb-987c-4ca1-916d-b53c9ed6eb61","APAC-AU-ALL-QLD_BI",,"61748987033","Subscriber",,"APAC","Tnm",,,,,"True",""
"Activated",,"0e2782cb-987c-4ca1-916d-b53c9ed6eb61","APAC-AU-ALL-QLD_BI",,"61748987034","Subscriber",,"APAC","Tnm",,,,,"True",""
"Activated",,"0e2782cb-987c-4ca1-916d-b53c9ed6eb61","APAC-AU-ALL-QLD_BI",,"61748987035","Subscriber",,"APAC","Tnm",,,,,"True",""
"Activated",,"0e2782cb-987c-4ca1-916d-b53c9ed6eb61","APAC-AU-ALL-QLD_BI",,"61748987036","Subscriber",,"APAC","Tnm",,,,,"True",""
"Activated",,"0e2782cb-987c-4ca1-916d-b53c9ed6eb61","APAC-AU-ALL-QLD_BI",,"61748987037","Subscriber",,"APAC","Tnm",,,,,"True",""
"Activated",,"0e2782cb-987c-4ca1-916d-b53c9ed6eb61","APAC-AU-ALL-QLD_BI",,"61748987038","Subscriber",,"APAC","Tnm",,,,,"True",""
"Activated",,"0e2782cb-987c-4ca1-916d-b53c9ed6eb61","APAC-AU-ALL-QLD_BI",,"61748987039","Subscriber",,"APAC","Tnm",,,,,"True",""
"Activated",,"0e2782cb-987c-4ca1-916d-b53c9ed6eb61","APAC-AU-ALL-QLD_BI",,"61748987040","Subscriber",,"APAC","Tnm",,,,,"True",""
"Activated",,"0e2782cb-987c-4ca1-916d-b53c9ed6eb61","APAC-AU-ALL-QLD_BI",,"61748987041","Subscriber",,"APAC","Tnm",,,,,"True",""
"Activated",,"0e2782cb-987c-4ca1-916d-b53c9ed6eb61","APAC-AU-ALL-QLD_BI",,"61748987042","Subscriber",,"APAC","Tnm",,,,,"True",""
"Activated",,"0e2782cb-987c-4ca1-916d-b53c9ed6eb61","APAC-AU-ALL-QLD_BI",,"61748987043","Subscriber",,"APAC","Tnm",,,,,"True",""
"Activated",,"0e2782cb-987c-4ca1-916d-b53c9ed6eb61","APAC-AU-ALL-QLD_BI",,"61748987044","Subscriber",,"APAC","Tnm",,,,,"True",""
"Activated",,"0e2782cb-987c-4ca1-916d-b53c9ed6eb61","APAC-AU-ALL-QLD_BI",,"61748987045","Subscriber",,"APAC","Tnm",,,,,"True",""
"Activated",,"0e2782cb-987c-4ca1-916d-b53c9ed6eb61","APAC-AU-ALL-QLD_BI",,"61748987046","Subscriber",,"APAC","Tnm",,,,,"True",""
"Activated",,"0e2782cb-987c-4ca1-916d-b53c9ed6eb61","APAC-AU-ALL-QLD_BI",,"61748987047","Subscriber",,"APAC","Tnm",,,,,"True",""
"Activated",,"0e2782cb-987c-4ca1-916d-b53c9ed6eb61","APAC-AU-ALL-QLD_BI",,"61748987048","Subscriber",,"APAC","Tnm",,,,,"True",""
"Activated",,"0e2782cb-987c-4ca1-916d-b53c9ed6eb61","APAC-AU-ALL-QLD_BI",,"61748987049","Subscriber",,"APAC","Tnm",,,,,"True",""
"Activated",,"0e2782cb-987c-4ca1-916d-b53c9ed6eb61","APAC-AU-ALL-QLD_BI",,"61748987050","Subscriber",,"APAC","Tnm",,,,,"True",""
"Activated",,"0e2782cb-987c-4ca1-916d-b53c9ed6eb61","APAC-AU-ALL-QLD_BI",,"61748987051","Subscriber",,"APAC","Tnm",,,,,"True",""
"Activated",,"0e2782cb-987c-4ca1-916d-b53c9ed6eb61","APAC-AU-ALL-QLD_BI",,"61748987052","Subscriber",,"APAC","Tnm",,,,,"True",""
"Activated",,"0e2782cb-987c-4ca1-916d-b53c9ed6eb61","APAC-AU-ALL-QLD_BI",,"61748987053","Subscriber",,"APAC","Tnm",,,,,"True",""
"Activated",,"0e2782cb-987c-4ca1-916d-b53c9ed6eb61","APAC-AU-ALL-QLD_BI",,"61748987054","Subscriber",,"APAC","Tnm",,,,,"True",""
"Activated",,"0e2782cb-987c-4ca1-916d-b53c9ed6eb61","APAC-AU-ALL-QLD_BI",,"61748987055","Subscriber",,"APAC","Tnm",,,,,"True",""
"Activated",,"0e2782cb-987c-4ca1-916d-b53c9ed6eb61","APAC-AU-ALL-QLD_BI",,"61748987056","Subscriber",,"APAC","Tnm",,,,,"True",""
"Activated",,"0e2782cb-987c-4ca1-916d-b53c9ed6eb61","APAC-AU-ALL-QLD_BI",,"61748987057","Subscriber",,"APAC","Tnm",,,,,"True",""
"Activated",,"0e2782cb-987c-4ca1-916d-b53c9ed6eb61","APAC-AU-ALL-QLD_BI",,"61748987058","Subscriber",,"APAC","Tnm",,,,,"True",""
"Activated",,"0e2782cb-987c-4ca1-916d-b53c9ed6eb61","APAC-AU-ALL-QLD_BI",,"61748987059","Subscriber",,"APAC","Tnm",,,,,"True",""
"Activated",,"0e2782cb-987c-4ca1-916d-b53c9ed6eb61","APAC-AU-ALL-QLD_BI",,"61748987060","Subscriber",,"APAC","Tnm",,,,,"True",""
"Activated",,"0e2782cb-987c-4ca1-916d-b53c9ed6eb61","APAC-AU-ALL-QLD_BI",,"61748987061","Subscriber",,"APAC","Tnm",,,,,"True",""
"Activated",,"0e2782cb-987c-4ca1-916d-b53c9ed6eb61","APAC-AU-ALL-QLD_BI",,"61748987062","Subscriber",,"APAC","Tnm",,,,,"True",""
"Activated",,"0e2782cb-987c-4ca1-916d-b53c9ed6eb61","APAC-AU-ALL-QLD_BI",,"61748987063","Subscriber",,"APAC","Tnm",,,,,"True",""
"Activated",,"0e2782cb-987c-4ca1-916d-b53c9ed6eb61","APAC-AU-ALL-QLD_BI",,"61748987064","Subscriber",,"APAC","Tnm",,,,,"True",""
"Activated",,"0e2782cb-987c-4ca1-916d-b53c9ed6eb61","APAC-AU-ALL-QLD_BI",,"61748987065","Subscriber",,"APAC","Tnm",,,,,"True",""
"Activated",,"0e2782cb-987c-4ca1-916d-b53c9ed6eb61","APAC-AU-ALL-QLD_BI",,"61748987066","Subscriber",,"APAC","Tnm",,,,,"True",""
"Activated",,"0e2782cb-987c-4ca1-916d-b53c9ed6eb61","APAC-AU-ALL-QLD_BI",,"61748987067","Subscriber",,"APAC","Tnm",,,,,"True",""
"Activated",,"0e2782cb-987c-4ca1-916d-b53c9ed6eb61","APAC-AU-ALL-QLD_BI",,"61748987068","Subscriber",,"APAC","Tnm",,,,,"True",""
"Activated",,"0e2782cb-987c-4ca1-916d-b53c9ed6eb61","APAC-AU-ALL-QLD_BI",,"61748987069","Subscriber",,"APAC","Tnm",,,,,"True",""
"Activated",,"0e2782cb-987c-4ca1-916d-b53c9ed6eb61","APAC-AU-ALL-QLD_BI",,"61748987070","Subscriber",,"APAC","Tnm",,,,,"True",""
"Activated",,"0e2782cb-987c-4ca1-916d-b53c9ed6eb61","APAC-AU-ALL-QLD_BI",,"61748987071","Subscriber",,"APAC","Tnm",,,,,"True",""
"Activated",,"0e2782cb-987c-4ca1-916d-b53c9ed6eb61","APAC-AU-ALL-QLD_BI",,"61748987072","Subscriber",,"APAC","Tnm",,,,,"True",""
"Activated",,"0e2782cb-987c-4ca1-916d-b53c9ed6eb61","APAC-AU-ALL-QLD_BI",,"61748987073","Subscriber",,"APAC","Tnm",,,,,"True",""
"Activated",,"0e2782cb-987c-4ca1-916d-b53c9ed6eb61","APAC-AU-ALL-QLD_BI",,"61748987074","Subscriber",,"APAC","Tnm",,,,,"True",""
"Activated",,"0e2782cb-987c-4ca1-916d-b53c9ed6eb61","APAC-AU-ALL-QLD_BI",,"61748987075","Subscriber",,"APAC","Tnm",,,,,"True",""
"Activated",,"0e2782cb-987c-4ca1-916d-b53c9ed6eb61","APAC-AU-ALL-QLD_BI",,"61748987076","Subscriber",,"APAC","Tnm",,,,,"True",""
"Activated",,"0e2782cb-987c-4ca1-916d-b53c9ed6eb61","APAC-AU-ALL-QLD_BI",,"61748987077","Subscriber",,"APAC","Tnm",,,,,"True",""
"Activated",,"0e2782cb-987c-4ca1-916d-b53c9ed6eb61","APAC-AU-ALL-QLD_BI",,"61748987078","Subscriber",,"APAC","Tnm",,,,,"True",""
"Activated",,"0e2782cb-987c-4ca1-916d-b53c9ed6eb61","APAC-AU-ALL-QLD_BI",,"61748987079","Subscriber",,"APAC","Tnm",,,,,"True",""
"Activated",,"0e2782cb-987c-4ca1-916d-b53c9ed6eb61","APAC-AU-ALL-QLD_BI",,"61748987080","Subscriber",,"APAC","Tnm",,,,,"True",""
"Activated",,"0e2782cb-987c-4ca1-916d-b53c9ed6eb61","APAC-AU-ALL-QLD_BI",,"61748987081","Subscriber",,"APAC","Tnm",,,,,"True",""
"Activated",,"0e2782cb-987c-4ca1-916d-b53c9ed6eb61","APAC-AU-ALL-QLD_BI",,"61748987082","Subscriber",,"APAC","Tnm",,,,,"True",""
"Activated",,"0e2782cb-987c-4ca1-916d-b53c9ed6eb61","APAC-AU-ALL-QLD_BI",,"61748987083","Subscriber",,"APAC","Tnm",,,,,"True",""
"Activated",,"0e2782cb-987c-4ca1-916d-b53c9ed6eb61","APAC-AU-ALL-QLD_BI",,"61748987084","Subscriber",,"APAC","Tnm",,,,,"True",""
"Activated",,"0e2782cb-987c-4ca1-916d-b53c9ed6eb61","APAC-AU-ALL-QLD_BI",,"61748987085","Subscriber",,"APAC","Tnm",,,,,"True",""
"Activated",,"0e2782cb-987c-4ca1-916d-b53c9ed6eb61","APAC-AU-ALL-QLD_BI",,"61748987086","Subscriber",,"APAC","Tnm",,,,,"True",""
"Activated",,"0e2782cb-987c-4ca1-916d-b53c9ed6eb61","APAC-AU-ALL-QLD_BI",,"61748987087","Subscriber",,"APAC","Tnm",,,,,"True",""
"Activated",,"0e2782cb-987c-4ca1-916d-b53c9ed6eb61","APAC-AU-ALL-QLD_BI",,"61748987088","Subscriber",,"APAC","Tnm",,,,,"True",""
"Activated",,"0e2782cb-987c-4ca1-916d-b53c9ed6eb61","APAC-AU-ALL-QLD_BI",,"61748987089","Subscriber",,"APAC","Tnm",,,,,"True",""
"Activated",,"0e2782cb-987c-4ca1-916d-b53c9ed6eb61","APAC-AU-ALL-QLD_BI",,"61748987090","Subscriber",,"APAC","Tnm",,,,,"True",""
"Activated",,"0e2782cb-987c-4ca1-916d-b53c9ed6eb61","APAC-AU-ALL-QLD_BI",,"61748987091","Subscriber",,"APAC","Tnm",,,,,"True",""
"Activated",,"0e2782cb-987c-4ca1-916d-b53c9ed6eb61","APAC-AU-ALL-QLD_BI",,"61748987092","Subscriber",,"APAC","Tnm",,,,,"True",""
"Activated",,"0e2782cb-987c-4ca1-916d-b53c9ed6eb61","APAC-AU-ALL-QLD_BI",,"61748987093","Subscriber",,"APAC","Tnm",,,,,"True",""
"Activated",,"0e2782cb-987c-4ca1-916d-b53c9ed6eb61","APAC-AU-ALL-QLD_BI",,"61748987094","Subscriber",,"APAC","Tnm",,,,,"True",""
"Activated",,"0e2782cb-987c-4ca1-916d-b53c9ed6eb61","APAC-AU-ALL-QLD_BI",,"61748987095","Subscriber",,"APAC","Tnm",,,,,"True",""
"Activated",,"0e2782cb-987c-4ca1-916d-b53c9ed6eb61","APAC-AU-ALL-QLD_BI",,"61748987096","Subscriber",,"APAC","Tnm",,,,,"True",""
"Activated",,"0e2782cb-987c-4ca1-916d-b53c9ed6eb61","APAC-AU-ALL-QLD_BI",,"61748987097","Subscriber",,"APAC","Tnm",,,,,"True",""
"Activated",,"0e2782cb-987c-4ca1-916d-b53c9ed6eb61","APAC-AU-ALL-QLD_BI",,"61748987098","Subscriber",,"APAC","Tnm",,,,,"True",""
"Activated",,"0e2782cb-987c-4ca1-916d-b53c9ed6eb61","APAC-AU-ALL-QLD_BI",,"61748987099","Subscriber",,"APAC","Tnm",,,,,"True",""
"Activated",,"0e2782cb-987c-4ca1-916d-b53c9ed6eb61","APAC-AU-ALL-QLD_BI","NGC-Bot","61749521887","Service",,"APAC","Tnm","ucap",,,,"True",""
"Activated",,"0e2782cb-987c-4ca1-916d-b53c9ed6eb61","APAC-AU-ALL-QLD_BI",,"61749522298","Service",,"APAC","Tnm",,,,,"True",""
"Activated",,"0e2782cb-987c-4ca1-916d-b53c9ed6eb61","APAC-AU-ALL-QLD_BI",,"61749522440","Service",,"APAC","Tnm",,,,,"True",""
"Activated",,"0e2782cb-987c-4ca1-916d-b53c9ed6eb61","APAC-AU-ALL-QLD_BI",,"61749522894","Service",,"APAC","Tnm",,,,,"True",""
"Activated",,"0e2782cb-987c-4ca1-916d-b53c9ed6eb61","APAC-AU-ALL-QLD_BI",,"61749523232","Subscriber",,"APAC","Tnm",,,,,"True",""
"Activated",,"0e2782cb-987c-4ca1-916d-b53c9ed6eb61","APAC-AU-ALL-QLD_BI",,"61749523279","Subscriber",,"APAC","Tnm",,,,,"True",""
"Activated",,"0e2782cb-987c-4ca1-916d-b53c9ed6eb61","APAC-AU-ALL-QLD_BI",,"61749524957","Subscriber",,"APAC","Tnm",,,,,"True",""
"Activated",,"0e2782cb-987c-4ca1-916d-b53c9ed6eb61","APAC-AU-ALL-QLD_BI",,"61749525718","Subscriber",,"APAC","Tnm",,,,,"True",""
"Activated",,"0e2782cb-987c-4ca1-916d-b53c9ed6eb61","APAC-AU-ALL-QLD_BI",,"61749525767","Subscriber",,"APAC","Tnm",,,,,"True",""
"Activated",,"0e2782cb-987c-4ca1-916d-b53c9ed6eb61","APAC-AU-ALL-QLD_BI",,"61749525857","Subscriber",,"APAC","Tnm",,,,,"True",""
"Activated",,"0e2782cb-987c-4ca1-916d-b53c9ed6eb61","APAC-AU-ALL-QLD_SC","NGC-Bot","61754280182","Service",,"APAC","Tnm","ucap",,,,"True",""
"Activated",,"0e2782cb-987c-4ca1-916d-b53c9ed6eb61","APAC-AU-ALL-QLD_SC",,"61754280272","Service",,"APAC","Tnm",,,,,"True",""
"Activated",,"0e2782cb-987c-4ca1-916d-b53c9ed6eb61","APAC-AU-ALL-QLD_SC",,"61754282045","Service",,"APAC","Tnm",,,,,"True",""
"Activated",,"0e2782cb-987c-4ca1-916d-b53c9ed6eb61","APAC-AU-ALL-QLD_SC","AutoAttendant","61754320300","Service",,"APAC","Tnm","ucap",,,,"True",""
"Activated",,"0e2782cb-987c-4ca1-916d-b53c9ed6eb61","APAC-AU-ALL-QLD_SC",,"61754320301","Subscriber",,"APAC","Tnm","user",,,,"True",""
"Activated",,"0e2782cb-987c-4ca1-916d-b53c9ed6eb61","APAC-AU-ALL-QLD_SC",,"61754320302","Subscriber",,"APAC","Tnm",,,,,"True",""
"Activated",,"0e2782cb-987c-4ca1-916d-b53c9ed6eb61","APAC-AU-ALL-QLD_SC",,"61754320303","Subscriber",,"APAC","Tnm",,,,,"True",""
"Activated",,"0e2782cb-987c-4ca1-916d-b53c9ed6eb61","APAC-AU-ALL-QLD_SC",,"61754320304","Subscriber",,"APAC","Tnm",,,,,"True",""
"Activated",,"0e2782cb-987c-4ca1-916d-b53c9ed6eb61","APAC-AU-ALL-QLD_SC",,"61754320305","Subscriber",,"APAC","Tnm",,,,,"True",""
"Activated",,"0e2782cb-987c-4ca1-916d-b53c9ed6eb61","APAC-AU-ALL-QLD_SC",,"61754320306","Subscriber",,"APAC","Tnm",,,,,"True",""
"Activated",,"0e2782cb-987c-4ca1-916d-b53c9ed6eb61","APAC-AU-ALL-QLD_SC",,"61754320307","Subscriber",,"APAC","Tnm",,,,,"True",""
"Activated",,"0e2782cb-987c-4ca1-916d-b53c9ed6eb61","APAC-AU-ALL-QLD_SC",,"61754320308","Subscriber",,"APAC","Tnm",,,,,"True",""
"Activated",,"0e2782cb-987c-4ca1-916d-b53c9ed6eb61","APAC-AU-ALL-QLD_SC",,"61754320309","Subscriber",,"APAC","Tnm",,,,,"True",""
"Activated",,"0e2782cb-987c-4ca1-916d-b53c9ed6eb61","APAC-AU-ALL-QLD_SC",,"61754320310","Subscriber",,"APAC","Tnm",,,,,"True",""
"Activated",,"0e2782cb-987c-4ca1-916d-b53c9ed6eb61","APAC-AU-ALL-QLD_SC",,"61754320311","Subscriber",,"APAC","Tnm",,,,,"True",""
"Activated",,"0e2782cb-987c-4ca1-916d-b53c9ed6eb61","APAC-AU-ALL-QLD_SC",,"61754320312","Subscriber",,"APAC","Tnm",,,,,"True",""
"Activated",,"0e2782cb-987c-4ca1-916d-b53c9ed6eb61","APAC-AU-ALL-QLD_SC",,"61754320313","Subscriber",,"APAC","Tnm",,,,,"True",""
"Activated",,"0e2782cb-987c-4ca1-916d-b53c9ed6eb61","APAC-AU-ALL-QLD_SC",,"61754320314","Subscriber",,"APAC","Tnm",,,,,"True",""
"Activated",,"0e2782cb-987c-4ca1-916d-b53c9ed6eb61","APAC-AU-ALL-QLD_SC",,"61754320315","Subscriber",,"APAC","Tnm",,,,,"True",""
"Activated",,"0e2782cb-987c-4ca1-916d-b53c9ed6eb61","APAC-AU-ALL-QLD_SC",,"61754320316","Subscriber",,"APAC","Tnm",,,,,"True",""
"Activated",,"0e2782cb-987c-4ca1-916d-b53c9ed6eb61","APAC-AU-ALL-QLD_SC",,"61754320317","Subscriber",,"APAC","Tnm",,,,,"True",""
"Activated",,"0e2782cb-987c-4ca1-916d-b53c9ed6eb61","APAC-AU-ALL-QLD_SC",,"61754320318","Subscriber",,"APAC","Tnm",,,,,"True",""
"Activated",,"0e2782cb-987c-4ca1-916d-b53c9ed6eb61","APAC-AU-ALL-QLD_SC",,"61754320319","Subscriber",,"APAC","Tnm",,,,,"True",""
"Activated",,"0e2782cb-987c-4ca1-916d-b53c9ed6eb61","APAC-AU-ALL-QLD_SC",,"61754320320","Subscriber",,"APAC","Tnm",,,,,"True",""
"Activated",,"0e2782cb-987c-4ca1-916d-b53c9ed6eb61","APAC-AU-ALL-QLD_SC",,"61754320321","Subscriber",,"APAC","Tnm",,,,,"True",""
"Activated",,"0e2782cb-987c-4ca1-916d-b53c9ed6eb61","APAC-AU-ALL-QLD_SC",,"61754320322","Subscriber",,"APAC","Tnm",,,,,"True",""
"Activated",,"0e2782cb-987c-4ca1-916d-b53c9ed6eb61","APAC-AU-ALL-QLD_SC",,"61754320323","Subscriber",,"APAC","Tnm",,,,,"True",""
"Activated",,"0e2782cb-987c-4ca1-916d-b53c9ed6eb61","APAC-AU-ALL-QLD_SC",,"61754320324","Subscriber",,"APAC","Tnm",,,,,"True",""
"Activated",,"0e2782cb-987c-4ca1-916d-b53c9ed6eb61","APAC-AU-ALL-QLD_SC",,"61754320325","Subscriber",,"APAC","Tnm",,,,,"True",""
"Activated",,"0e2782cb-987c-4ca1-916d-b53c9ed6eb61","APAC-AU-ALL-QLD_SC",,"61754320326","Subscriber",,"APAC","Tnm",,,,,"True",""
"Activated",,"0e2782cb-987c-4ca1-916d-b53c9ed6eb61","APAC-AU-ALL-QLD_SC",,"61754320327","Subscriber",,"APAC","Tnm",,,,,"True",""
"Activated",,"0e2782cb-987c-4ca1-916d-b53c9ed6eb61","APAC-AU-ALL-QLD_SC",,"61754320328","Subscriber",,"APAC","Tnm",,,,,"True",""
"Activated",,"0e2782cb-987c-4ca1-916d-b53c9ed6eb61","APAC-AU-ALL-QLD_SC",,"61754320329","Subscriber",,"APAC","Tnm",,,,,"True",""
"Activated",,"0e2782cb-987c-4ca1-916d-b53c9ed6eb61","APAC-AU-ALL-QLD_SC",,"61754320330","Subscriber",,"APAC","Tnm",,,,,"True",""
"Activated",,"0e2782cb-987c-4ca1-916d-b53c9ed6eb61","APAC-AU-ALL-QLD_SC",,"61754320331","Subscriber",,"APAC","Tnm",,,,,"True",""
"Activated",,"0e2782cb-987c-4ca1-916d-b53c9ed6eb61","APAC-AU-ALL-QLD_SC",,"61754320332","Subscriber",,"APAC","Tnm",,,,,"True",""
"Activated",,"0e2782cb-987c-4ca1-916d-b53c9ed6eb61","APAC-AU-ALL-QLD_SC",,"61754320333","Subscriber",,"APAC","Tnm",,,,,"True",""
"Activated",,"0e2782cb-987c-4ca1-916d-b53c9ed6eb61","APAC-AU-ALL-QLD_SC",,"61754320334","Subscriber",,"APAC","Tnm",,,,,"True",""
"Activated",,"0e2782cb-987c-4ca1-916d-b53c9ed6eb61","APAC-AU-ALL-QLD_SC",,"61754320335","Subscriber",,"APAC","Tnm",,,,,"True",""
"Activated",,"0e2782cb-987c-4ca1-916d-b53c9ed6eb61","APAC-AU-ALL-QLD_SC",,"61754320336","Subscriber",,"APAC","Tnm",,,,,"True",""
"Activated",,"0e2782cb-987c-4ca1-916d-b53c9ed6eb61","APAC-AU-ALL-QLD_SC",,"61754320337","Subscriber",,"APAC","Tnm",,,,,"True",""
"Activated",,"0e2782cb-987c-4ca1-916d-b53c9ed6eb61","APAC-AU-ALL-QLD_SC",,"61754320338","Subscriber",,"APAC","Tnm",,,,,"True",""
"Activated",,"0e2782cb-987c-4ca1-916d-b53c9ed6eb61","APAC-AU-ALL-QLD_SC",,"61754320339","Subscriber",,"APAC","Tnm",,,,,"True",""
"Activated",,"0e2782cb-987c-4ca1-916d-b53c9ed6eb61","APAC-AU-ALL-QLD_SC",,"61754320340","Subscriber",,"APAC","Tnm",,,,,"True",""
"Activated",,"0e2782cb-987c-4ca1-916d-b53c9ed6eb61","APAC-AU-ALL-QLD_SC",,"61754320341","Subscriber",,"APAC","Tnm",,,,,"True",""
"Activated",,"0e2782cb-987c-4ca1-916d-b53c9ed6eb61","APAC-AU-ALL-QLD_SC",,"61754320342","Subscriber",,"APAC","Tnm",,,,,"True",""
"Activated",,"0e2782cb-987c-4ca1-916d-b53c9ed6eb61","APAC-AU-ALL-QLD_SC",,"61754320343","Subscriber",,"APAC","Tnm",,,,,"True",""
"Activated",,"0e2782cb-987c-4ca1-916d-b53c9ed6eb61","APAC-AU-ALL-QLD_SC",,"61754320344","Subscriber",,"APAC","Tnm",,,,,"True",""
"Activated",,"0e2782cb-987c-4ca1-916d-b53c9ed6eb61","APAC-AU-ALL-QLD_SC",,"61754320345","Subscriber",,"APAC","Tnm",,,,,"True",""
"Activated",,"0e2782cb-987c-4ca1-916d-b53c9ed6eb61","APAC-AU-ALL-QLD_SC",,"61754320346","Subscriber",,"APAC","Tnm",,,,,"True",""
"Activated",,"0e2782cb-987c-4ca1-916d-b53c9ed6eb61","APAC-AU-ALL-QLD_SC",,"61754320347","Subscriber",,"APAC","Tnm",,,,,"True",""
"Activated",,"0e2782cb-987c-4ca1-916d-b53c9ed6eb61","APAC-AU-ALL-QLD_SC",,"61754320348","Subscriber",,"APAC","Tnm",,,,,"True",""
"Activated",,"0e2782cb-987c-4ca1-916d-b53c9ed6eb61","APAC-AU-ALL-QLD_SC",,"61754320349","Subscriber",,"APAC","Tnm",,,,,"True",""
"Activated",,"0e2782cb-987c-4ca1-916d-b53c9ed6eb61","APAC-AU-ALL-QLD_SC",,"61754320350","Subscriber",,"APAC","Tnm",,,,,"True",""
"Activated",,"0e2782cb-987c-4ca1-916d-b53c9ed6eb61","APAC-AU-ALL-QLD_SC",,"61754320351","Subscriber",,"APAC","Tnm",,,,,"True",""
"Activated",,"0e2782cb-987c-4ca1-916d-b53c9ed6eb61","APAC-AU-ALL-QLD_SC",,"61754320352","Subscriber",,"APAC","Tnm",,,,,"True",""
"Activated",,"0e2782cb-987c-4ca1-916d-b53c9ed6eb61","APAC-AU-ALL-QLD_SC",,"61754320353","Subscriber",,"APAC","Tnm",,,,,"True",""
"Activated",,"0e2782cb-987c-4ca1-916d-b53c9ed6eb61","APAC-AU-ALL-QLD_SC",,"61754320354","Subscriber",,"APAC","Tnm",,,,,"True",""
"Activated",,"0e2782cb-987c-4ca1-916d-b53c9ed6eb61","APAC-AU-ALL-QLD_SC",,"61754320355","Subscriber",,"APAC","Tnm",,,,,"True",""
"Activated",,"0e2782cb-987c-4ca1-916d-b53c9ed6eb61","APAC-AU-ALL-QLD_SC",,"61754320356","Subscriber",,"APAC","Tnm",,,,,"True",""
"Activated",,"0e2782cb-987c-4ca1-916d-b53c9ed6eb61","APAC-AU-ALL-QLD_SC",,"61754320357","Subscriber",,"APAC","Tnm",,,,,"True",""
"Activated",,"0e2782cb-987c-4ca1-916d-b53c9ed6eb61","APAC-AU-ALL-QLD_SC",,"61754320358","Subscriber",,"APAC","Tnm",,,,,"True",""
"Activated",,"0e2782cb-987c-4ca1-916d-b53c9ed6eb61","APAC-AU-ALL-QLD_SC",,"61754320359","Subscriber",,"APAC","Tnm",,,,,"True",""
"Activated",,"0e2782cb-987c-4ca1-916d-b53c9ed6eb61","APAC-AU-ALL-QLD_SC",,"61754320360","Subscriber",,"APAC","Tnm",,,,,"True",""
"Activated",,"0e2782cb-987c-4ca1-916d-b53c9ed6eb61","APAC-AU-ALL-QLD_SC",,"61754320361","Subscriber",,"APAC","Tnm",,,,,"True",""
"Activated",,"0e2782cb-987c-4ca1-916d-b53c9ed6eb61","APAC-AU-ALL-QLD_SC",,"61754320362","Subscriber",,"APAC","Tnm",,,,,"True",""
"Activated",,"0e2782cb-987c-4ca1-916d-b53c9ed6eb61","APAC-AU-ALL-QLD_SC",,"61754320363","Subscriber",,"APAC","Tnm",,,,,"True",""
"Activated",,"0e2782cb-987c-4ca1-916d-b53c9ed6eb61","APAC-AU-ALL-QLD_SC",,"61754320364","Subscriber",,"APAC","Tnm",,,,,"True",""
"Activated",,"0e2782cb-987c-4ca1-916d-b53c9ed6eb61","APAC-AU-ALL-QLD_SC",,"61754320365","Subscriber",,"APAC","Tnm",,,,,"True",""
"Activated",,"0e2782cb-987c-4ca1-916d-b53c9ed6eb61","APAC-AU-ALL-QLD_SC",,"61754320366","Subscriber",,"APAC","Tnm",,,,,"True",""
"Activated",,"0e2782cb-987c-4ca1-916d-b53c9ed6eb61","APAC-AU-ALL-QLD_SC",,"61754320367","Subscriber",,"APAC","Tnm",,,,,"True",""
"Activated",,"0e2782cb-987c-4ca1-916d-b53c9ed6eb61","APAC-AU-ALL-QLD_SC",,"61754320368","Subscriber",,"APAC","Tnm",,,,,"True",""
"Activated",,"0e2782cb-987c-4ca1-916d-b53c9ed6eb61","APAC-AU-ALL-QLD_SC",,"61754320369","Subscriber",,"APAC","Tnm",,,,,"True",""
"Activated",,"0e2782cb-987c-4ca1-916d-b53c9ed6eb61","APAC-AU-ALL-QLD_SC",,"61754320370","Subscriber",,"APAC","Tnm",,,,,"True",""
"Activated",,"0e2782cb-987c-4ca1-916d-b53c9ed6eb61","APAC-AU-ALL-QLD_SC",,"61754320371","Subscriber",,"APAC","Tnm",,,,,"True",""
"Activated",,"0e2782cb-987c-4ca1-916d-b53c9ed6eb61","APAC-AU-ALL-QLD_SC",,"61754320372","Subscriber",,"APAC","Tnm",,,,,"True",""
"Activated",,"0e2782cb-987c-4ca1-916d-b53c9ed6eb61","APAC-AU-ALL-QLD_SC",,"61754320373","Subscriber",,"APAC","Tnm",,,,,"True",""
"Activated",,"0e2782cb-987c-4ca1-916d-b53c9ed6eb61","APAC-AU-ALL-QLD_SC",,"61754320374","Subscriber",,"APAC","Tnm",,,,,"True",""
"Activated",,"0e2782cb-987c-4ca1-916d-b53c9ed6eb61","APAC-AU-ALL-QLD_SC",,"61754320375","Subscriber",,"APAC","Tnm",,,,,"True",""
"Activated",,"0e2782cb-987c-4ca1-916d-b53c9ed6eb61","APAC-AU-ALL-QLD_SC",,"61754320376","Subscriber",,"APAC","Tnm",,,,,"True",""
"Activated",,"0e2782cb-987c-4ca1-916d-b53c9ed6eb61","APAC-AU-ALL-QLD_SC",,"61754320377","Subscriber",,"APAC","Tnm",,,,,"True",""
"Activated",,"0e2782cb-987c-4ca1-916d-b53c9ed6eb61","APAC-AU-ALL-QLD_SC",,"61754320378","Subscriber",,"APAC","Tnm",,,,,"True",""
"Activated",,"0e2782cb-987c-4ca1-916d-b53c9ed6eb61","APAC-AU-ALL-QLD_SC",,"61754320379","Subscriber",,"APAC","Tnm",,,,,"True",""
"Activated",,"0e2782cb-987c-4ca1-916d-b53c9ed6eb61","APAC-AU-ALL-QLD_SC",,"61754320380","Subscriber",,"APAC","Tnm",,,,,"True",""
"Activated",,"0e2782cb-987c-4ca1-916d-b53c9ed6eb61","APAC-AU-ALL-QLD_SC",,"61754320381","Subscriber",,"APAC","Tnm",,,,,"True",""
"Activated",,"0e2782cb-987c-4ca1-916d-b53c9ed6eb61","APAC-AU-ALL-QLD_SC",,"61754320382","Subscriber",,"APAC","Tnm",,,,,"True",""
"Activated",,"0e2782cb-987c-4ca1-916d-b53c9ed6eb61","APAC-AU-ALL-QLD_SC",,"61754320383","Subscriber",,"APAC","Tnm",,,,,"True",""
"Activated",,"0e2782cb-987c-4ca1-916d-b53c9ed6eb61","APAC-AU-ALL-QLD_SC",,"61754320384","Subscriber",,"APAC","Tnm",,,,,"True",""
"Activated",,"0e2782cb-987c-4ca1-916d-b53c9ed6eb61","APAC-AU-ALL-QLD_SC",,"61754320385","Subscriber",,"APAC","Tnm",,,,,"True",""
"Activated",,"0e2782cb-987c-4ca1-916d-b53c9ed6eb61","APAC-AU-ALL-QLD_SC",,"61754320386","Subscriber",,"APAC","Tnm",,,,,"True",""
"Activated",,"0e2782cb-987c-4ca1-916d-b53c9ed6eb61","APAC-AU-ALL-QLD_SC",,"61754320387","Subscriber",,"APAC","Tnm",,,,,"True",""
"Activated",,"0e2782cb-987c-4ca1-916d-b53c9ed6eb61","APAC-AU-ALL-QLD_SC",,"61754320388","Subscriber",,"APAC","Tnm",,,,,"True",""
"Activated",,"0e2782cb-987c-4ca1-916d-b53c9ed6eb61","APAC-AU-ALL-QLD_SC",,"61754320389","Subscriber",,"APAC","Tnm",,,,,"True",""
"Activated",,"0e2782cb-987c-4ca1-916d-b53c9ed6eb61","APAC-AU-ALL-QLD_SC",,"61754320390","Subscriber",,"APAC","Tnm",,,,,"True",""
"Activated",,"0e2782cb-987c-4ca1-916d-b53c9ed6eb61","APAC-AU-ALL-QLD_SC",,"61754320391","Subscriber",,"APAC","Tnm",,,,,"True",""
"Activated",,"0e2782cb-987c-4ca1-916d-b53c9ed6eb61","APAC-AU-ALL-QLD_SC",,"61754320392","Subscriber",,"APAC","Tnm",,,,,"True",""
"Activated",,"0e2782cb-987c-4ca1-916d-b53c9ed6eb61","APAC-AU-ALL-QLD_SC",,"61754320393","Subscriber",,"APAC","Tnm",,,,,"True",""
"Activated",,"0e2782cb-987c-4ca1-916d-b53c9ed6eb61","APAC-AU-ALL-QLD_SC",,"61754320394","Subscriber",,"APAC","Tnm",,,,,"True",""
"Activated",,"0e2782cb-987c-4ca1-916d-b53c9ed6eb61","APAC-AU-ALL-QLD_SC",,"61754320395","Subscriber",,"APAC","Tnm",,,,,"True",""
"Activated",,"0e2782cb-987c-4ca1-916d-b53c9ed6eb61","APAC-AU-ALL-QLD_SC",,"61754320396","Subscriber",,"APAC","Tnm",,,,,"True",""
"Activated",,"0e2782cb-987c-4ca1-916d-b53c9ed6eb61","APAC-AU-ALL-QLD_SC",,"61754320397","Subscriber",,"APAC","Tnm",,,,,"True",""
"Activated",,"0e2782cb-987c-4ca1-916d-b53c9ed6eb61","APAC-AU-ALL-QLD_SC",,"61754320398","Subscriber",,"APAC","Tnm",,,,,"True",""
"Activated",,"0e2782cb-987c-4ca1-916d-b53c9ed6eb61","APAC-AU-ALL-QLD_SC",,"61754320399","Subscriber",,"APAC","Tnm",,,,,"True",""
"Activated",,"0e2782cb-987c-4ca1-916d-b53c9ed6eb61","APAC-AU-ALL-QLD_SC",,"61754324254","Service",,"APAC","Tnm",,,,,"True",""
"Activated",,"0e2782cb-987c-4ca1-916d-b53c9ed6eb61","APAC-AU-ALL-QLD_SC",,"61754329016","Subscriber",,"APAC","Tnm",,,,,"True",""
"Activated",,"0e2782cb-987c-4ca1-916d-b53c9ed6eb61","APAC-AU-ALL-QLD_SC",,"61754329170","Subscriber",,"APAC","Tnm",,,,,"True",""
"Activated",,"0e2782cb-987c-4ca1-916d-b53c9ed6eb61","APAC-AU-ALL-QLD_SC",,"61754329835","Subscriber",,"APAC","Tnm",,,,,"True",""
"Activated",,"0e2782cb-987c-4ca1-916d-b53c9ed6eb61","APAC-AU-ALL-QLD_SC",,"61754951171","Subscriber",,"APAC","Tnm",,,,,"True",""
"Activated",,"0e2782cb-987c-4ca1-916d-b53c9ed6eb61","APAC-AU-ALL-QLD_SC",,"61754954006","Subscriber",,"APAC","Tnm",,,,,"True",""
"Activated",,"0e2782cb-987c-4ca1-916d-b53c9ed6eb61","APAC-AU-ALL-QLD_SC",,"61754954669","Subscriber",,"APAC","Tnm",,,,,"True",""
"Activated",,"0e2782cb-987c-4ca1-916d-b53c9ed6eb61","APAC-AU-ALL-NSW_TH",,"61755221514","Subscriber",,"APAC","Tnm",,,,,"True",""
"Activated",,"0e2782cb-987c-4ca1-916d-b53c9ed6eb61","APAC-AU-ALL-NSW_TH",,"61755221879","Subscriber",,"APAC","Tnm",,,,,"True",""
"Activated",,"0e2782cb-987c-4ca1-916d-b53c9ed6eb61","APAC-AU-ALL-NSW_TH",,"61755221901","Subscriber",,"APAC","Tnm",,,,,"True",""
"Activated",,"0e2782cb-987c-4ca1-916d-b53c9ed6eb61","APAC-AU-ALL-NSW_TH",,"61755680005","Subscriber",,"APAC","Tnm",,,,,"True",""
"Activated",,"0e2782cb-987c-4ca1-916d-b53c9ed6eb61","APAC-AU-ALL-NSW_TH",,"61755680330","Subscriber",,"APAC","Tnm",,,,,"True",""
"Activated",,"0e2782cb-987c-4ca1-916d-b53c9ed6eb61","APAC-AU-ALL-NSW_TH","AutoAttendant","61755876600","Service",,"APAC","Tnm","ucap",,,,"True",""
"Activated",,"0e2782cb-987c-4ca1-916d-b53c9ed6eb61","APAC-AU-ALL-NSW_TH",,"61755876601","Subscriber",,"APAC","Tnm","user",,,,"True",""
"Activated",,"0e2782cb-987c-4ca1-916d-b53c9ed6eb61","APAC-AU-ALL-NSW_TH",,"61755876602","Subscriber",,"APAC","Tnm",,,,,"True",""
"Activated",,"0e2782cb-987c-4ca1-916d-b53c9ed6eb61","APAC-AU-ALL-NSW_TH",,"61755876603","Subscriber",,"APAC","Tnm",,,,,"True",""
"Activated",,"0e2782cb-987c-4ca1-916d-b53c9ed6eb61","APAC-AU-ALL-NSW_TH",,"61755876604","Subscriber",,"APAC","Tnm",,,,,"True",""
"Activated",,"0e2782cb-987c-4ca1-916d-b53c9ed6eb61","APAC-AU-ALL-NSW_TH",,"61755876605","Subscriber",,"APAC","Tnm",,,,,"True",""
"Activated",,"0e2782cb-987c-4ca1-916d-b53c9ed6eb61","APAC-AU-ALL-NSW_TH",,"61755876606","Subscriber",,"APAC","Tnm",,,,,"True",""
"Activated",,"0e2782cb-987c-4ca1-916d-b53c9ed6eb61","APAC-AU-ALL-NSW_TH",,"61755876607","Subscriber",,"APAC","Tnm",,,,,"True",""
"Activated",,"0e2782cb-987c-4ca1-916d-b53c9ed6eb61","APAC-AU-ALL-NSW_TH",,"61755876608","Subscriber",,"APAC","Tnm",,,,,"True",""
"Activated",,"0e2782cb-987c-4ca1-916d-b53c9ed6eb61","APAC-AU-ALL-NSW_TH",,"61755876609","Subscriber",,"APAC","Tnm",,,,,"True",""
"Activated",,"0e2782cb-987c-4ca1-916d-b53c9ed6eb61","APAC-AU-ALL-NSW_TH",,"61755876610","Subscriber",,"APAC","Tnm",,,,,"True",""
"Activated",,"0e2782cb-987c-4ca1-916d-b53c9ed6eb61","APAC-AU-ALL-NSW_TH",,"61755876611","Subscriber",,"APAC","Tnm",,,,,"True",""
"Activated",,"0e2782cb-987c-4ca1-916d-b53c9ed6eb61","APAC-AU-ALL-NSW_TH",,"61755876612","Subscriber",,"APAC","Tnm",,,,,"True",""
"Activated",,"0e2782cb-987c-4ca1-916d-b53c9ed6eb61","APAC-AU-ALL-NSW_TH",,"61755876613","Subscriber",,"APAC","Tnm",,,,,"True",""
"Activated",,"0e2782cb-987c-4ca1-916d-b53c9ed6eb61","APAC-AU-ALL-NSW_TH",,"61755876614","Subscriber",,"APAC","Tnm",,,,,"True",""
"Activated",,"0e2782cb-987c-4ca1-916d-b53c9ed6eb61","APAC-AU-ALL-NSW_TH",,"61755876615","Subscriber",,"APAC","Tnm",,,,,"True",""
"Activated",,"0e2782cb-987c-4ca1-916d-b53c9ed6eb61","APAC-AU-ALL-NSW_TH",,"61755876616","Subscriber",,"APAC","Tnm",,,,,"True",""
"Activated",,"0e2782cb-987c-4ca1-916d-b53c9ed6eb61","APAC-AU-ALL-NSW_TH",,"61755876617","Subscriber",,"APAC","Tnm",,,,,"True",""
"Activated",,"0e2782cb-987c-4ca1-916d-b53c9ed6eb61","APAC-AU-ALL-NSW_TH",,"61755876618","Subscriber",,"APAC","Tnm",,,,,"True",""
"Activated",,"0e2782cb-987c-4ca1-916d-b53c9ed6eb61","APAC-AU-ALL-NSW_TH",,"61755876619","Subscriber",,"APAC","Tnm",,,,,"True",""
"Activated",,"0e2782cb-987c-4ca1-916d-b53c9ed6eb61","APAC-AU-ALL-NSW_TH",,"61755876620","Subscriber",,"APAC","Tnm",,,,,"True",""
"Activated",,"0e2782cb-987c-4ca1-916d-b53c9ed6eb61","APAC-AU-ALL-NSW_TH",,"61755876621","Subscriber",,"APAC","Tnm",,,,,"True",""
"Activated",,"0e2782cb-987c-4ca1-916d-b53c9ed6eb61","APAC-AU-ALL-NSW_TH",,"61755876622","Subscriber",,"APAC","Tnm",,,,,"True",""
"Activated",,"0e2782cb-987c-4ca1-916d-b53c9ed6eb61","APAC-AU-ALL-NSW_TH",,"61755876623","Subscriber",,"APAC","Tnm",,,,,"True",""
"Activated",,"0e2782cb-987c-4ca1-916d-b53c9ed6eb61","APAC-AU-ALL-NSW_TH",,"61755876624","Subscriber",,"APAC","Tnm",,,,,"True",""
"Activated",,"0e2782cb-987c-4ca1-916d-b53c9ed6eb61","APAC-AU-ALL-NSW_TH",,"61755876625","Subscriber",,"APAC","Tnm",,,,,"True",""
"Activated",,"0e2782cb-987c-4ca1-916d-b53c9ed6eb61","APAC-AU-ALL-NSW_TH",,"61755876626","Subscriber",,"APAC","Tnm",,,,,"True",""
"Activated",,"0e2782cb-987c-4ca1-916d-b53c9ed6eb61","APAC-AU-ALL-NSW_TH",,"61755876627","Subscriber",,"APAC","Tnm",,,,,"True",""
"Activated",,"0e2782cb-987c-4ca1-916d-b53c9ed6eb61","APAC-AU-ALL-NSW_TH",,"61755876628","Subscriber",,"APAC","Tnm",,,,,"True",""
"Activated",,"0e2782cb-987c-4ca1-916d-b53c9ed6eb61","APAC-AU-ALL-NSW_TH",,"61755876629","Subscriber",,"APAC","Tnm",,,,,"True",""
"Activated",,"0e2782cb-987c-4ca1-916d-b53c9ed6eb61","APAC-AU-ALL-NSW_TH",,"61755876630","Subscriber",,"APAC","Tnm",,,,,"True",""
"Activated",,"0e2782cb-987c-4ca1-916d-b53c9ed6eb61","APAC-AU-ALL-NSW_TH",,"61755876631","Subscriber",,"APAC","Tnm",,,,,"True",""
"Activated",,"0e2782cb-987c-4ca1-916d-b53c9ed6eb61","APAC-AU-ALL-NSW_TH",,"61755876632","Subscriber",,"APAC","Tnm",,,,,"True",""
"Activated",,"0e2782cb-987c-4ca1-916d-b53c9ed6eb61","APAC-AU-ALL-NSW_TH",,"61755876633","Subscriber",,"APAC","Tnm",,,,,"True",""
"Activated",,"0e2782cb-987c-4ca1-916d-b53c9ed6eb61","APAC-AU-ALL-NSW_TH",,"61755876634","Subscriber",,"APAC","Tnm",,,,,"True",""
"Activated",,"0e2782cb-987c-4ca1-916d-b53c9ed6eb61","APAC-AU-ALL-NSW_TH",,"61755876635","Subscriber",,"APAC","Tnm",,,,,"True",""
"Activated",,"0e2782cb-987c-4ca1-916d-b53c9ed6eb61","APAC-AU-ALL-NSW_TH",,"61755876636","Subscriber",,"APAC","Tnm",,,,,"True",""
"Activated",,"0e2782cb-987c-4ca1-916d-b53c9ed6eb61","APAC-AU-ALL-NSW_TH",,"61755876637","Subscriber",,"APAC","Tnm",,,,,"True",""
"Activated",,"0e2782cb-987c-4ca1-916d-b53c9ed6eb61","APAC-AU-ALL-NSW_TH",,"61755876638","Subscriber",,"APAC","Tnm",,,,,"True",""
"Activated",,"0e2782cb-987c-4ca1-916d-b53c9ed6eb61","APAC-AU-ALL-NSW_TH",,"61755876639","Subscriber",,"APAC","Tnm",,,,,"True",""
"Activated",,"0e2782cb-987c-4ca1-916d-b53c9ed6eb61","APAC-AU-ALL-NSW_TH",,"61755876640","Subscriber",,"APAC","Tnm",,,,,"True",""
"Activated",,"0e2782cb-987c-4ca1-916d-b53c9ed6eb61","APAC-AU-ALL-NSW_TH",,"61755876641","Subscriber",,"APAC","Tnm",,,,,"True",""
"Activated",,"0e2782cb-987c-4ca1-916d-b53c9ed6eb61","APAC-AU-ALL-NSW_TH",,"61755876642","Subscriber",,"APAC","Tnm",,,,,"True",""
"Activated",,"0e2782cb-987c-4ca1-916d-b53c9ed6eb61","APAC-AU-ALL-NSW_TH",,"61755876643","Subscriber",,"APAC","Tnm",,,,,"True",""
"Activated",,"0e2782cb-987c-4ca1-916d-b53c9ed6eb61","APAC-AU-ALL-NSW_TH",,"61755876644","Subscriber",,"APAC","Tnm",,,,,"True",""
"Activated",,"0e2782cb-987c-4ca1-916d-b53c9ed6eb61","APAC-AU-ALL-NSW_TH",,"61755876645","Subscriber",,"APAC","Tnm",,,,,"True",""
"Activated",,"0e2782cb-987c-4ca1-916d-b53c9ed6eb61","APAC-AU-ALL-NSW_TH",,"61755876646","Subscriber",,"APAC","Tnm",,,,,"True",""
"Activated",,"0e2782cb-987c-4ca1-916d-b53c9ed6eb61","APAC-AU-ALL-NSW_TH",,"61755876647","Subscriber",,"APAC","Tnm",,,,,"True",""
"Activated",,"0e2782cb-987c-4ca1-916d-b53c9ed6eb61","APAC-AU-ALL-NSW_TH",,"61755876648","Subscriber",,"APAC","Tnm",,,,,"True",""
"Activated",,"0e2782cb-987c-4ca1-916d-b53c9ed6eb61","APAC-AU-ALL-NSW_TH",,"61755876649","Subscriber",,"APAC","Tnm",,,,,"True",""
"Activated",,"0e2782cb-987c-4ca1-916d-b53c9ed6eb61","APAC-AU-ALL-NSW_TH",,"61755876650","Subscriber",,"APAC","Tnm",,,,,"True",""
"Activated",,"0e2782cb-987c-4ca1-916d-b53c9ed6eb61","APAC-AU-ALL-NSW_TH",,"61755876651","Subscriber",,"APAC","Tnm",,,,,"True",""
"Activated",,"0e2782cb-987c-4ca1-916d-b53c9ed6eb61","APAC-AU-ALL-NSW_TH",,"61755876652","Subscriber",,"APAC","Tnm",,,,,"True",""
"Activated",,"0e2782cb-987c-4ca1-916d-b53c9ed6eb61","APAC-AU-ALL-NSW_TH",,"61755876653","Subscriber",,"APAC","Tnm",,,,,"True",""
"Activated",,"0e2782cb-987c-4ca1-916d-b53c9ed6eb61","APAC-AU-ALL-NSW_TH",,"61755876654","Subscriber",,"APAC","Tnm",,,,,"True",""
"Activated",,"0e2782cb-987c-4ca1-916d-b53c9ed6eb61","APAC-AU-ALL-NSW_TH",,"61755876655","Subscriber",,"APAC","Tnm",,,,,"True",""
"Activated",,"0e2782cb-987c-4ca1-916d-b53c9ed6eb61","APAC-AU-ALL-NSW_TH",,"61755876656","Subscriber",,"APAC","Tnm",,,,,"True",""
"Activated",,"0e2782cb-987c-4ca1-916d-b53c9ed6eb61","APAC-AU-ALL-NSW_TH",,"61755876657","Subscriber",,"APAC","Tnm",,,,,"True",""
"Activated",,"0e2782cb-987c-4ca1-916d-b53c9ed6eb61","APAC-AU-ALL-NSW_TH",,"61755876658","Subscriber",,"APAC","Tnm",,,,,"True",""
"Activated",,"0e2782cb-987c-4ca1-916d-b53c9ed6eb61","APAC-AU-ALL-NSW_TH",,"61755876659","Subscriber",,"APAC","Tnm",,,,,"True",""
"Activated",,"0e2782cb-987c-4ca1-916d-b53c9ed6eb61","APAC-AU-ALL-NSW_TH",,"61755876660","Subscriber",,"APAC","Tnm",,,,,"True",""
"Activated",,"0e2782cb-987c-4ca1-916d-b53c9ed6eb61","APAC-AU-ALL-NSW_TH",,"61755876661","Subscriber",,"APAC","Tnm",,,,,"True",""
"Activated",,"0e2782cb-987c-4ca1-916d-b53c9ed6eb61","APAC-AU-ALL-NSW_TH",,"61755876662","Subscriber",,"APAC","Tnm",,,,,"True",""
"Activated",,"0e2782cb-987c-4ca1-916d-b53c9ed6eb61","APAC-AU-ALL-NSW_TH",,"61755876663","Subscriber",,"APAC","Tnm",,,,,"True",""
"Activated",,"0e2782cb-987c-4ca1-916d-b53c9ed6eb61","APAC-AU-ALL-NSW_TH",,"61755876664","Subscriber",,"APAC","Tnm",,,,,"True",""
"Activated",,"0e2782cb-987c-4ca1-916d-b53c9ed6eb61","APAC-AU-ALL-NSW_TH",,"61755876665","Subscriber",,"APAC","Tnm",,,,,"True",""
"Activated",,"0e2782cb-987c-4ca1-916d-b53c9ed6eb61","APAC-AU-ALL-NSW_TH",,"61755876666","Subscriber",,"APAC","Tnm",,,,,"True",""
"Activated",,"0e2782cb-987c-4ca1-916d-b53c9ed6eb61","APAC-AU-ALL-NSW_TH",,"61755876667","Subscriber",,"APAC","Tnm",,,,,"True",""
"Activated",,"0e2782cb-987c-4ca1-916d-b53c9ed6eb61","APAC-AU-ALL-NSW_TH",,"61755876668","Subscriber",,"APAC","Tnm",,,,,"True",""
"Activated",,"0e2782cb-987c-4ca1-916d-b53c9ed6eb61","APAC-AU-ALL-NSW_TH",,"61755876669","Subscriber",,"APAC","Tnm",,,,,"True",""
"Activated",,"0e2782cb-987c-4ca1-916d-b53c9ed6eb61","APAC-AU-ALL-NSW_TH",,"61755876670","Subscriber",,"APAC","Tnm",,,,,"True",""
"Activated",,"0e2782cb-987c-4ca1-916d-b53c9ed6eb61","APAC-AU-ALL-NSW_TH",,"61755876671","Subscriber",,"APAC","Tnm",,,,,"True",""
"Activated",,"0e2782cb-987c-4ca1-916d-b53c9ed6eb61","APAC-AU-ALL-NSW_TH",,"61755876672","Subscriber",,"APAC","Tnm",,,,,"True",""
"Activated",,"0e2782cb-987c-4ca1-916d-b53c9ed6eb61","APAC-AU-ALL-NSW_TH",,"61755876673","Subscriber",,"APAC","Tnm",,,,,"True",""
"Activated",,"0e2782cb-987c-4ca1-916d-b53c9ed6eb61","APAC-AU-ALL-NSW_TH",,"61755876674","Subscriber",,"APAC","Tnm",,,,,"True",""
"Activated",,"0e2782cb-987c-4ca1-916d-b53c9ed6eb61","APAC-AU-ALL-NSW_TH",,"61755876675","Subscriber",,"APAC","Tnm",,,,,"True",""
"Activated",,"0e2782cb-987c-4ca1-916d-b53c9ed6eb61","APAC-AU-ALL-NSW_TH",,"61755876676","Subscriber",,"APAC","Tnm",,,,,"True",""
"Activated",,"0e2782cb-987c-4ca1-916d-b53c9ed6eb61","APAC-AU-ALL-NSW_TH",,"61755876677","Subscriber",,"APAC","Tnm",,,,,"True",""
"Activated",,"0e2782cb-987c-4ca1-916d-b53c9ed6eb61","APAC-AU-ALL-NSW_TH",,"61755876678","Subscriber",,"APAC","Tnm",,,,,"True",""
"Activated",,"0e2782cb-987c-4ca1-916d-b53c9ed6eb61","APAC-AU-ALL-NSW_TH",,"61755876679","Subscriber",,"APAC","Tnm",,,,,"True",""
"Activated",,"0e2782cb-987c-4ca1-916d-b53c9ed6eb61","APAC-AU-ALL-NSW_TH",,"61755876680","Subscriber",,"APAC","Tnm",,,,,"True",""
"Activated",,"0e2782cb-987c-4ca1-916d-b53c9ed6eb61","APAC-AU-ALL-NSW_TH",,"61755876681","Subscriber",,"APAC","Tnm",,,,,"True",""
"Activated",,"0e2782cb-987c-4ca1-916d-b53c9ed6eb61","APAC-AU-ALL-NSW_TH",,"61755876682","Subscriber",,"APAC","Tnm",,,,,"True",""
"Activated",,"0e2782cb-987c-4ca1-916d-b53c9ed6eb61","APAC-AU-ALL-NSW_TH",,"61755876683","Subscriber",,"APAC","Tnm",,,,,"True",""
"Activated",,"0e2782cb-987c-4ca1-916d-b53c9ed6eb61","APAC-AU-ALL-NSW_TH",,"61755876684","Subscriber",,"APAC","Tnm",,,,,"True",""
"Activated",,"0e2782cb-987c-4ca1-916d-b53c9ed6eb61","APAC-AU-ALL-NSW_TH",,"61755876685","Subscriber",,"APAC","Tnm",,,,,"True",""
"Activated",,"0e2782cb-987c-4ca1-916d-b53c9ed6eb61","APAC-AU-ALL-NSW_TH",,"61755876686","Subscriber",,"APAC","Tnm",,,,,"True",""
"Activated",,"0e2782cb-987c-4ca1-916d-b53c9ed6eb61","APAC-AU-ALL-NSW_TH",,"61755876687","Subscriber",,"APAC","Tnm",,,,,"True",""
"Activated",,"0e2782cb-987c-4ca1-916d-b53c9ed6eb61","APAC-AU-ALL-NSW_TH",,"61755876688","Subscriber",,"APAC","Tnm",,,,,"True",""
"Activated",,"0e2782cb-987c-4ca1-916d-b53c9ed6eb61","APAC-AU-ALL-NSW_TH",,"61755876689","Subscriber",,"APAC","Tnm",,,,,"True",""
"Activated",,"0e2782cb-987c-4ca1-916d-b53c9ed6eb61","APAC-AU-ALL-NSW_TH",,"61755876690","Subscriber",,"APAC","Tnm",,,,,"True",""
"Activated",,"0e2782cb-987c-4ca1-916d-b53c9ed6eb61","APAC-AU-ALL-NSW_TH",,"61755876691","Subscriber",,"APAC","Tnm",,,,,"True",""
"Activated",,"0e2782cb-987c-4ca1-916d-b53c9ed6eb61","APAC-AU-ALL-NSW_TH",,"61755876692","Subscriber",,"APAC","Tnm",,,,,"True",""
"Activated",,"0e2782cb-987c-4ca1-916d-b53c9ed6eb61","APAC-AU-ALL-NSW_TH",,"61755876693","Subscriber",,"APAC","Tnm",,,,,"True",""
"Activated",,"0e2782cb-987c-4ca1-916d-b53c9ed6eb61","APAC-AU-ALL-NSW_TH",,"61755876694","Subscriber",,"APAC","Tnm",,,,,"True",""
"Activated",,"0e2782cb-987c-4ca1-916d-b53c9ed6eb61","APAC-AU-ALL-NSW_TH",,"61755876695","Subscriber",,"APAC","Tnm",,,,,"True",""
"Activated",,"0e2782cb-987c-4ca1-916d-b53c9ed6eb61","APAC-AU-ALL-NSW_TH",,"61755876696","Subscriber",,"APAC","Tnm",,,,,"True",""
"Activated",,"0e2782cb-987c-4ca1-916d-b53c9ed6eb61","APAC-AU-ALL-NSW_TH",,"61755876697","Subscriber",,"APAC","Tnm",,,,,"True",""
"Activated",,"0e2782cb-987c-4ca1-916d-b53c9ed6eb61","APAC-AU-ALL-NSW_TH",,"61755876698","Subscriber",,"APAC","Tnm",,,,,"True",""
"Activated",,"0e2782cb-987c-4ca1-916d-b53c9ed6eb61","APAC-AU-ALL-NSW_TH",,"61755876699","Subscriber",,"APAC","Tnm",,,,,"True",""
"Activated",,"0e2782cb-987c-4ca1-916d-b53c9ed6eb61","APAC-AU-ALL-NSW_TH",,"61755935646","Service",,"APAC","Tnm",,,,,"True",""
"Activated",,"0e2782cb-987c-4ca1-916d-b53c9ed6eb61","APAC-AU-ALL-NSW_TH","NGC-Bot","61755936167","Service",,"APAC","Tnm","ucap",,,,"True",""
"Activated",,"0e2782cb-987c-4ca1-916d-b53c9ed6eb61","APAC-AU-ALL-NSW_TH",,"61755938076","Service",,"APAC","Tnm",,,,,"True",""
"Activated",,"0e2782cb-987c-4ca1-916d-b53c9ed6eb61","APAC-AU-ALL-NSW_TH",,"61755938456","Service",,"APAC","Tnm",,,,,"True",""
"Activated",,"0e2782cb-987c-4ca1-916d-b53c9ed6eb61","APAC-AU-ALL-NSW_TH",,"61755938528","Subscriber",,"APAC","Tnm",,,,,"True",""
