﻿"Identity","User","AccessRights"
"CRM User","crm.71@abacus-als.com","FullAccess"
"transfers","c.johnson@abacus-als.com","FullAccess"
"transfers","n.fuller@abacus-als.com","FullAccess"
"transfers","m.oneill@abacus-als.com","FullAccess"
"transfers","r.daw@abacus-als.com","FullAccess"
"transfers","l.kerr@abacus-als.com","FullAccess"
"transfers","m.mcconnell@abacus-als.com","FullAccess"
"IT Admin","n.bertwistle@abacus-als.com","FullAccess, DeleteItem"
"info","n.bertwistle@abacus-als.com","FullAccess, DeleteItem"
"info","c.johnson@abacus-als.com","FullAccess, DeleteItem"
"info","n.fuller@abacus-als.com","FullAccess"
"info","m.oneill@abacus-als.com","FullAccess"
"info","r.daw@abacus-als.com","FullAccess"
"xerox","n.bertwistle@abacus-als.com","FullAccess, DeleteItem"
"Research","n.bertwistle@abacus-als.com","FullAccess, DeleteItem"
"Jodie McCarthy","a.araci@abacus-als.com","FullAccess"
"Customer Service","g.maxwell@abacus-als.com","FullAccess"
"Customer Service","s.cavallaro@abacus-als.com","FullAccess"
"HR3","n.bertwistle@abacus-als.com","FullAccess"
"Accounts","z.naumovski@abacus-als.com","FullAccess"
"Accounts","m.nguyen@abacus-als.com","FullAccess"
"Accounts","b.choi@abacus-als.com","FullAccess"
"Accounts","r.jones@abacus-als.com","FullAccess"
"Finance","d.scullion@abacus-als.com","FullAccess"
"Finance","m.laubscher@abacus-als.com","FullAccess"
"Customer Care","n.fuller@abacus-als.com","FullAccess"
"Customer Care","m.oneill@abacus-als.com","FullAccess"
"Customer Care","r.daw@abacus-als.com","FullAccess"
"Customer Care","n.conte@abacus-als.com","FullAccess"
"Customer Care","l.kerr@abacus-als.com","FullAccess"
"Customer Care","m.mcconnell@abacus-als.com","FullAccess"
"Customer Care NZ","r.sullivan@abacus-als.co.nz","FullAccess"
