UPN,Name,Number,State
bonniew@conroyremovals.com.au,Bonnie Wilson,+61385412006,VIC
brendong@conroyremovals.com.au,Brendon Gibbons,+61287877805,NSW
OperationsS@conroyremovals.com.au,Brisbane Ops Warehouse,+61754289724,QLD 
charlesb@conroyremovals.com.au,Charles Bryceland,,QLD 
cherylm@conroyremovals.com.au,Cheryl Mackie,+61287877802,NSW
cindye@conroyremovals.com.au,Cindy Eichstadt,,
clairea@conroyremovals.com.au,Claire Alder,+61754289722,QLD 
colinh@conroyremovals.com.au,Colin Holloway,,NSW
dhamun@conroyremovals.com.au,Dhamu Nathan,,
donnal@conroyremovals.com.au,Donna Lay,+61754289716,QLD 
GaryH@conroyremovals.com.au,Gary Harmer,+61754289701,QLD 
genesisp@conroyremovals.com.au,Genesis Puna,+61747747060,QLD 
glenh@conroyremovals.com.au,Glen Hankins,+61754289713,QLD 
hayleyf@conroyremovals.com.au,Hayley Finn,,QLD 
JanelleM@conroyremovals.com.au,Janelle Maybury,+61385412004,VIC
jaymeel@conroyremovals.com.au,Jaymee Lorenz,+61754289720,QLD 
jennab@conroyremovals.com.au,Jenna Boardman,+61754289705,QLD 
JohnR@conroyremovals.com.au,John Rowden,+61754289723,QLD 
josephu@conroyremovals.com.au,Joseph Uini,+61385412009,VIC
Justinu@conroyremovals.com.au,Justin Urlich,+61385412008,VIC
karenl@conroyremovals.com.au,Karen Lindsay,+61287877809,NSW
KayB@conroyremovals.com.au,Kay Boston,,
kingsleyg@conroyremovals.com.au,Kingsley Gordon,+61754289706,QLD 
leen@conroyremovals.com.au,Lee Northwood,+61862795201,WA
lindam@conroyremovals.com.au,Linda McPherson,+61287877815,NSW
michaela@conroyremovals.com.au,Michael Aschmann,,
MichelleL@conroyremovals.com.au,Michelle Lorenz,+61754289702,QLD 
mikem@conroyremovals.com.au,Mike Morgan,+61385412007,VIC
otto@conroyremovals.com.au,Otto,,
philipg@conroyremovals.com.au,Philip Gordon,+61754289721,QLD 
raymondl@conroyremovals.com.au,Raymond Laursen,,
ryanc@conroyremovals.com.au,Ryan Cameron,+61287877801,NSW
sarahw@conroyremovals.com.au,Sarah Wales,+61385412003,VIC
salihy@conroyremovals.com.au,Salih Yasmin,+61287877806,NSW
shannono@conroyremovals.com.au,Shannon O'Leary,+61754289703,QLD 
sharonc@conroyremovals.com.au,Sharon Champion,,QLD 
sharons@conroyremovals.com.au,Sharon Symons,,VIC
staceyg@conroyremovals.com.au,Stacey Gordon,+61754289710,QLD 
tomv@conroyremovals.com.au,Tom Vesperman,+61287877803,NSW
toryd@conroyremovals.com.au,Tory Daviss,+61754289725,QLD 
velar@conroyremovals.com.au,Vela Ram,+61862795203,WA
