"UserPrincipalName","UsageLocation","Licenses Type","DisplayName"
"adam.keily@omnii.com.au","AU","reseller-account:MCOPSTNEAU2 reseller-account:MCOEV reseller-account:ENTERPRISEPACK reseller-account:POWER_BI_STANDARD reseller-account:TEAMS_COMMERCIAL_TRIAL reseller-account:FLOW_FREE","Adam Keily"
"adam.keily@omnii.com.au","AU","reseller-account:MCOPSTNEAU2 reseller-account:MCOEV reseller-account:ENTERPRISEPACK reseller-account:POWER_BI_STANDARD reseller-account:TEAMS_COMMERCIAL_TRIAL reseller-account:FLOW_FREE","Adam Keily"
"aleksandra.mirkovic@omnii.com.au","AU","reseller-account:MCOPSTNEAU2 reseller-account:MCOEV reseller-account:ENTERPRISEPACK reseller-account:POWER_BI_STANDARD reseller-account:TEAMS_COMMERCIAL_TRIAL reseller-account:FLOW_FREE","Aleksandra Mirkovic"
"alex.symeonidis@omnii.com.au","AU","reseller-account:MCOPSTNEAU2 reseller-account:MCOEV reseller-account:ENTERPRISEPACK reseller-account:POWER_BI_STANDARD reseller-account:TEAMS_COMMERCIAL_TRIAL reseller-account:FLOW_FREE","Alex Symeonidis"
"alexander.kudriavcev@omnii.com.au","AU","reseller-account:MCOPSTNEAU2 reseller-account:MCOEV reseller-account:ENTERPRISEPACK reseller-account:POWER_BI_STANDARD reseller-account:TEAMS_COMMERCIAL_TRIAL reseller-account:FLOW_FREE","Alexander Kudriavcev"
"alison.peet@omnii.com.au","AU","reseller-account:MCOPSTNEAU2 reseller-account:MCOEV reseller-account:ENTERPRISEPACK reseller-account:POWER_BI_STANDARD reseller-account:TEAMS_COMMERCIAL_TRIAL reseller-account:FLOW_FREE","Alison Peet"
"andrew.brennan@omnii.com.au","AU","reseller-account:MCOPSTNEAU2 reseller-account:MCOEV reseller-account:ENTERPRISEPACK reseller-account:POWER_BI_STANDARD reseller-account:TEAMS_COMMERCIAL_TRIAL reseller-account:FLOW_FREE","Andrew Brennan"
"andrew.martin@omnii.com.au","AU","reseller-account:MCOPSTNEAU2 reseller-account:MCOEV reseller-account:ENTERPRISEPACK reseller-account:POWER_BI_STANDARD reseller-account:TEAMS_COMMERCIAL_TRIAL reseller-account:FLOW_FREE","Andrew Martin"
"angela.arum@omnii.com.au","AU","reseller-account:MCOPSTNEAU2 reseller-account:MCOEV reseller-account:ENTERPRISEPACK reseller-account:POWER_BI_STANDARD reseller-account:TEAMS_COMMERCIAL_TRIAL reseller-account:FLOW_FREE","Angela Arum"
"anna.osborne@omnii.com.au","AU","reseller-account:MCOPSTNEAU2 reseller-account:MCOEV reseller-account:ENTERPRISEPACK reseller-account:POWER_BI_STANDARD reseller-account:TEAMS_COMMERCIAL_TRIAL reseller-account:FLOW_FREE","Anna Osborne"
"asad.amerjee@omnii.com.au","AU","reseller-account:MCOPSTNEAU2 reseller-account:MCOEV reseller-account:ENTERPRISEPACK reseller-account:POWER_BI_STANDARD reseller-account:TEAMS_COMMERCIAL_TRIAL reseller-account:FLOW_FREE","Asad Amerjee"
"bart.gistelinck@omnii.com.au","AU","reseller-account:MCOPSTNEAU2 reseller-account:MCOEV reseller-account:ENTERPRISEPACK reseller-account:POWER_BI_STANDARD reseller-account:TEAMS_COMMERCIAL_TRIAL reseller-account:FLOW_FREE","Bart Gistelinck"
"brendan.garvey@omnii.com.au","AU","reseller-account:MCOPSTNEAU2 reseller-account:MCOEV reseller-account:ENTERPRISEPACK reseller-account:POWER_BI_STANDARD reseller-account:TEAMS_COMMERCIAL_TRIAL reseller-account:FLOW_FREE","Brendan Garvey"
"brett.mcgiveron@omnii.com.au","AU","reseller-account:MCOPSTNEAU2 reseller-account:MCOEV reseller-account:ENTERPRISEPACK reseller-account:POWER_BI_STANDARD reseller-account:TEAMS_COMMERCIAL_TRIAL reseller-account:FLOW_FREE","Brett McGiveron"
"brittany.goddaer@omnii.com.au","AU","reseller-account:MCOEV reseller-account:MCOPSTNEAU2 reseller-account:ENTERPRISEPACK reseller-account:POWER_BI_STANDARD reseller-account:FLOW_FREE","Brittany Goddaer"
"chris.lee@omnii.com.au","AU","reseller-account:MCOPSTNEAU2 reseller-account:MCOEV reseller-account:ENTERPRISEPACK reseller-account:POWER_BI_STANDARD reseller-account:TEAMS_COMMERCIAL_TRIAL reseller-account:FLOW_FREE","Chris Lee"
"chris.mauch@omnii.com.au","AU","reseller-account:MCOPSTNEAU2 reseller-account:MCOEV reseller-account:ENTERPRISEPACK reseller-account:FLOW_FREE reseller-account:POWER_BI_STANDARD reseller-account:TEAMS_COMMERCIAL_TRIAL","Chris Mauch"
"craig.banks@omnii.com.au","AU","reseller-account:MCOPSTNEAU2 reseller-account:MCOEV reseller-account:ENTERPRISEPACK reseller-account:FLOW_FREE reseller-account:POWER_BI_STANDARD reseller-account:TEAMS_COMMERCIAL_TRIAL","Craig Banks"
"Craig.Poulter@omnii.com.au","AU","reseller-account:MCOPSTNEAU2 reseller-account:MCOEV reseller-account:ENTERPRISEPACK reseller-account:FLOW_FREE reseller-account:POWER_BI_STANDARD reseller-account:TEAMS_COMMERCIAL_TRIAL","Craig Poulter"
"Dana.Hood@omnii.com.au","AU","reseller-account:MCOEV reseller-account:MCOPSTNEAU2 reseller-account:ENTERPRISEPACK reseller-account:POWER_BI_STANDARD reseller-account:FLOW_FREE","Dana Hood"
"daryan.othman@omnii.com.au","AU","reseller-account:MCOPSTNEAU2 reseller-account:MCOEV reseller-account:ENTERPRISEPACK reseller-account:POWER_BI_STANDARD reseller-account:TEAMS_COMMERCIAL_TRIAL reseller-account:FLOW_FREE","Daryan Othman"
"david.fox@omnii.com.au","AU","reseller-account:MCOPSTNEAU2 reseller-account:MCOEV reseller-account:ENTERPRISEPACK reseller-account:FLOW_FREE reseller-account:POWER_BI_STANDARD reseller-account:TEAMS_COMMERCIAL_TRIAL","David Fox"
"denise.huckel@omnii.com.au","AU","reseller-account:MCOPSTNEAU2 reseller-account:MCOEV reseller-account:ENTERPRISEPACK reseller-account:POWER_BI_STANDARD reseller-account:TEAMS_COMMERCIAL_TRIAL reseller-account:FLOW_FREE","Denise Huckel"
"scott.young@omnii.com.au","AU","reseller-account:MCOPSTNEAU2 reseller-account:MCOEV reseller-account:ENTERPRISEPACK reseller-account:FLOW_FREE reseller-account:POWER_BI_STANDARD reseller-account:TEAMS_COMMERCIAL_TRIAL","Dr Scott Young"
"dwayne.smith@omnii.com.au","AU","reseller-account:MCOPSTNEAU2 reseller-account:MCOEV reseller-account:ENTERPRISEPACK reseller-account:FLOW_FREE reseller-account:POWER_BI_STANDARD reseller-account:TEAMS_COMMERCIAL_TRIAL","Dwayne Smith"
"ed.rea@omnii.com.au","AU","reseller-account:MCOPSTNEAU2 reseller-account:MCOEV reseller-account:ENTERPRISEPACK reseller-account:FLOW_FREE reseller-account:POWER_BI_STANDARD reseller-account:TEAMS_COMMERCIAL_TRIAL","Ed Rea"
"evelyn.wagner@omnii.com.au","AU","reseller-account:MCOPSTNEAU2 reseller-account:MCOEV reseller-account:ENTERPRISEPACK reseller-account:FLOW_FREE reseller-account:POWER_BI_STANDARD reseller-account:TEAMS_COMMERCIAL_TRIAL","Evelyn Chiabai Wagner"
"gerard.foster@omnii.com.au","AU","reseller-account:MCOPSTNEAU2 reseller-account:MCOEV reseller-account:ENTERPRISEPACK reseller-account:FLOW_FREE reseller-account:POWER_BI_STANDARD reseller-account:TEAMS_COMMERCIAL_TRIAL","Gerard Foster"
"graham.timms@omnii.com.au","AU","reseller-account:MCOPSTNEAU2 reseller-account:MCOEV reseller-account:ENTERPRISEPACK reseller-account:FLOW_FREE reseller-account:POWER_BI_STANDARD reseller-account:TEAMS_COMMERCIAL_TRIAL","Graham Timms"
"hagege.weldu@omnii.com.au","AU","reseller-account:MCOPSTNEAU2 reseller-account:MCOEV reseller-account:ENTERPRISEPACK reseller-account:FLOW_FREE reseller-account:POWER_BI_STANDARD reseller-account:TEAMS_COMMERCIAL_TRIAL","Hagege Weldu"
"harley.whaikawa@omnii.com.au","AU","reseller-account:MCOPSTNEAU2 reseller-account:MCOEV reseller-account:ENTERPRISEPACK reseller-account:FLOW_FREE reseller-account:POWER_BI_STANDARD reseller-account:TEAMS_COMMERCIAL_TRIAL","Harley Whaikawa"
"harry.wall@omnii.com.au","AU","reseller-account:MCOPSTNEAU2 reseller-account:MCOEV reseller-account:ENTERPRISEPACK reseller-account:POWER_BI_STANDARD reseller-account:TEAMS_COMMERCIAL_TRIAL reseller-account:FLOW_FREE","Harry Wall"
"joseph.parent@omnii.com.au","AU","reseller-account:MCOPSTNEAU2 reseller-account:MCOEV reseller-account:ENTERPRISEPACK reseller-account:POWER_BI_STANDARD reseller-account:TEAMS_COMMERCIAL_TRIAL reseller-account:FLOW_FREE","Joseph Parent"
"kayla.brannan@omnii.com.au","AU","reseller-account:MCOEV reseller-account:MCOPSTNEAU2 reseller-account:ENTERPRISEPACK reseller-account:POWER_BI_STANDARD reseller-account:FLOW_FREE","Kayla Brannan"
"liam.brandon@omnii.com.au","AU","reseller-account:MCOPSTNEAU2 reseller-account:MCOEV reseller-account:ENTERPRISEPACK reseller-account:FLOW_FREE reseller-account:POWER_BI_STANDARD reseller-account:TEAMS_COMMERCIAL_TRIAL","Liam Brandon"
"marcello.arbaci@omnii.com.au","AU","reseller-account:MCOPSTNEAU2 reseller-account:MCOEV reseller-account:ENTERPRISEPACK reseller-account:TEAMS_COMMERCIAL_TRIAL reseller-account:MCOMEETADV reseller-account:POWER_BI_STANDARD reseller-account:TEAMS_EXPLORATORY reseller-account:FLOW_FREE","Marcello Arbaci"
"maree.murphy@omnii.com.au","AU","reseller-account:MCOEV reseller-account:MCOPSTNEAU2 reseller-account:ENTERPRISEPACK reseller-account:FLOW_FREE reseller-account:POWER_BI_STANDARD","Maree Murphy"
"medo.mustafa@omnii.com.au","AU","reseller-account:MCOPSTNEAU2 reseller-account:MCOEV reseller-account:ENTERPRISEPACK reseller-account:FLOW_FREE reseller-account:POWER_BI_STANDARD reseller-account:TEAMS_COMMERCIAL_TRIAL","Medo Mustafa"
"melissa.podruzny@omnii.com.au","AU","reseller-account:MCOPSTNEAU2 reseller-account:MCOEV reseller-account:ENTERPRISEPACK reseller-account:FLOW_FREE reseller-account:POWER_BI_STANDARD reseller-account:TEAMS_COMMERCIAL_TRIAL","Melissa Podruzny"
"micheal.abbot@omnii.com.au","AU","reseller-account:MCOPSTNEAU2 reseller-account:MCOEV reseller-account:ENTERPRISEPACK reseller-account:FLOW_FREE reseller-account:POWER_BI_STANDARD reseller-account:TEAMS_COMMERCIAL_TRIAL","Micheal Abbot"
"Neelesh.Chandiran@omnii.com.au","AU","reseller-account:MCOPSTNEAU2 reseller-account:MCOEV reseller-account:ENTERPRISEPACK reseller-account:FLOW_FREE reseller-account:POWER_BI_STANDARD reseller-account:TEAMS_COMMERCIAL_TRIAL","Neelesh Chandiran"
"nick.kuzewicz@omnii.com.au","AU","reseller-account:MCOPSTNEAU2 reseller-account:MCOEV reseller-account:ENTERPRISEPACK reseller-account:FLOW_FREE reseller-account:POWER_BI_STANDARD reseller-account:TEAMS_COMMERCIAL_TRIAL","Nick Kuzewicz"
"pavlo.nikolaienko@omnii.com.au","AU","reseller-account:MCOPSTNEAU2 reseller-account:MCOEV reseller-account:ENTERPRISEPACK reseller-account:FLOW_FREE reseller-account:POWER_BI_STANDARD reseller-account:TEAMS_COMMERCIAL_TRIAL","Pavlo Nikolaienko"
"peter.glodic@omnii.com.au","AU","reseller-account:MCOPSTNEAU2 reseller-account:MCOEV reseller-account:ENTERPRISEPACK reseller-account:FLOW_FREE reseller-account:POWER_BI_STANDARD reseller-account:TEAMS_COMMERCIAL_TRIAL","Peter Glodic"
"rusthi.ibralebbe@omnii.com.au","AU","reseller-account:MCOPSTNEAU2 reseller-account:MCOEV reseller-account:ENTERPRISEPACK reseller-account:FLOW_FREE reseller-account:POWER_BI_STANDARD reseller-account:TEAMS_COMMERCIAL_TRIAL","Rusthi Ibralebbe"
"sonja.tyris@omnii.com.au","AU","reseller-account:MCOEV reseller-account:MCOPSTNEAU2 reseller-account:ENTERPRISEPACK reseller-account:FLOW_FREE reseller-account:POWER_BI_STANDARD","Sonja Tyris"
"stephanie.kukulka@omnii.com.au","AU","reseller-account:MCOPSTNEAU2 reseller-account:MCOEV reseller-account:ENTERPRISEPACK reseller-account:FLOW_FREE reseller-account:POWER_BI_STANDARD reseller-account:TEAMS_COMMERCIAL_TRIAL","Stephanie Kukulka"
"thomas.thorne@omnii.com.au","AU","reseller-account:MCOPSTNEAU2 reseller-account:MCOEV reseller-account:ENTERPRISEPACK reseller-account:FLOW_FREE reseller-account:POWER_BI_STANDARD reseller-account:TEAMS_COMMERCIAL_TRIAL","Thomas Thorne"
"tom.robson@omnii.com.au","AU","reseller-account:MCOPSTNEAU2 reseller-account:MCOEV reseller-account:ENTERPRISEPACK reseller-account:FLOW_FREE reseller-account:POWER_BI_STANDARD reseller-account:TEAMS_COMMERCIAL_TRIAL","Tom Robson"
"usama.masood@omnii.com.au","AU","reseller-account:MCOPSTNEAU2 reseller-account:MCOEV reseller-account:ENTERPRISEPACK reseller-account:FLOW_FREE reseller-account:POWER_BI_STANDARD reseller-account:TEAMS_COMMERCIAL_TRIAL","Usama Masood"
"varun.patel@omnii.com.au","AU","reseller-account:ENTERPRISEPACK reseller-account:FLOW_FREE reseller-account:POWER_BI_STANDARD reseller-account:TEAMS_COMMERCIAL_TRIAL","Varun Patel"
"wayne.bretherton@omnii.com.au","AU","reseller-account:FLOW_FREE reseller-account:POWER_BI_STANDARD reseller-account:TEAMS_COMMERCIAL_TRIAL reseller-account:O365_BUSINESS_PREMIUM","Wayne Bretherton"
"yennee.lee@omnii.com.au","AU","reseller-account:TEAMS_COMMERCIAL_TRIAL reseller-account:TEAMS_EXPLORATORY reseller-account:POWER_BI_STANDARD reseller-account:FLOW_FREE reseller-account:O365_BUSINESS_PREMIUM","Yennee Lee"
