"UserPrincipalName","UsageLocation","Licenses Type","DisplayName"
"adam.keily@omnii.com.au","AU","reseller-account:MCOPSTNEAU2 reseller-account:MCOEV reseller-account:ENTERPRISEPACK reseller-account:POWER_BI_STANDARD reseller-account:TEAMS_COMMERCIAL_TRIAL reseller-account:FLOW_FREE","Adam Keily"
"aleksandra.mirkovic@omnii.com.au","AU","reseller-account:POWER_BI_STANDARD reseller-account:TEAMS_COMMERCIAL_TRIAL reseller-account:FLOW_FREE reseller-account:O365_BUSINESS_PREMIUM","Aleksandra Mirkovic"
"alex.symeonidis@omnii.com.au","AU","reseller-account:POWER_BI_STANDARD reseller-account:TEAMS_COMMERCIAL_TRIAL reseller-account:FLOW_FREE reseller-account:O365_BUSINESS_PREMIUM","Alex Symeonidis"
"alexander.kudriavcev@omnii.com.au","AU","reseller-account:POWER_BI_STANDARD reseller-account:TEAMS_COMMERCIAL_TRIAL reseller-account:FLOW_FREE reseller-account:O365_BUSINESS_PREMIUM","Alexander Kudriavcev"
"alison.peet@omnii.com.au","AU","reseller-account:POWER_BI_STANDARD reseller-account:TEAMS_COMMERCIAL_TRIAL reseller-account:O365_BUSINESS_PREMIUM reseller-account:FLOW_FREE","Alison Peet"
"andrew.brennan@omnii.com.au","AU","reseller-account:POWER_BI_STANDARD reseller-account:TEAMS_COMMERCIAL_TRIAL reseller-account:FLOW_FREE reseller-account:O365_BUSINESS_PREMIUM","Andrew Brennan"
"andrew.martin@omnii.com.au","AU","reseller-account:POWER_BI_STANDARD reseller-account:TEAMS_COMMERCIAL_TRIAL reseller-account:O365_BUSINESS_PREMIUM reseller-account:FLOW_FREE","Andrew Martin"
"angela.arum@omnii.com.au","AU","reseller-account:POWER_BI_STANDARD reseller-account:TEAMS_COMMERCIAL_TRIAL reseller-account:FLOW_FREE reseller-account:O365_BUSINESS_PREMIUM","Angela Arum"
"anna.osborne@omnii.com.au","AU","reseller-account:POWER_BI_STANDARD reseller-account:TEAMS_COMMERCIAL_TRIAL reseller-account:FLOW_FREE reseller-account:O365_BUSINESS_PREMIUM","Anna Osborne"
"asad.amerjee@omnii.com.au","AU","reseller-account:POWER_BI_STANDARD reseller-account:TEAMS_COMMERCIAL_TRIAL reseller-account:FLOW_FREE reseller-account:O365_BUSINESS_PREMIUM","Asad Amerjee"
"bart.gistelinck@omnii.com.au","AU","reseller-account:POWER_BI_STANDARD reseller-account:TEAMS_COMMERCIAL_TRIAL reseller-account:FLOW_FREE reseller-account:O365_BUSINESS_PREMIUM","Bart Gistelinck"
"brendan.garvey@omnii.com.au","AU","reseller-account:POWER_BI_STANDARD reseller-account:TEAMS_COMMERCIAL_TRIAL reseller-account:FLOW_FREE reseller-account:O365_BUSINESS_PREMIUM","Brendan Garvey"
"brett.mcgiveron@omnii.com.au","AU","reseller-account:POWER_BI_STANDARD reseller-account:TEAMS_COMMERCIAL_TRIAL reseller-account:FLOW_FREE reseller-account:O365_BUSINESS_PREMIUM","Brett McGiveron"
"brittany.goddaer@omnii.com.au","AU","reseller-account:MCOEV reseller-account:MCOPSTNEAU2 reseller-account:ENTERPRISEPACK reseller-account:POWER_BI_STANDARD reseller-account:FLOW_FREE","Brittany Goddaer"
"chris.lee@omnii.com.au","AU","reseller-account:POWER_BI_STANDARD reseller-account:TEAMS_COMMERCIAL_TRIAL reseller-account:FLOW_FREE reseller-account:O365_BUSINESS_PREMIUM","Chris Lee"
"chris.mauch@omnii.com.au","AU","reseller-account:FLOW_FREE reseller-account:POWER_BI_STANDARD reseller-account:TEAMS_COMMERCIAL_TRIAL reseller-account:O365_BUSINESS_PREMIUM","Chris Mauch"
"craig.banks@omnii.com.au","AU","reseller-account:FLOW_FREE reseller-account:POWER_BI_STANDARD reseller-account:TEAMS_COMMERCIAL_TRIAL reseller-account:O365_BUSINESS_PREMIUM","Craig Banks"
"Craig.Poulter@omnii.com.au","AU","reseller-account:FLOW_FREE reseller-account:POWER_BI_STANDARD reseller-account:TEAMS_COMMERCIAL_TRIAL reseller-account:O365_BUSINESS_PREMIUM","Craig Poulter"
"Dana.Hood@omnii.com.au","AU","reseller-account:MCOEV reseller-account:MCOPSTNEAU2 reseller-account:ENTERPRISEPACK reseller-account:POWER_BI_STANDARD reseller-account:FLOW_FREE","Dana Hood"
"daryan.othman@omnii.com.au","AU","reseller-account:POWER_BI_STANDARD reseller-account:TEAMS_COMMERCIAL_TRIAL reseller-account:O365_BUSINESS_PREMIUM reseller-account:FLOW_FREE","Daryan Othman"
"david.fox@omnii.com.au","AU","reseller-account:FLOW_FREE reseller-account:POWER_BI_STANDARD reseller-account:TEAMS_COMMERCIAL_TRIAL reseller-account:O365_BUSINESS_PREMIUM","David Fox"
"denise.huckel@omnii.com.au","AU","reseller-account:POWER_BI_STANDARD reseller-account:TEAMS_COMMERCIAL_TRIAL reseller-account:FLOW_FREE reseller-account:O365_BUSINESS_PREMIUM","Denise Huckel"
"scott.young@omnii.com.au","AU","reseller-account:FLOW_FREE reseller-account:POWER_BI_STANDARD reseller-account:TEAMS_COMMERCIAL_TRIAL reseller-account:O365_BUSINESS_PREMIUM","Dr Scott Young"
"dwayne.smith@omnii.com.au","AU","reseller-account:FLOW_FREE reseller-account:POWER_BI_STANDARD reseller-account:TEAMS_COMMERCIAL_TRIAL reseller-account:O365_BUSINESS_PREMIUM","Dwayne Smith"
"ed.rea@omnii.com.au","AU","reseller-account:FLOW_FREE reseller-account:POWER_BI_STANDARD reseller-account:TEAMS_COMMERCIAL_TRIAL reseller-account:O365_BUSINESS_PREMIUM","Ed Rea"
"evelyn.wagner@omnii.com.au","AU","reseller-account:FLOW_FREE reseller-account:POWER_BI_STANDARD reseller-account:TEAMS_COMMERCIAL_TRIAL reseller-account:O365_BUSINESS_PREMIUM","Evelyn Chiabai Wagner"
"gerard.foster@omnii.com.au","AU","reseller-account:FLOW_FREE reseller-account:POWER_BI_STANDARD reseller-account:TEAMS_COMMERCIAL_TRIAL reseller-account:O365_BUSINESS_PREMIUM","Gerard Foster"
"graham.timms@omnii.com.au","AU","reseller-account:FLOW_FREE reseller-account:POWER_BI_STANDARD reseller-account:TEAMS_COMMERCIAL_TRIAL reseller-account:O365_BUSINESS_PREMIUM","Graham Timms"
"hagege.weldu@omnii.com.au","AU","reseller-account:FLOW_FREE reseller-account:POWER_BI_STANDARD reseller-account:TEAMS_COMMERCIAL_TRIAL reseller-account:O365_BUSINESS_PREMIUM","Hagege Weldu"
"harley.whaikawa@omnii.com.au","AU","reseller-account:FLOW_FREE reseller-account:POWER_BI_STANDARD reseller-account:TEAMS_COMMERCIAL_TRIAL reseller-account:O365_BUSINESS_PREMIUM","Harley Whaikawa"
"harry.wall@omnii.com.au","AU","reseller-account:POWER_BI_STANDARD reseller-account:TEAMS_COMMERCIAL_TRIAL reseller-account:O365_BUSINESS_PREMIUM reseller-account:FLOW_FREE","Harry Wall"
"joseph.parent@omnii.com.au","AU","reseller-account:POWER_BI_STANDARD reseller-account:TEAMS_COMMERCIAL_TRIAL reseller-account:O365_BUSINESS_PREMIUM reseller-account:FLOW_FREE","Joseph Parent"
"kayla.brannan@omnii.com.au","AU","reseller-account:MCOEV reseller-account:MCOPSTNEAU2 reseller-account:ENTERPRISEPACK reseller-account:POWER_BI_STANDARD reseller-account:FLOW_FREE","Kayla Brannan"
"liam.brandon@omnii.com.au","AU","reseller-account:FLOW_FREE reseller-account:POWER_BI_STANDARD reseller-account:TEAMS_COMMERCIAL_TRIAL reseller-account:O365_BUSINESS_PREMIUM","Liam Brandon"
"marcello.arbaci@omnii.com.au","AU","reseller-account:TEAMS_COMMERCIAL_TRIAL reseller-account:O365_BUSINESS_PREMIUM reseller-account:MCOMEETADV reseller-account:POWER_BI_STANDARD reseller-account:TEAMS_EXPLORATORY reseller-account:FLOW_FREE","Marcello Arbaci"
"maree.murphy@omnii.com.au","AU","reseller-account:MCOEV reseller-account:MCOPSTNEAU2 reseller-account:ENTERPRISEPACK reseller-account:FLOW_FREE reseller-account:POWER_BI_STANDARD","Maree Murphy"
"medo.mustafa@omnii.com.au","AU","reseller-account:FLOW_FREE reseller-account:POWER_BI_STANDARD reseller-account:TEAMS_COMMERCIAL_TRIAL reseller-account:O365_BUSINESS_PREMIUM","Medo Mustafa"
"melissa.podruzny@omnii.com.au","US","reseller-account:FLOW_FREE reseller-account:POWER_BI_STANDARD reseller-account:TEAMS_COMMERCIAL_TRIAL reseller-account:O365_BUSINESS_PREMIUM","Melissa Podruzny"
"micheal.abbot@omnii.com.au","AU","reseller-account:FLOW_FREE reseller-account:POWER_BI_STANDARD reseller-account:TEAMS_COMMERCIAL_TRIAL reseller-account:O365_BUSINESS_PREMIUM","Micheal Abbot"
"Neelesh.Chandiran@omnii.com.au","AU","reseller-account:FLOW_FREE reseller-account:POWER_BI_STANDARD reseller-account:TEAMS_COMMERCIAL_TRIAL reseller-account:O365_BUSINESS_PREMIUM","Neelesh Chandiran"
"nick.kuzewicz@omnii.com.au","AU","reseller-account:FLOW_FREE reseller-account:POWER_BI_STANDARD reseller-account:TEAMS_COMMERCIAL_TRIAL reseller-account:O365_BUSINESS_PREMIUM","Nick Kuzewicz"
"pavlo.nikolaienko@omnii.com.au","AU","reseller-account:FLOW_FREE reseller-account:POWER_BI_STANDARD reseller-account:TEAMS_COMMERCIAL_TRIAL reseller-account:O365_BUSINESS_PREMIUM","Pavlo Nikolaienko"
"peter.glodic@omnii.com.au","AU","reseller-account:FLOW_FREE reseller-account:POWER_BI_STANDARD reseller-account:TEAMS_COMMERCIAL_TRIAL reseller-account:O365_BUSINESS_PREMIUM","Peter Glodic"
"rusthi.ibralebbe@omnii.com.au","AU","reseller-account:FLOW_FREE reseller-account:POWER_BI_STANDARD reseller-account:TEAMS_COMMERCIAL_TRIAL reseller-account:O365_BUSINESS_PREMIUM","Rusthi Ibralebbe"
"sonja.tyris@omnii.com.au","AU","reseller-account:MCOEV reseller-account:MCOPSTNEAU2 reseller-account:ENTERPRISEPACK reseller-account:FLOW_FREE reseller-account:POWER_BI_STANDARD","Sonja Tyris"
"stephanie.kukulka@omnii.com.au","AU","reseller-account:FLOW_FREE reseller-account:POWER_BI_STANDARD reseller-account:TEAMS_COMMERCIAL_TRIAL reseller-account:O365_BUSINESS_PREMIUM","Stephanie Kukulka"
"thomas.thorne@omnii.com.au","AU","reseller-account:FLOW_FREE reseller-account:POWER_BI_STANDARD reseller-account:TEAMS_COMMERCIAL_TRIAL reseller-account:O365_BUSINESS_PREMIUM","Thomas Thorne"
"tom.robson@omnii.com.au","AU","reseller-account:FLOW_FREE reseller-account:POWER_BI_STANDARD reseller-account:TEAMS_COMMERCIAL_TRIAL reseller-account:O365_BUSINESS_PREMIUM","Tom Robson"
"usama.masood@omnii.com.au","AU","reseller-account:FLOW_FREE reseller-account:POWER_BI_STANDARD reseller-account:TEAMS_COMMERCIAL_TRIAL reseller-account:O365_BUSINESS_PREMIUM","Usama Masood"
"varun.patel@omnii.com.au","AU","reseller-account:FLOW_FREE reseller-account:POWER_BI_STANDARD reseller-account:TEAMS_COMMERCIAL_TRIAL reseller-account:O365_BUSINESS_PREMIUM","Varun Patel"
"wayne.bretherton@omnii.com.au","AU","reseller-account:FLOW_FREE reseller-account:POWER_BI_STANDARD reseller-account:TEAMS_COMMERCIAL_TRIAL reseller-account:O365_BUSINESS_PREMIUM","Wayne Bretherton"
"yennee.lee@omnii.com.au","AU","reseller-account:TEAMS_COMMERCIAL_TRIAL reseller-account:TEAMS_EXPLORATORY reseller-account:POWER_BI_STANDARD reseller-account:FLOW_FREE reseller-account:O365_BUSINESS_PREMIUM","Yennee Lee"
