UPN,Name,Number,State
adam.keily@omnii.com.au,Adam Keily,61386277400,VIC
aleksandra.mirkovic@omnii.com.au,Aleksandra Mirkovic,61732237309,QLD 
alex.symeonidis@omnii.com.au,Alex Symeonidis,61386277401,VIC
alexander.kudriavcev@omnii.com.au,Alexander Kudriavcev,61386277402,VIC
alison.peet@omnii.com.au,Alison Peet,61732237318,QLD 
andrew.brennan@omnii.com.au,Andrew Brennan,61732237302,QLD 
andrew.martin@omnii.com.au,Andrew Martin,61288718220,NSW
angela.arum@omnii.com.au,Angela Arum,61732237329,QLD 
anna.osborne@omnii.com.au,Anna Osborne,61732237314,QLD 
asad.amerjee@omnii.com.au,Asad Amerjee,61386277403,VIC
bart.gistelinck@omnii.com.au,Bart Gistelinck,61732237313,QLD 
brendan.garvey@omnii.com.au,Brendan Garvey,61732237319,QLD 
brett.mcgiveron@omnii.com.au,Brett McGiveron,61732237321,QLD 
brittany.goddaer@omnii.com.au,Brittany Goddaer,61732237320,QLD 
chris.lee@omnii.com.au,Chris Lee,61732237322,QLD 
chris.mauch@omnii.com.au,Chris Mauch,61386277404,VIC
craig.banks@omnii.com.au,Craig Banks,61732237323,QLD 
Craig.Poulter@omnii.com.au,Craig Poulter,61288718221,NSW
Dana.Hood@omnii.com.au,Dana Hood,61386277405,VIC
daryan.othman@omnii.com.au,Daryan Othman,61732237324,QLD 
david.fox@omnii.com.au,David Fox,61732237325,QLD 
denise.huckel@omnii.com.au,Denise Huckel,61732237306,QLD 
scott.young@omnii.com.au,Dr Scott Young,61386277406,VIC
dwayne.smith@omnii.com.au,Dwayne Smith,61732237305,QLD 
ed.rea@omnii.com.au,Ed Rea,61288718222,NSW
evelyn.wagner@omnii.com.au,Evelyn Chiabai Wagner,61732237333,QLD 
gerard.foster@omnii.com.au,Gerard Foster,61386277407,VIC
graham.timms@omnii.com.au,Graham Timms,61732237312,QLD 
hagege.weldu@omnii.com.au,Hagege Weldu,61732237330,QLD 
harley.whaikawa@omnii.com.au,Harley Whaikawa,61732237311,QLD 
harry.wall@omnii.com.au,Harry Wall,61732237308,QLD 
joseph.parent@omnii.com.au,Joseph Parent,61732237331,QLD 
kayla.brannan@omnii.com.au,Kayla Brannan,61732237326,QLD 
liam.brandon@omnii.com.au,Liam Brandon,61732237332,QLD 
marcello.arbaci@omnii.com.au,Marcello Arbaci,61386277410,VIC
maree.murphy@omnii.com.au,Maree Murphy,61732237316,QLD 
medo.mustafa@omnii.com.au,Medo Mustafa,61732237317,QLD 
melissa.podruzny@omnii.com.au,Melissa Podruzny,61386277409,VIC
micheal.abbot@omnii.com.au,Micheal Abbot,61732237328,QLD 
Neelesh.Chandiran@omnii.com.au,Neelesh Chandiran,61732237307,QLD 
nick.kuzewicz@omnii.com.au,Nick Kuzewicz,61732237304,QLD 
pavlo.nikolaienko@omnii.com.au,Pavlo Nikolaienko,61732237310,QLD 
peter.glodic@omnii.com.au,Peter Glodic,61732237301,QLD 
rusthi.ibralebbe@omnii.com.au,Rusthi Ibralebbe,61386277408,VIC
sonja.tyris@omnii.com.au,Sonja Tyris,61386277411,VIC
stephanie.kukulka@omnii.com.au,Stephanie Kukulka,61386277412,VIC
thomas.thorne@omnii.com.au,Thomas Thorne,61732237327,QLD 
tom.robson@omnii.com.au,Tom Robson,61732237315,QLD 
usama.masood@omnii.com.au,Usama Masood,61386277413,VIC
varun.patel@omnii.com.au,Varun Patel,61386277414,VIC
wayne.bretherton@omnii.com.au,Wayne Bretherton,61732237303,QLD 
yennee.lee@omnii.com.au,Yennee Lee,61386277415,VIC
