"DisplayName","UserPrincipalName","OnlineDialOutPolicy"
"Amanda Allen","amanda.allen@bpeq.qld.gov.au",
"Kaine Barton","Kaine.Barton@bpeq.qld.gov.au",
"Joseph Aquilina","joseph.aquilina@bpeq.qld.gov.au",
"Teresa Montgomery","Teresa.montgomery@bpeq.qld.gov.au",
"Christine Jacka","christine.jacka@bpeq.qld.gov.au",
"Fred Morris","Fred.Morris@bpeq.qld.gov.au",
"Selma Saldic","selma.saldic@bpeq.qld.gov.au",
"Judy Abernethy","judy.abernethy@bpeq.qld.gov.au",
"Danica Vell","danica.vell@bpeq.qld.gov.au",
"Nathaniel Tunney","nathaniel.tunney@bpeq.qld.gov.au",
"Teresa Montgomery","Teresa.montgomery@bpeq.qld.gov.au",
"Ashok Fenwick","ashok.fenwick@bpeq.qld.gov.au",
"Bahira Hadzic","bahira.hadzic@bpeq.qld.gov.au",
"Andy Hodgson","andy.hodgson@bpeq.qld.gov.au",
"Kahlee Mace","Kahlee.Mace@bpeq.qld.gov.au",
"Joseph Polson","joseph.polson@bpeq.qld.gov.au",
"Carl Settgast","carl.settgast@bpeq.qld.gov.au",
"Amanda Allen","amanda.allen@bpeq.qld.gov.au","Global"
"Kaine Barton","Kaine.Barton@bpeq.qld.gov.au","Global"
"Joseph Aquilina","joseph.aquilina@bpeq.qld.gov.au","DialoutCPCandPSTNInternational"
"Teresa Montgomery","Teresa.montgomery@bpeq.qld.gov.au","DialoutCPCandPSTNInternational"
"Christine Jacka","christine.jacka@bpeq.qld.gov.au","DialoutCPCandPSTNInternational"
"Fred Morris","Fred.Morris@bpeq.qld.gov.au","Global"
"Selma Saldic","selma.saldic@bpeq.qld.gov.au","DialoutCPCandPSTNInternational"
"Judy Abernethy","judy.abernethy@bpeq.qld.gov.au","DialoutCPCandPSTNInternational"
"Danica Vell","danica.vell@bpeq.qld.gov.au","DialoutCPCandPSTNInternational"
"Nathaniel Tunney","nathaniel.tunney@bpeq.qld.gov.au","Global"
"Teresa Montgomery","Teresa.montgomery@bpeq.qld.gov.au","DialoutCPCandPSTNInternational"
"Ashok Fenwick","ashok.fenwick@bpeq.qld.gov.au","DialoutCPCandPSTNInternational"
"Bahira Hadzic","bahira.hadzic@bpeq.qld.gov.au","DialoutCPCandPSTNInternational"
"Andy Hodgson","andy.hodgson@bpeq.qld.gov.au","DialoutCPCandPSTNInternational"
"Kahlee Mace","Kahlee.Mace@bpeq.qld.gov.au","DialoutCPCandPSTNInternational"
"Joseph Polson","joseph.polson@bpeq.qld.gov.au","DialoutCPCandPSTNInternational"
"Carl Settgast","carl.settgast@bpeq.qld.gov.au","DialoutCPCandPSTNInternational"
