"DisplayName","UserPrincipalName","MFA Status"
"[ENTAG] Test MFA User","testmfa@autopact.com.au","Enforced"
"Alana Tyshing","alana.tyshing@calcityautos.com.au","Disabled"
"Peta Davis","peta.davis@calcityautos.com.au","Disabled"
"Scott Maxwell","scott.maxwell@cricks.com.au","Enforced"
"David Cunningham","david.cunningham@calcityautos.com.au","Disabled"
"Benjamin Kenward","Ben.kenward@calcityautos.com.au","Disabled"
"Brianna Comblas","brianna.comblas@calcityautos.com.au","Disabled"
"John Braithwaite","john.braithwaite@calcityautos.com.au","Disabled"
"Pearce De Costa","pearce.decosta@calcityautos.com.au","Disabled"
"Mark Wheeler","mark.wheeler@calcityautos.com.au","Disabled"
"Carlee-Rae Sparks","Carlee.Sparks@calcityautos.com.au","Disabled"
"Marilyn Donahoe","marilyn.donahoe@calcityautos.com.au","Disabled"
"Toni Matheson","toni.matheson@calcityautos.com.au","Disabled"
"Nathan Gillbee","nathan.gillbee@calcityautos.com.au","Disabled"
"John McAndrew","john.mcandrew@calcityautos.com.au","Disabled"
"Michael Nalder","michael.nalder@calcityautos.com.au","Disabled"
"Adam Rushton","adam.rushton@calcityautos.com.au","Disabled"
"Dion Loudoun","dion.loudoun@calcityautos.com.au","Disabled"
"Adam Skelton","adam.skelton@calcityautos.com.au","Disabled"
"Nigel Jones","nigel.jones@calcityautos.com.au","Disabled"
"John Schubert","john.schubert@calcityautos.com.au","Disabled"
"Gavin Rutledge","gavin.rutledge@calcityautos.com.au","Disabled"
"Matthew Delforno","matt.delforno@calcityautos.com.au","Disabled"
"Liz McGee","liz.mcgee@calcityautos.com.au","Disabled"
"Dan Hunt - Caloundra City Autos","dan.hunt@calcityautos.com.au","Disabled"
"Aidan Morgan","aidan.morgan@coastlinebmw.com.au","Disabled"
"Joe.mchutchison","joe.mchutchison@coastlinebmw.com.au","Disabled"
"[Archive]Andrew Whitehead","andrew.whitehead@coastlinebmw.com.au","Disabled"
"[Archive]Tarryn Sparkes","tarryn.sparkes@coastlinebmw.com.au","Disabled"
"Casey Dyke","casey.dyke@coastlinebmw.com.au","Disabled"
"Belinda Jones","belinda.jones@coastlinebmw.com.au","Disabled"
"Russell Fink","russell.fink@coastlinebmw.com.au","Disabled"
"Samuel Cadzow","samuel.cadzow@coastlinebmw.com.au","Disabled"
"Jared Bates","jared.bates@coastlinebmw.com.au","Disabled"
"Jake Nalder","jake.nalder@coastlinebmw.com.au","Disabled"
"Daniel Jones","daniel.jones@coastlinebmw.com.au","Disabled"
"Steed Chedgey","steed.chedgey@coastlinebmw.com.au","Disabled"
"Daniel Joyce","daniel.joyce@coastlinebmw.com.au","Enforced"
"Mel Firkin","mel.firkin@coastlinebmw.com.au","Disabled"
"Neil Harper","neil.harper@coastlinebmw.com.au","Disabled"
"Patrick Chancellor","patrick.chancellor@coastlinebmw.com.au","Disabled"
"Jordan Matheson-Avery","jordan.mathesonavery@coastlinebmw.com.au","Disabled"
"Ryan Horne","ryan.horne@coastlinebmw.com.au","Disabled"
"Matthew Blackley","matthew.blackley@coastlinebmw.com.au","Disabled"
"Adam Harris","adam.harris@coastlinebmw.com.au","Disabled"
"Richard Ramos","richard.ramos@coastlinebmw.com.au","Disabled"
"Peter Cameron","peter.cameron@coastlinebmw.com.au","Disabled"
"Brad Bailey","brad.bailey@coastlinebmw.com.au","Disabled"
"Joseph Adams","joseph.adams@coastlinebmw.com.au","Enforced"
"Lenore McManus","lenore.mcmanus@coastlinebmw.com.au","Disabled"
"Cherie Lerm","cherie.lerm@coastlinebmw.com.au","Disabled"
"wash bay","wash.bay@coastlinebmw.com.au","Disabled"
"Max Bremner","max.bremner@coastlinebmw.com.au","Disabled"
"[Archive]Chris Cuthbert","chris.cuthbert@coastlinebmw.com.au","Disabled"
"Joshua Woollett","joshua.woollett@coastlinebmw.com.au","Disabled"
"Brad Butcher","brad.butcher@coastlinebmw.com.au","Disabled"
"Todd Hansen","todd.hansen@coastlinebmw.com.au","Disabled"
"Tristan Zibert","tristan.zibert@coastlinebmw.com.au","Disabled"
"Scott Maidment","scott.maidment@coastlinebmw.com.au","Disabled"
"Kelly Nisbet","kelly.nisbet@coastlinebmw.com.au","Enforced"
"Amigo Bugeaud","amigo.bugeaud@coastlinebmw.com.au","Disabled"
"John Waterhouse","john.waterhouse@coastlinebmw.com.au","Disabled"
"Sara Dimitriou","sara.dimitriou@coastlinebmw.com.au","Disabled"
"Adam Sutherland","adam.sutherland@coastlinebmw.com.au","Disabled"
"Martin Hughes","martin.hughes@coastlinebmw.com.au","Disabled"
"Peta Waldron","peta.waldron@coastlinebmw.com.au","Disabled"
"Scott Dyke","scott.dyke@coastlinebmw.com.au","Disabled"
"Kathleen Bias","kathleen.bias@coastlinebmw.com.au","Disabled"
"Daniel Cantwell","daniel.cantwell@coastlinebmw.com.au","Disabled"
"Chris Simmons","chris.simmons@coastlinebmw.com.au","Disabled"
"Olivia Henderson","olivia.henderson@coastlinebmw.com.au","Disabled"
"Russel Tolcher","russel.tolcher@coastlinebmw.com.au","Disabled"
"Madonna Brown","madonna.brown@coastlinebmw.com.au","Disabled"
"Eszter Torok","eszter.torok@coastlinebmw.com.au","Disabled"
"Joe Farrell","joe.farrell@coastlinebmw.com.au","Disabled"
"Diana Calligaris","diana.calligaris@coastlinebmw.com.au","Disabled"
"Kyle Gilroy","kyle.gilroy@coastlinebmw.com.au","Disabled"
"Alex Reynolds","alex.reynolds@coastlinebmw.com.au","Disabled"
"[Archive]Tim Simon","tim.simon@coastlinebmw.com.au","Disabled"
"Kristian McRorie","kristian.mcrorie@coastlinebmw.com.au","Disabled"
"Georgia Aldred","georgia.aldred@coastlinebmw.com.au","Disabled"
"Nicole Clennell","nicole.clennell@coastlinebmw.com.au","Disabled"
"Maddison Born","maddison.born@coastlinebmw.com.au","Disabled"
"Fiona Jones","fiona.jones@coastlinebmw.com.au","Disabled"
"Jeff Dempsey","jeff.dempsey@coastlinebmw.com.au","Disabled"
"Mark Costi","mark.costi@coastlinebmw.com.au","Disabled"
"Ryan Brown","ryan.brown@coastlinebmw.com.au","Disabled"
"Darren Newell","darren.newell@coastlinebmw.com.au","Disabled"
"[Archive]James Baldwin","james.baldwin@coastlinebmw.com.au","Disabled"
"Chris Callow","chris.callow@coastlinebmw.com.au","Disabled"
"Tegan Hey","tegan.hey@coastlinebmw.com.au","Disabled"
"Stuart Perry","stuart.perry@cricks.com.au","Disabled"
"Chris Lindress","chris.lindress@cricks.com.au","Disabled"
"John Ellis","john.ellis@cricks.com.au","Disabled"
"Accounts Receivable","accounts.receivable@cricks.com.au","Disabled"
"Jeffrey Walter","jeffrey.walter@cricks.com.au","Disabled"
"Greg Chisholm","greg.chisholm@cricks.com.au","Disabled"
"Jamie Staveley","jamie.staveley@cricks.com.au","Disabled"
"Jacob Fajarda","jacob.fajarda@cricks.com.au","Disabled"
"Trent Keirnan","trent.keirnan@cricks.com.au","Disabled"
"Nathan Corbishley","nathan.corbishley@cricks.com.au","Disabled"
"Sean Maher","sean.maher@cricks.com.au","Disabled"
"Thomas Weber","thomas.weber@cricks.com.au","Disabled"
"Tammara See","tammara.see@cricks.com.au","Disabled"
"Workshop","workshop.wises@cricks.com.au","Disabled"
"Richard Hansen","richard.hansen@cricks.com.au","Disabled"
"Linda Russell","linda.russell@cricks.com.au","Disabled"
"Michael Farr","michael.farr@cricks.com.au","Disabled"
"Ryan Derrick","ryan.derrick@cricks.com.au","Disabled"
"Andrew Seeley","andrew.seeley@cricks.com.au","Disabled"
"Naveen Silva","naveen.silva@cricks.com.au","Disabled"
"Dan Hunt","dan.hunt@cricks.com.au","Disabled"
"Darren Hearnden","darren.hearnden@cricks.com.au","Disabled"
"Gary Taft","gary.taft@cricks.com.au","Disabled"
"Matthew Walker","matthew.walker@cricks.com.au","Disabled"
"Malcolm Flanigan","malcolm.flanigan@cricks.com.au","Disabled"
"Jamie Wesener","jamie.wesener@cricks.com.au","Disabled"
"Brock Hancock","brock.hancock@cricks.com.au","Disabled"
"Steve Wenzel","steve.wenzel@cricks.com.au","Disabled"
"Brenton Hyde","brenton.hyde@calcityautos.com.au","Disabled"
"Lee-Anne Reynolds","leeanne.reynolds@cricks.com.au","Disabled"
"Rebecca Grimmett","rebecca.grimmett@cricks.com.au","Disabled"
"Bruce Truloff","bruce.truloff@cricks.com.au","Disabled"
"David Fruscalzo","david.fruscalzo@cricks.com.au","Disabled"
"Brady Reinhardt","brady.reinhardt@cricks.com.au","Disabled"
"Nikki Wilson","nikki.wilson@cricks.com.au","Disabled"
"Elle Fruscalzo","elle.fruscalzo@cricks.com.au","Disabled"
"Wayne Herring","wayne.herring@cricks.com.au","Disabled"
"Michael Goodeve","michael.goodeve@cricks.com.au","Disabled"
"Anthony Williams","anthony.williams@cricks.com.au","Enforced"
"Julie Hamilton","julie.hamilton@cricks.com.au","Disabled"
"Ian Brittain","ian.brittain@cricks.com.au","Disabled"
"Dean Drysdale","dean.drysdale@cricks.com.au","Disabled"
"Beau Ussher","beau.ussher@cricks.com.au","Disabled"
"Tony Martin","tony.martin@cricks.com.au","Disabled"
"Sean Ward","sean.ward@cricks.com.au","Enforced"
"Kyle Mills","kyle.mills@cricks.com.au","Disabled"
"Shane Taylor","shane.taylor@cricks.com.au","Disabled"
"Maire Morrison","maire.morrison@cricks.com.au","Disabled"
"Ian Bonney","ian.bonney@cricks.com.au","Disabled"
"Frank Yandall","frank.yandall@cricks.com.au","Disabled"
"Leah Thompson","leah.thompson@cricks.com.au","Disabled"
"Andrew Oliver","andrew.oliver@cricks.com.au","Disabled"
"Aaron Bell","aaron.bell@cricks.com.au","Disabled"
"Mick Wroe","mick.wroe@cricks.com.au","Disabled"
"Adam Baillie","adam.baillie@cricks.com.au","Disabled"
"Kaylah Vandermaal","kaylah.vandermaal@cricks.com.au","Disabled"
"Corey Rogers","corey.rogers@cricks.com.au","Disabled"
"Renita Bell","renita.bell@cricks.com.au","Disabled"
"Javorn Walter","javorn.walter@cricks.com.au","Disabled"
"Pre Delivery Noosa","pd.noosa@cricks.com.au","Disabled"
"Michelle O'Brien","michelle.obrien@autopact.com.au","Disabled"
"Mustafa Agharas","mustafa.agharas@cricks.com.au","Disabled"
"Rae Smith","rae.smith@cricks.com.au","Disabled"
"Stephen Hehir","stephen.hehir@cricks.com.au","Disabled"
"Linda Little","linda.little@cricks.com.au","Disabled"
"Josh Dickson","josh.dickson@cricks.com.au","Disabled"
"Joshua Mills","Joshua.mills@cricks.com.au","Disabled"
"Ryan Harding","ryan.harding@cricks.com.au","Disabled"
"Ben Hall","ben.hall@cricks.com.au","Disabled"
"Andrew Green","andrew.green@cricks.com.au","Disabled"
"Glenn Mounsey","glenn.mounsey@cricks.com.au","Disabled"
"Donna Bulmer","donna.bulmer@cricks.com.au","Disabled"
"Tim Eade","tim.eade@cricks.com.au","Disabled"
"Corey Rigney","corey.rigney@cricks.com.au","Disabled"
"Jamie Wass","jamie.wass@cricks.com.au","Disabled"
"Kyle Dillaway","kyle.dillaway@cricks.com.au","Disabled"
"Sara Riley","sara.riley@cricks.com.au","Disabled"
"Richard Hammett","richard.hammett@cricks.com.au","Disabled"
"Charlotte Palmer-Love","charlotte.love@cricks.com.au","Disabled"
"Elijah Canham","elijah.canham@cricks.com.au","Disabled"
"Michael Stark","michael.stark@cricks.com.au","Disabled"
"Marco Fernando","marco.fernando@cricks.com.au","Disabled"
"Tracey Shore","tracey.shore@cricks.com.au","Disabled"
"Oscar Harrison","oscar.harrison@cricks.com.au","Disabled"
"Tweed Reception","twd.reception@cricks.com.au","Disabled"
"Melanie Grant","mel.grant@cricks.com.au","Disabled"
"Braydon Horne","braydon.horne@cricks.com.au","Disabled"
"Peter Gentle","peter.gentle@cricks.com.au","Disabled"
"Abby McTaggart","abby.mctaggart@cricks.com.au","Disabled"
"Agata Ondraszkova","agata.ondraszkova@cricks.com.au","Disabled"
"Trent Jordan","trent.jordan@cricks.com.au","Disabled"
"Brad Buys","brad.buys@cricks.com.au","Disabled"
"Jodi Harding","jodi.harding@cricks.com.au","Disabled"
"Ray O'Neill","ray.o'neill@cricks.com.au","Disabled"
"Rachel Russon","rachel.russon@cricks.com.au","Disabled"
"Jo Relf","jo.relf@cricks.com.au","Disabled"
"Amy Jordan","amy.jordan@cricks.com.au","Disabled"
"Lee Honan","lee.honan@cricks.com.au","Disabled"
"Ben Nelson","ben.nelson@cricks.com.au","Disabled"
"Brad Currant","brad.currant@cricks.com.au","Disabled"
"Ben Lewis","ben.lewis@cricks.com.au","Disabled"
"Victor Dos Santos","victor.dos.santos@cricks.com.au","Disabled"
"David Hughes","david.hughes@cricks.com.au","Disabled"
"Chris John","chris.john@cricks.com.au","Disabled"
"Terry Broadway","terry.broadway@cricks.com.au","Disabled"
"Jazmine Mcnally","jaz.mcnally@dtsunshinecoast.com.au","Disabled"
"Roz Hazelton","roz.hazelton@cricks.com.au","Disabled"
"Caron Green","caron.green@cricks.com.au","Disabled"
"Lee Baker","lee.baker@dtsunshinecoast.com.au","Disabled"
"Tiana Broadway","tiana.broadway@cricks.com.au","Disabled"
"Christopher Spence","christopher.spence@cricks.com.au","Disabled"
"Haley Godbee","haley.godbee@cricks.com.au","Disabled"
"Lee Atkinson","lee.atkinson@cricks.com.au","Disabled"
"Sherilee Gambie","sherilee.gambie@dtsunshinecoast.com.au","Disabled"
"Matthew Hudson","matthew.hudson@cricks.com.au","Disabled"
"John Healy","john.healy@dtsunshinecoast.com.au","Disabled"
"Christine Triplett","Christine.Triplett@dtsunshinecoast.com.au","Disabled"
"Jane Chapman - DTSC","jane.chapman@dtsunshinecoast.com.au","Disabled"
"Joanne Bourne","joanne.bourne@dcmotors.com.au","Disabled"
"Kevin Smith","kevin.smith@dcmotors.com.au","Disabled"
"Chris Hayes","chris.hayes@dcmotors.com.au","Disabled"
"Peter Scherer","peter.scherer@dcmotors.com.au","Disabled"
"Colin Lester","colin.lester@dcmotors.com.au","Disabled"
"Brooke Doherty","brooke.doherty@dcmotors.com.au","Disabled"
"Lindsay Johnson","lindsay.johnson@dcmotors.com.au","Disabled"
"Elli Wust","elli.wust@dcmotors.com.au","Disabled"
"Sheamus O'Reilly","sheamus.oreilly@dcmotors.com.au","Disabled"
"Jeffrey Skinner","jeffrey.skinner@dcmotors.com.au","Disabled"
"Jennifer Williams","jennifer.williams@dcmotors.com.au","Disabled"
"Lauren Rossow","lauren.rossow@dcmotors.com.au","Disabled"
"Vern Real","vern.real@dcmotors.com.au","Disabled"
"Kevin Carney","kevin.carney@dcmotors.com.au","Disabled"
"Kayley Sutton","kayley.sutton@dcmotors.com.au","Disabled"
"Carrissa Huisman","carrissa.huisman@dcmotors.com.au","Disabled"
"Eric Emerson","eric.emerson@dcmotors.com.au","Disabled"
"David Hallmark","david.hallmark@dcmotors.com.au","Disabled"
"Melissa Finn","melissa.finn@dcmotors.com.au","Disabled"
"Keani Britos","keani.britos@dcmotors.com.au","Disabled"
"Jessica Searle","jessica.searle@dcmotors.com.au","Disabled"
"Graham Marsh","graham.marsh@dcmotors.com.au","Disabled"
"Maya Putt","maya.putt@dcmotors.com.au","Disabled"
"Jacob Samuelsson","jacob.samuelsson@dcmotors.com.au","Disabled"
"Matthew Rosel","matthew.rosel@dcmotors.com.au","Disabled"
"Elly Anderson","elly.anderson@dcmotors.com.au","Disabled"
"Laura Haferkamp","laura.haferkamp@dcmotors.com.au","Disabled"
"Anthony Anderson","anthony.anderson@dcmotors.com.au","Disabled"
"Garion Phillips","garion.phillips@dcmotors.com.au","Disabled"
"Leah Stephenson","leah.stephenson@dcmotors.com.au","Disabled"
"Renee Tucker","renee.tucker@dcmotors.com.au","Disabled"
"Chloe Ryan","chloe.ryan@dcmotors.com.au","Disabled"
"Toni McHugh","toni.mchugh@dcmotors.com.au","Disabled"
"Daryl Mills","daryl.mills@dcmotors.com.au","Disabled"
"Crystal Wilson","crystal.wilson@dcmotors.com.au","Disabled"
"Donna Huff","donna.huff@dcmotors.com.au","Enforced"
"Eryn Mooney","eryn.mooney@dcmotors.com.au","Disabled"
"Keith Krause","keith.krause@dcmotors.com.au","Disabled"
"Karen Ricks","karen.ricks@dcmotors.com.au","Disabled"
"Griffen Lindley","griffen.lindley@dcmotors.com.au","Disabled"
"Maddisan Hooper","maddisan.hooper@dcmotors.com.au","Disabled"
"Kodi Kelly","kodi.kelly@dcmotors.com.au","Disabled"
"Reece Bungard","reece.bungard@dcmotors.com.au","Disabled"
"Ryan Dunne","ryan.dunne@dcmotors.com.au","Disabled"
"Jade Osborne","jade.osborne@dcmotors.com.au","Disabled"
"Michael Mills","michael.mills@dcmotors.com.au","Disabled"
"Daniel Thomasson","daniel.thomasson@dcmotors.com.au","Disabled"
"Summer Collins","summer.collins@dcmotors.com.au","Disabled"
"Jacob Dwyer","jacob.dwyer@dcmotors.com.au","Disabled"
"Victoria Anderson","victoria.anderson@dcmotors.com.au","Disabled"
"Bryce Winter","bryce.winter@dcmotors.com.au","Disabled"
"Elisha Brown","elisha.brown@dcmotors.com.au","Disabled"
"Matthew Eades","matthew.eades@dcmotors.com.au","Disabled"
"Daniel Finn","daniel.finn@dcmotors.com.au","Disabled"
"Kylie Phillips","kylie.phillips@dcmotors.com.au","Disabled"
"Emily Slatter","emily.slatter@dcmotors.com.au","Disabled"
"Brendan Cooper","brendan.cooper@dcmotors.com.au","Enforced"
"Brittany Rose","brittany.rose@dcmotors.com.au","Disabled"
"Jaimee Anderson","jaimee.anderson@dcmotors.com.au","Disabled"
"David Anderson","david.anderson@dcmotors.com.au","Disabled"
"Jake Crosswell","jake.crosswell@dcmotors.com.au","Disabled"
"Aaron Kent","aaron.kent@dcmotors.com.au","Disabled"
"Rob Hope","rob.hope@dcmotors.com.au","Disabled"
"Debbie Macklin","debbie.macklin@dcmotors.com.au","Disabled"
"Jarrod Hawkes","jarrod.hawkes@dcmotors.com.au","Disabled"
"Simone Kanowski","Simone.Kanowski@dcmotors.com.au","Disabled"
"Kristine McHugh","kristine.mchugh@dcmotors.com.au","Disabled"
"Matt White","matt.white@dcmotors.com.au","Disabled"
"Nigel Hill","nigel.hill@dcmotors.com.au","Disabled"
"Allan White","allan.white@dcmotors.com.au","Disabled"
"Kathryn Trevor","kathryn.trevor@dcmotors.com.au","Disabled"
"Joshua Anderson","Joshua.Anderson@dcmotors.com.au","Disabled"
"Ethan Latifi","Ethan.Latifi@dcmotors.com.au","Disabled"
"[ENTAG] Test MFA User","testmfa@autopact.com.au","Enforced"
"Peta Davis","peta.davis@calcityautos.com.au","Enforced"
"Scott Maxwell","scott.maxwell@cricks.com.au","Enforced"
"David Cunningham","david.cunningham@calcityautos.com.au","Enforced"
"Benjamin Kenward","Ben.kenward@calcityautos.com.au","Enforced"
"Brianna Comblas","brianna.comblas@calcityautos.com.au","Enforced"
"John Braithwaite","john.braithwaite@calcityautos.com.au","Enforced"
"Pearce De Costa","pearce.decosta@calcityautos.com.au","Enforced"
"Mark Wheeler","mark.wheeler@calcityautos.com.au","Enforced"
"Carlee-Rae Sparks","Carlee.Sparks@calcityautos.com.au","Enforced"
"Marilyn Donahoe","marilyn.donahoe@calcityautos.com.au","Enforced"
"Toni Matheson","toni.matheson@calcityautos.com.au","Enforced"
"Nathan Gillbee","nathan.gillbee@calcityautos.com.au","Enforced"
"John McAndrew","john.mcandrew@calcityautos.com.au","Enforced"
"Michael Nalder","michael.nalder@calcityautos.com.au","Enforced"
"Adam Rushton","adam.rushton@calcityautos.com.au","Enforced"
"Dion Loudoun","dion.loudoun@calcityautos.com.au","Enforced"
"Adam Skelton","adam.skelton@calcityautos.com.au","Enforced"
"Nigel Jones","nigel.jones@calcityautos.com.au","Enforced"
"John Schubert","john.schubert@calcityautos.com.au","Enforced"
"Gavin Rutledge","gavin.rutledge@calcityautos.com.au","Enforced"
"Matthew Delforno","matt.delforno@calcityautos.com.au","Enforced"
"Liz McGee","liz.mcgee@calcityautos.com.au","Enforced"
"Aidan Morgan","aidan.morgan@coastlinebmw.com.au","Enforced"
"Joe.mchutchison","joe.mchutchison@coastlinebmw.com.au","Enforced"
"[Archive]Andrew Whitehead","andrew.whitehead@coastlinebmw.com.au","Enforced"
"[Archive]Tarryn Sparkes","tarryn.sparkes@coastlinebmw.com.au","Enforced"
"Casey Dyke","casey.dyke@coastlinebmw.com.au","Enforced"
"Belinda Jones","belinda.jones@coastlinebmw.com.au","Enforced"
"Russell Fink","russell.fink@coastlinebmw.com.au","Enforced"
"Samuel Cadzow","samuel.cadzow@coastlinebmw.com.au","Enforced"
"Jared Bates","jared.bates@coastlinebmw.com.au","Enforced"
"Jake Nalder","jake.nalder@coastlinebmw.com.au","Enforced"
"Daniel Jones","daniel.jones@coastlinebmw.com.au","Enforced"
"Steed Chedgey","steed.chedgey@coastlinebmw.com.au","Enforced"
"Daniel Joyce","daniel.joyce@coastlinebmw.com.au","Enforced"
"Mel Firkin","mel.firkin@coastlinebmw.com.au","Enforced"
"Neil Harper","neil.harper@coastlinebmw.com.au","Enforced"
"Patrick Chancellor","patrick.chancellor@coastlinebmw.com.au","Enforced"
"Jordan Matheson-Avery","jordan.mathesonavery@coastlinebmw.com.au","Enforced"
"Ryan Horne","ryan.horne@coastlinebmw.com.au","Enforced"
"Matthew Blackley","matthew.blackley@coastlinebmw.com.au","Enforced"
"Adam Harris","adam.harris@coastlinebmw.com.au","Enforced"
"Richard Ramos","richard.ramos@coastlinebmw.com.au","Enforced"
"Peter Cameron","peter.cameron@coastlinebmw.com.au","Enforced"
"Brad Bailey","brad.bailey@coastlinebmw.com.au","Enforced"
"Joseph Adams","joseph.adams@coastlinebmw.com.au","Enforced"
"Lenore McManus","lenore.mcmanus@coastlinebmw.com.au","Enforced"
"Cherie Lerm","cherie.lerm@coastlinebmw.com.au","Enforced"
"wash bay","wash.bay@coastlinebmw.com.au","Enforced"
"Max Bremner","max.bremner@coastlinebmw.com.au","Enforced"
"[Archive]Chris Cuthbert","chris.cuthbert@coastlinebmw.com.au","Enforced"
"Joshua Woollett","joshua.woollett@coastlinebmw.com.au","Enforced"
"Brad Butcher","brad.butcher@coastlinebmw.com.au","Enforced"
"Todd Hansen","todd.hansen@coastlinebmw.com.au","Enforced"
"Tristan Zibert","tristan.zibert@coastlinebmw.com.au","Enforced"
"Scott Maidment","scott.maidment@coastlinebmw.com.au","Enforced"
"Kelly Nisbet","kelly.nisbet@coastlinebmw.com.au","Enforced"
"Amigo Bugeaud","amigo.bugeaud@coastlinebmw.com.au","Enforced"
"John Waterhouse","john.waterhouse@coastlinebmw.com.au","Enforced"
"Sara Dimitriou","sara.dimitriou@coastlinebmw.com.au","Enforced"
"Adam Sutherland","adam.sutherland@coastlinebmw.com.au","Enforced"
"Martin Hughes","martin.hughes@coastlinebmw.com.au","Enforced"
"Peta Waldron","peta.waldron@coastlinebmw.com.au","Enforced"
"Scott Dyke","scott.dyke@coastlinebmw.com.au","Enforced"
"Kathleen Bias","kathleen.bias@coastlinebmw.com.au","Enforced"
"Daniel Cantwell","daniel.cantwell@coastlinebmw.com.au","Enforced"
"Chris Simmons","chris.simmons@coastlinebmw.com.au","Enforced"
"Olivia Henderson","olivia.henderson@coastlinebmw.com.au","Enforced"
"Russel Tolcher","russel.tolcher@coastlinebmw.com.au","Enforced"
"Madonna Brown","madonna.brown@coastlinebmw.com.au","Enforced"
"Eszter Torok","eszter.torok@coastlinebmw.com.au","Enforced"
"Joe Farrell","joe.farrell@coastlinebmw.com.au","Enforced"
"Diana Calligaris","diana.calligaris@coastlinebmw.com.au","Enforced"
"Kyle Gilroy","kyle.gilroy@coastlinebmw.com.au","Enforced"
"Alex Reynolds","alex.reynolds@coastlinebmw.com.au","Enforced"
"Kristian McRorie","kristian.mcrorie@coastlinebmw.com.au","Enforced"
"Georgia Aldred","georgia.aldred@coastlinebmw.com.au","Enforced"
"Nicole Clennell","nicole.clennell@coastlinebmw.com.au","Enforced"
"Maddison Born","maddison.born@coastlinebmw.com.au","Enforced"
"Fiona Jones","fiona.jones@coastlinebmw.com.au","Enforced"
"Jeff Dempsey","jeff.dempsey@coastlinebmw.com.au","Enforced"
"Mark Costi","mark.costi@coastlinebmw.com.au","Enforced"
"Ryan Brown","ryan.brown@coastlinebmw.com.au","Enforced"
"Darren Newell","darren.newell@coastlinebmw.com.au","Enforced"
"[Archive]James Baldwin","james.baldwin@coastlinebmw.com.au","Enforced"
"Chris Callow","chris.callow@coastlinebmw.com.au","Enforced"
"Tegan Hey","tegan.hey@coastlinebmw.com.au","Enforced"
"Stuart Perry","stuart.perry@cricks.com.au","Enforced"
"Chris Lindress","chris.lindress@cricks.com.au","Enforced"
"John Ellis","john.ellis@cricks.com.au","Enforced"
"Accounts Receivable","accounts.receivable@cricks.com.au","Enforced"
"Jeffrey Walter","jeffrey.walter@cricks.com.au","Enforced"
"Greg Chisholm","greg.chisholm@cricks.com.au","Enforced"
"Jamie Staveley","jamie.staveley@cricks.com.au","Enforced"
"Jacob Fajarda","jacob.fajarda@cricks.com.au","Enforced"
"Trent Keirnan","trent.keirnan@cricks.com.au","Enforced"
"Nathan Corbishley","nathan.corbishley@cricks.com.au","Enforced"
"Sean Maher","sean.maher@cricks.com.au","Enforced"
"Thomas Weber","thomas.weber@cricks.com.au","Enforced"
"Tammara See","tammara.see@cricks.com.au","Enforced"
"Workshop","workshop.wises@cricks.com.au","Enforced"
"Richard Hansen","richard.hansen@cricks.com.au","Enforced"
"Linda Russell","linda.russell@cricks.com.au","Enforced"
"Michael Farr","michael.farr@cricks.com.au","Enforced"
"Ryan Derrick","ryan.derrick@cricks.com.au","Enforced"
"Andrew Seeley","andrew.seeley@cricks.com.au","Enforced"
"Naveen Silva","naveen.silva@cricks.com.au","Enforced"
"Dan Hunt","dan.hunt@cricks.com.au","Enforced"
"Darren Hearnden","darren.hearnden@cricks.com.au","Enforced"
"Gary Taft","gary.taft@cricks.com.au","Enforced"
"Matthew Walker","matthew.walker@cricks.com.au","Enforced"
"Malcolm Flanigan","malcolm.flanigan@cricks.com.au","Enforced"
"Jamie Wesener","jamie.wesener@cricks.com.au","Enforced"
"Brock Hancock","brock.hancock@cricks.com.au","Enforced"
"Steve Wenzel","steve.wenzel@cricks.com.au","Enforced"
"Brenton Hyde","brenton.hyde@calcityautos.com.au","Enforced"
"Lee-Anne Reynolds","leeanne.reynolds@cricks.com.au","Enforced"
"Rebecca Grimmett","rebecca.grimmett@cricks.com.au","Enforced"
"Bruce Truloff","bruce.truloff@cricks.com.au","Enforced"
"David Fruscalzo","david.fruscalzo@cricks.com.au","Enforced"
"Brady Reinhardt","brady.reinhardt@cricks.com.au","Enforced"
"Nikki Wilson","nikki.wilson@cricks.com.au","Enforced"
"Elle Fruscalzo","elle.fruscalzo@cricks.com.au","Enforced"
"Wayne Herring","wayne.herring@cricks.com.au","Enforced"
"Michael Goodeve","michael.goodeve@cricks.com.au","Enforced"
"Anthony Williams","anthony.williams@cricks.com.au","Enforced"
"Julie Hamilton","julie.hamilton@cricks.com.au","Enforced"
"Ian Brittain","ian.brittain@cricks.com.au","Enforced"
"Dean Drysdale","dean.drysdale@cricks.com.au","Enforced"
"Beau Ussher","beau.ussher@cricks.com.au","Enforced"
"Tony Martin","tony.martin@cricks.com.au","Enforced"
"Sean Ward","sean.ward@cricks.com.au","Enforced"
"Kyle Mills","kyle.mills@cricks.com.au","Enforced"
"Shane Taylor","shane.taylor@cricks.com.au","Enforced"
"Maire Morrison","maire.morrison@cricks.com.au","Enforced"
"Ian Bonney","ian.bonney@cricks.com.au","Enforced"
"Frank Yandall","frank.yandall@cricks.com.au","Enforced"
"Leah Thompson","leah.thompson@cricks.com.au","Enforced"
"Andrew Oliver","andrew.oliver@cricks.com.au","Enforced"
"Aaron Bell","aaron.bell@cricks.com.au","Enforced"
"Mick Wroe","mick.wroe@cricks.com.au","Enforced"
"Adam Baillie","adam.baillie@cricks.com.au","Enforced"
"Kaylah Vandermaal","kaylah.vandermaal@cricks.com.au","Enforced"
"Corey Rogers","corey.rogers@cricks.com.au","Enforced"
"Renita Bell","renita.bell@cricks.com.au","Enforced"
"Javorn Walter","javorn.walter@cricks.com.au","Enforced"
"Pre Delivery Noosa","pd.noosa@cricks.com.au","Enforced"
"Michelle O'Brien","michelle.obrien@autopact.com.au","Enforced"
"Mustafa Agharas","mustafa.agharas@cricks.com.au","Enforced"
"Rae Smith","rae.smith@cricks.com.au","Enforced"
"Stephen Hehir","stephen.hehir@cricks.com.au","Enforced"
"Linda Little","linda.little@cricks.com.au","Enforced"
"Josh Dickson","josh.dickson@cricks.com.au","Enforced"
"Joshua Mills","Joshua.mills@cricks.com.au","Enforced"
"Ryan Harding","ryan.harding@cricks.com.au","Enforced"
"Ben Hall","ben.hall@cricks.com.au","Enforced"
"Andrew Green","andrew.green@cricks.com.au","Enforced"
"Glenn Mounsey","glenn.mounsey@cricks.com.au","Enforced"
"Donna Bulmer","donna.bulmer@cricks.com.au","Enforced"
"Tim Eade","tim.eade@cricks.com.au","Enforced"
"Corey Rigney","corey.rigney@cricks.com.au","Enforced"
"Jamie Wass","jamie.wass@cricks.com.au","Enforced"
"Kyle Dillaway","kyle.dillaway@cricks.com.au","Enforced"
"Sara Riley","sara.riley@cricks.com.au","Enforced"
"Richard Hammett","richard.hammett@cricks.com.au","Enforced"
"Charlotte Palmer-Love","charlotte.love@cricks.com.au","Enforced"
"Elijah Canham","elijah.canham@cricks.com.au","Enforced"
"Michael Stark","michael.stark@cricks.com.au","Enforced"
"Marco Fernando","marco.fernando@cricks.com.au","Disabled"
"Tracey Shore","tracey.shore@cricks.com.au","Enforced"
"Oscar Harrison","oscar.harrison@cricks.com.au","Enforced"
"Tweed Reception","twd.reception@cricks.com.au","Enforced"
"Melanie Grant","mel.grant@cricks.com.au","Enforced"
"Braydon Horne","braydon.horne@cricks.com.au","Enforced"
"Peter Gentle","peter.gentle@cricks.com.au","Enforced"
"Abby McTaggart","abby.mctaggart@cricks.com.au","Enforced"
"Brad Buys","brad.buys@cricks.com.au","Enforced"
"Jodi Harding","jodi.harding@cricks.com.au","Enforced"
"Ray O'Neill","ray.o'neill@cricks.com.au","Enforced"
"Rachel Russon","rachel.russon@cricks.com.au","Enforced"
"Jo Relf","jo.relf@cricks.com.au","Enforced"
"Amy Jordan","amy.jordan@cricks.com.au","Enforced"
"Lee Honan","lee.honan@cricks.com.au","Enforced"
"Ben Nelson","ben.nelson@cricks.com.au","Enforced"
"Brad Currant","brad.currant@cricks.com.au","Enforced"
"Ben Lewis","ben.lewis@cricks.com.au","Enforced"
"Victor Dos Santos","victor.dos.santos@cricks.com.au","Enforced"
"David Hughes","david.hughes@cricks.com.au","Enforced"
"Chris John","chris.john@cricks.com.au","Enforced"
"Terry Broadway","terry.broadway@cricks.com.au","Enforced"
"Jazmine Mcnally","jaz.mcnally@dtsunshinecoast.com.au","Enforced"
"Roz Hazelton","roz.hazelton@cricks.com.au","Enforced"
"Caron Green","caron.green@cricks.com.au","Enforced"
"Lee Baker","lee.baker@dtsunshinecoast.com.au","Enforced"
"Tiana Broadway","tiana.broadway@cricks.com.au","Enforced"
"Christopher Spence","christopher.spence@cricks.com.au","Enforced"
"Haley Godbee","haley.godbee@cricks.com.au","Enforced"
"Lee Atkinson","lee.atkinson@cricks.com.au","Enforced"
"Sherilee Gambie","sherilee.gambie@dtsunshinecoast.com.au","Enforced"
"Matthew Hudson","matthew.hudson@cricks.com.au","Enforced"
"John Healy","john.healy@dtsunshinecoast.com.au","Enforced"
"Christine Triplett","Christine.Triplett@dtsunshinecoast.com.au","Enforced"
"Jane Chapman - DTSC","jane.chapman@dtsunshinecoast.com.au","Enforced"
"Joanne Bourne","joanne.bourne@dcmotors.com.au","Enforced"
"Kevin Smith","kevin.smith@dcmotors.com.au","Enforced"
"Chris Hayes","chris.hayes@dcmotors.com.au","Enforced"
"Peter Scherer","peter.scherer@dcmotors.com.au","Enforced"
"Colin Lester","colin.lester@dcmotors.com.au","Enforced"
"Brooke Doherty","brooke.doherty@dcmotors.com.au","Enforced"
"Lindsay Johnson","lindsay.johnson@dcmotors.com.au","Enforced"
"Elli Wust","elli.wust@dcmotors.com.au","Enforced"
"Sheamus O'Reilly","sheamus.oreilly@dcmotors.com.au","Enforced"
"Jeffrey Skinner","jeffrey.skinner@dcmotors.com.au","Enforced"
"Jennifer Williams","jennifer.williams@dcmotors.com.au","Enforced"
"Lauren Rossow","lauren.rossow@dcmotors.com.au","Enforced"
"Vern Real","vern.real@dcmotors.com.au","Enforced"
"Kevin Carney","kevin.carney@dcmotors.com.au","Enforced"
"Kayley Sutton","kayley.sutton@dcmotors.com.au","Enforced"
"Carrissa Huisman","carrissa.huisman@dcmotors.com.au","Enforced"
"Eric Emerson","eric.emerson@dcmotors.com.au","Enforced"
"David Hallmark","david.hallmark@dcmotors.com.au","Enforced"
"Melissa Finn","melissa.finn@dcmotors.com.au","Enforced"
"Keani Britos","keani.britos@dcmotors.com.au","Enforced"
"Jessica Searle","jessica.searle@dcmotors.com.au","Enforced"
"Graham Marsh","graham.marsh@dcmotors.com.au","Enforced"
"Maya Putt","maya.putt@dcmotors.com.au","Enforced"
"Jacob Samuelsson","jacob.samuelsson@dcmotors.com.au","Enforced"
"Matthew Rosel","matthew.rosel@dcmotors.com.au","Enforced"
"Elly Anderson","elly.anderson@dcmotors.com.au","Enforced"
"Laura Haferkamp","laura.haferkamp@dcmotors.com.au","Enforced"
"Anthony Anderson","anthony.anderson@dcmotors.com.au","Enforced"
"Garion Phillips","garion.phillips@dcmotors.com.au","Enforced"
"Leah Stephenson","leah.stephenson@dcmotors.com.au","Enforced"
"Renee Tucker","renee.tucker@dcmotors.com.au","Enforced"
"Chloe Ryan","chloe.ryan@dcmotors.com.au","Enforced"
"Toni McHugh","toni.mchugh@dcmotors.com.au","Enforced"
"Daryl Mills","daryl.mills@dcmotors.com.au","Enforced"
"Crystal Wilson","crystal.wilson@dcmotors.com.au","Enforced"
"Donna Huff","donna.huff@dcmotors.com.au","Enforced"
"Eryn Mooney","eryn.mooney@dcmotors.com.au","Enforced"
"Keith Krause","keith.krause@dcmotors.com.au","Enforced"
"Karen Ricks","karen.ricks@dcmotors.com.au","Enforced"
"Griffen Lindley","griffen.lindley@dcmotors.com.au","Enforced"
"Maddisan Hooper","maddisan.hooper@dcmotors.com.au","Enforced"
"Kodi Kelly","kodi.kelly@dcmotors.com.au","Enforced"
"Reece Bungard","reece.bungard@dcmotors.com.au","Enforced"
"Ryan Dunne","ryan.dunne@dcmotors.com.au","Enforced"
"Jade Osborne","jade.osborne@dcmotors.com.au","Enforced"
"Michael Mills","michael.mills@dcmotors.com.au","Enforced"
"Daniel Thomasson","daniel.thomasson@dcmotors.com.au","Enforced"
"Summer Collins","summer.collins@dcmotors.com.au","Enforced"
"Victoria Anderson","victoria.anderson@dcmotors.com.au","Enforced"
"Bryce Winter","bryce.winter@dcmotors.com.au","Enforced"
"Elisha Brown","elisha.brown@dcmotors.com.au","Enforced"
"Matthew Eades","matthew.eades@dcmotors.com.au","Enforced"
"Daniel Finn","daniel.finn@dcmotors.com.au","Enforced"
"Kylie Phillips","kylie.phillips@dcmotors.com.au","Enforced"
"Emily Slatter","emily.slatter@dcmotors.com.au","Enforced"
"Brendan Cooper","brendan.cooper@dcmotors.com.au","Enforced"
"Brittany Rose","brittany.rose@dcmotors.com.au","Enforced"
"Jaimee Anderson","jaimee.anderson@dcmotors.com.au","Enforced"
"David Anderson","david.anderson@dcmotors.com.au","Enforced"
"Jake Crosswell","jake.crosswell@dcmotors.com.au","Enforced"
"Aaron Kent","aaron.kent@dcmotors.com.au","Enforced"
"Rob Hope","rob.hope@dcmotors.com.au","Enforced"
"Debbie Macklin","debbie.macklin@dcmotors.com.au","Enforced"
"Jarrod Hawkes","jarrod.hawkes@dcmotors.com.au","Enforced"
"Simone Kanowski","Simone.Kanowski@dcmotors.com.au","Enforced"
"Kristine McHugh","kristine.mchugh@dcmotors.com.au","Enforced"
"Matt White","matt.white@dcmotors.com.au","Enforced"
"Nigel Hill","nigel.hill@dcmotors.com.au","Enforced"
"Allan White","allan.white@dcmotors.com.au","Enforced"
"Kathryn Trevor","kathryn.trevor@dcmotors.com.au","Enforced"
"Joshua Anderson","Joshua.Anderson@dcmotors.com.au","Enforced"
"Ethan Latifi","Ethan.Latifi@dcmotors.com.au","Enforced"
