UPN,Number
abain@sjshire.wa.gov.au,61895261175
abrindley@sjshire.wa.gov.au,61895261189
acasella@sjshire.wa.gov.au,61895261515
afurfaro@sjshire.wa.gov.au,61895261126
ajooste@sjshire.wa.gov.au,61895261149
akalaichelvam@sjshire.wa.gov.au,61895261344
akhan@sjshire.wa.gov.au,61895261316
aliersch@sjshire.wa.gov.au,61895261343
alomma@sjshire.wa.gov.au,61895261514
anair@sjshire.wa.gov.au,61895261513
apunchihewa@sjshire.wa.gov.au,61895261521
arajah@sjshire.wa.gov.au,61895261182
asealy@sjshire.wa.gov.au,61895261516
asnary@sjshire.wa.gov.au,61895261167
atrosic@sjshire.wa.gov.au,61895261120
avonputtkammer@sjshire.wa.gov.au,61895261158
aworboys@sjshire.wa.gov.au,61895261153
bcarrall@sjshire.wa.gov.au,61895261307
bdunkley@sjshire.wa.gov.au,61895261376
blim@sjshire.wa.gov.au,61895261146
bmajor@sjshire.wa.gov.au,61895261342
boliver@sjshire.wa.gov.au,61895261353
bowston@sjshire.wa.gov.au,61895261123
bpetersen@sjshire.wa.gov.au,61895261336
bwarner@sjshire.wa.gov.au,61895261313
cdone@sjshire.wa.gov.au,61895261512
celder@sjshire.wa.gov.au,61895261354
cgreen@sjshire.wa.gov.au,61895261347
cmortimer@sjshire.wa.gov.au,61895261346
cwilliams@sjshire.wa.gov.au,61895261359
dbaker@sjshire.wa.gov.au,61895261371
dglegg@sjshire.wa.gov.au,61895261522
dkane@sjshire.wa.gov.au,61895261325
dnewcombe@sjshire.wa.gov.au,61895261142
dpotter@sjshire.wa.gov.au,61895261311
dryan@sjshire.wa.gov.au,61895261194
dsiggers@sjshire.wa.gov.au,61895261148
dvanderlinde@sjshire.wa.gov.au,61895261106
estrijdom@sjshire.wa.gov.au,61895261317
ewynnewillson@sjshire.wa.gov.au,61895261373
fsullivan@sjshire.wa.gov.au,61895261518
gfrench@sjshire.wa.gov.au,61895261160
gling@sjshire.wa.gov.au,61895261185
gworboys@sjshire.wa.gov.au,61895261362
hball@sjshire.wa.gov.au,61895261154
hcolesbayes@sjshire.wa.gov.au,61895261130
hmaruta@sjshire.wa.gov.au,61895261165
hross@sjshire.wa.gov.au,61895261350
hruse@sjshire.wa.gov.au,61895261131
hsarcich@sjshire.wa.gov.au,61895261519
iaitken@sjshire.wa.gov.au,61895261304
jdunn@sjshire.wa.gov.au,61895261303
jfarley@sjshire.wa.gov.au,61895261108
jferguson@sjshire.wa.gov.au,61895261171
jgault@sjshire.wa.gov.au,61895261355
jhardy@sjshire.wa.gov.au,61895261360
jlee@sjshire.wa.gov.au,61895261140
jleeden@sjshire.wa.gov.au,61895261305
jlongman@sjshire.wa.gov.au,61895261326
jluckins@sjshire.wa.gov.au,61895261159
JMartin@sjshire.wa.gov.au,61895261330
jmoss@sjshire.wa.gov.au,61895261117
joneill@sjshire.wa.gov.au,61895261506
jparker@sjshire.wa.gov.au,61895261147
jparrish@sjshire.wa.gov.au,61895261109
jrake@sjshire.wa.gov.au,61895261176
jredmond@sjshire.wa.gov.au,61895261357
jrichards@sjshire.wa.gov.au,61895261310
jrichards@sjshire.wa.gov.au,61895261310
jrogers@sjshire.wa.gov.au,61895261327
jsansom@sjshire.wa.gov.au,61895261137
jsmith@sjshire.wa.gov.au,61895261173
jspiteri@sjshire.wa.gov.au,61895261374
jstill@sjshire.wa.gov.au,61895261187
kballantyne@sjshire.wa.gov.au,61895261188
kbarclay@sjshire.wa.gov.au,61895261517
kcaine@sjshire.wa.gov.au,61895261197
kgossage@sjshire.wa.gov.au,61895261172
khurley@sjshire.wa.gov.au,61895261150
kchapman@sjshire.wa.gov.au,61895261335
kleftwich@sjshire.wa.gov.au,61895261186
kmccumstie@sjshire.wa.gov.au,61895261164
kmorrislocke@sjshire.wa.gov.au,61895261180
kmurphy@sjshire.wa.gov.au,61895261509
kparker@sjshire.wa.gov.au,61895261102
kpeddie@sjshire.wa.gov.au,61895261100
kshailer@sjshire.wa.gov.au,61895261339
kwiseman@sjshire.wa.gov.au,61895261168
ldujmovic@sjshire.wa.gov.au,61895261124
lferguson@sjshire.wa.gov.au,61895261358
lfitzgerald@sjshire.wa.gov.au,61895261112
lhesford@sjshire.wa.gov.au,61895261122
lingram@sjshire.wa.gov.au,61895261356
lkeys@sjshire.wa.gov.au,61895261129
lmcclelland@sjshire.wa.gov.au,61895261369
mangeloni@sjshire.wa.gov.au,61895261104
malasadi@sjshire.wa.gov.au,61895261320
mbridge@sjshire.wa.gov.au,61895261329
mgibson@sjshire.wa.gov.au,61895261161
mglenny@sjshire.wa.gov.au,61895261381
mmateljan@sjshire.wa.gov.au,61895261157
mpeirce@sjshire.wa.gov.au,61895261314
mpennington@sjshire.wa.gov.au,61895261315
mperring@sjshire.wa.gov.au,61895261504
mrich@sjshire.wa.gov.au,61895261135
msargeson@sjshire.wa.gov.au,61895261107
mtaylor@sjshire.wa.gov.au,61895261318
mupton@sjshire.wa.gov.au,61895261312
myounger@sjshire.wa.gov.au,61895261195
ngrant@sjshire.wa.gov.au,61895261103
nneufeld@sjshire.wa.gov.au,61895261308
nrahman@sjshire.wa.gov.au,61895261191
nstevens@sjshire.wa.gov.au,61895261145
pbennington@sjshire.wa.gov.au,61895261177
pchristie@sjshire.wa.gov.au,61895261367
phollick@sjshire.wa.gov.au,61895261127
pmaha@sjshire.wa.gov.au,61895261192
pmartin@sjshire.wa.gov.au,61895261125
prawlings@sjshire.wa.gov.au,61895261128
pstrother@sjshire.wa.gov.au,61895261382
rdebruin@sjshire.wa.gov.au,61895261364
rfleming@sjshire.wa.gov.au,61895261138
rgallagher@sjshire.wa.gov.au,61895261345
rjasper@sjshire.wa.gov.au,61895261119
rsafaei@sjshire.wa.gov.au,61895261141
rsouthgate@sjshire.wa.gov.au,61895261163
rsteinki@sjshire.wa.gov.au,61895261520
rtyler@sjshire.wa.gov.au,61895261179
sfarrance@sjshire.wa.gov.au,61895261139
sgrosveld@sjshire.wa.gov.au,61895261365
sharding@sjshire.wa.gov.au,61895261193
shutchins@sjshire.wa.gov.au,61895261136
slamichhane@sjshire.wa.gov.au,61895261144
smurphy@sjshire.wa.gov.au,61895261372
snarayan@sjshire.wa.gov.au,61895261328
snossiter@sjshire.wa.gov.au,61895261338
sshaw@sjshire.wa.gov.au,61895261361
ssiaw@sjshire.wa.gov.au,61895261319
sward@sjshire.wa.gov.au,61895261178
swenban@sjshire.wa.gov.au,61895261198
ttruong@sjshire.wa.gov.au,61895261322
tjesuthasan@sjshire.wa.gov.au,61895261337
tmallon@sjshire.wa.gov.au,61895261113
tmears@sjshire.wa.gov.au,61895261301
tvassallo@sjshire.wa.gov.au,61895261508
tvicini@sjshire.wa.gov.au,61895261349
vslater@sjshire.wa.gov.au,61895261184
vwoods@sjshire.wa.gov.au,61895261501
wgarner@sjshire.wa.gov.au,61895261162
wjoy@sjshire.wa.gov.au,61895261331
wliau@sjshire.wa.gov.au,61895261323
wrockley@sjshire.wa.gov.au,61895261196
