"UserPrincipalName","UsageLocation","Licenses Type","DisplayName"
"abain@sjshire.wa.gov.au","AU","sjshirewagovau:MCOEV sjshirewagovau:SPE_E3 sjshirewagovau:POWER_BI_STANDARD","Amanda Bain"
"abain@sjshire.wa.gov.au","AU","sjshirewagovau:MCOPSTNEAU2 sjshirewagovau:MCOEV sjshirewagovau:SPE_E3 sjshirewagovau:POWER_BI_STANDARD","Amanda Bain"
"abrindley@sjshire.wa.gov.au","AU","sjshirewagovau:MCOEV sjshirewagovau:SPE_E3 sjshirewagovau:POWER_BI_STANDARD","Angela Brindley"
"abrindley@sjshire.wa.gov.au","AU","sjshirewagovau:MCOPSTNEAU2 sjshirewagovau:MCOEV sjshirewagovau:SPE_E3 sjshirewagovau:POWER_BI_STANDARD","Angela Brindley"
"abain@sjshire.wa.gov.au","AU","sjshirewagovau:MCOPSTNEAU2 sjshirewagovau:MCOEV sjshirewagovau:SPE_E3 sjshirewagovau:POWER_BI_STANDARD","Amanda Bain"
"abain@sjshire.wa.gov.au","AU","sjshirewagovau:MCOPSTNEAU2 sjshirewagovau:MCOEV sjshirewagovau:SPE_E3 sjshirewagovau:POWER_BI_STANDARD","Amanda Bain"
"abrindley@sjshire.wa.gov.au","AU","sjshirewagovau:MCOPSTNEAU2 sjshirewagovau:MCOEV sjshirewagovau:SPE_E3 sjshirewagovau:POWER_BI_STANDARD","Angela Brindley"
"abrindley@sjshire.wa.gov.au","AU","sjshirewagovau:MCOPSTNEAU2 sjshirewagovau:MCOEV sjshirewagovau:SPE_E3 sjshirewagovau:POWER_BI_STANDARD","Angela Brindley"
"abain@sjshire.wa.gov.au","AU","sjshirewagovau:MCOPSTNEAU2 sjshirewagovau:MCOEV sjshirewagovau:SPE_E3 sjshirewagovau:POWER_BI_STANDARD","Amanda Bain"
"abain@sjshire.wa.gov.au","AU","sjshirewagovau:MCOPSTNEAU2 sjshirewagovau:MCOEV sjshirewagovau:SPE_E3 sjshirewagovau:POWER_BI_STANDARD","Amanda Bain"
"abrindley@sjshire.wa.gov.au","AU","sjshirewagovau:MCOPSTNEAU2 sjshirewagovau:MCOEV sjshirewagovau:SPE_E3 sjshirewagovau:POWER_BI_STANDARD","Angela Brindley"
"abrindley@sjshire.wa.gov.au","AU","sjshirewagovau:MCOPSTNEAU2 sjshirewagovau:MCOEV sjshirewagovau:SPE_E3 sjshirewagovau:POWER_BI_STANDARD","Angela Brindley"
"abain@sjshire.wa.gov.au","AU","sjshirewagovau:MCOPSTNEAU2 sjshirewagovau:MCOEV sjshirewagovau:SPE_E3 sjshirewagovau:POWER_BI_STANDARD","Amanda Bain"
"abain@sjshire.wa.gov.au","AU","sjshirewagovau:MCOPSTNEAU2 sjshirewagovau:MCOEV sjshirewagovau:SPE_E3 sjshirewagovau:POWER_BI_STANDARD","Amanda Bain"
"abrindley@sjshire.wa.gov.au","AU","sjshirewagovau:MCOPSTNEAU2 sjshirewagovau:MCOEV sjshirewagovau:SPE_E3 sjshirewagovau:POWER_BI_STANDARD","Angela Brindley"
"abrindley@sjshire.wa.gov.au","AU","sjshirewagovau:MCOPSTNEAU2 sjshirewagovau:MCOEV sjshirewagovau:SPE_E3 sjshirewagovau:POWER_BI_STANDARD","Angela Brindley"
"afurfaro@sjshire.wa.gov.au","AU","sjshirewagovau:MCOPSTNEAU2 sjshirewagovau:MCOEV sjshirewagovau:ENTERPRISEPACK sjshirewagovau:POWER_BI_STANDARD","Andrea Furfaro"
"afurfaro@sjshire.wa.gov.au","AU","sjshirewagovau:MCOPSTNEAU2 sjshirewagovau:MCOEV sjshirewagovau:ENTERPRISEPACK sjshirewagovau:POWER_BI_STANDARD","Andrea Furfaro"
"ajooste@sjshire.wa.gov.au","AU","sjshirewagovau:MCOEV sjshirewagovau:SPE_E3 sjshirewagovau:POWER_BI_STANDARD","Adriaan Jooste"
"ajooste@sjshire.wa.gov.au","AU","sjshirewagovau:MCOPSTNEAU2 sjshirewagovau:MCOEV sjshirewagovau:SPE_E3 sjshirewagovau:POWER_BI_STANDARD","Adriaan Jooste"
"akhan@sjshire.wa.gov.au","AU","sjshirewagovau:MCOEV sjshirewagovau:ENTERPRISEPACK sjshirewagovau:POWER_BI_STANDARD","Asiya Khan"
"abain@sjshire.wa.gov.au","AU","sjshirewagovau:MCOPSTNEAU2 sjshirewagovau:MCOEV sjshirewagovau:SPE_E3 sjshirewagovau:POWER_BI_STANDARD","Amanda Bain"
"abain@sjshire.wa.gov.au","AU","sjshirewagovau:MCOPSTNEAU2 sjshirewagovau:MCOEV sjshirewagovau:SPE_E3 sjshirewagovau:POWER_BI_STANDARD","Amanda Bain"
"abrindley@sjshire.wa.gov.au","AU","sjshirewagovau:MCOPSTNEAU2 sjshirewagovau:MCOEV sjshirewagovau:SPE_E3 sjshirewagovau:POWER_BI_STANDARD","Angela Brindley"
"abain@sjshire.wa.gov.au","AU","sjshirewagovau:MCOPSTNEAU2 sjshirewagovau:MCOEV sjshirewagovau:SPE_E3 sjshirewagovau:POWER_BI_STANDARD","Amanda Bain"
"abain@sjshire.wa.gov.au","AU","sjshirewagovau:MCOPSTNEAU2 sjshirewagovau:MCOEV sjshirewagovau:SPE_E3 sjshirewagovau:POWER_BI_STANDARD","Amanda Bain"
"abrindley@sjshire.wa.gov.au","AU","sjshirewagovau:MCOPSTNEAU2 sjshirewagovau:MCOEV sjshirewagovau:SPE_E3 sjshirewagovau:POWER_BI_STANDARD","Angela Brindley"
"abrindley@sjshire.wa.gov.au","AU","sjshirewagovau:MCOPSTNEAU2 sjshirewagovau:MCOEV sjshirewagovau:SPE_E3 sjshirewagovau:POWER_BI_STANDARD","Angela Brindley"
"afurfaro@sjshire.wa.gov.au","AU","sjshirewagovau:MCOPSTNEAU2 sjshirewagovau:MCOEV sjshirewagovau:ENTERPRISEPACK sjshirewagovau:POWER_BI_STANDARD","Andrea Furfaro"
"afurfaro@sjshire.wa.gov.au","AU","sjshirewagovau:MCOPSTNEAU2 sjshirewagovau:MCOEV sjshirewagovau:ENTERPRISEPACK sjshirewagovau:POWER_BI_STANDARD","Andrea Furfaro"
"ajooste@sjshire.wa.gov.au","AU","sjshirewagovau:MCOPSTNEAU2 sjshirewagovau:MCOEV sjshirewagovau:SPE_E3 sjshirewagovau:POWER_BI_STANDARD","Adriaan Jooste"
"ajooste@sjshire.wa.gov.au","AU","sjshirewagovau:MCOPSTNEAU2 sjshirewagovau:MCOEV sjshirewagovau:SPE_E3 sjshirewagovau:POWER_BI_STANDARD","Adriaan Jooste"
"akhan@sjshire.wa.gov.au","AU","sjshirewagovau:MCOPSTNEAU2 sjshirewagovau:MCOEV sjshirewagovau:ENTERPRISEPACK sjshirewagovau:POWER_BI_STANDARD","Asiya Khan"
"akhan@sjshire.wa.gov.au","AU","sjshirewagovau:MCOPSTNEAU2 sjshirewagovau:MCOEV sjshirewagovau:ENTERPRISEPACK sjshirewagovau:POWER_BI_STANDARD","Asiya Khan"
"aliersch@sjshire.wa.gov.au","AU","sjshirewagovau:MCOPSTNEAU2 sjshirewagovau:MCOEV sjshirewagovau:SPE_E3 sjshirewagovau:POWER_BI_STANDARD","Angelyn Liersch"
"aliersch@sjshire.wa.gov.au","AU","sjshirewagovau:MCOPSTNEAU2 sjshirewagovau:MCOEV sjshirewagovau:SPE_E3 sjshirewagovau:POWER_BI_STANDARD","Angelyn Liersch"
"anair@sjshire.wa.gov.au","AU","sjshirewagovau:MCOEV sjshirewagovau:SPE_E3 sjshirewagovau:POWER_BI_STANDARD","Ashwin Nair"
"anair@sjshire.wa.gov.au","AU","sjshirewagovau:MCOPSTNEAU2 sjshirewagovau:MCOEV sjshirewagovau:SPE_E3 sjshirewagovau:POWER_BI_STANDARD","Ashwin Nair"
"apunchihewa@sjshire.wa.gov.au","AU","sjshirewagovau:MCOEV sjshirewagovau:MCOPSTNEAU2 sjshirewagovau:POWER_BI_STANDARD sjshirewagovau:SPE_E3 sjshirewagovau:FLOW_FREE","Asanga Punchihewa"
"apunchihewa@sjshire.wa.gov.au","AU","sjshirewagovau:MCOEV sjshirewagovau:MCOPSTNEAU2 sjshirewagovau:POWER_BI_STANDARD sjshirewagovau:SPE_E3 sjshirewagovau:FLOW_FREE","Asanga Punchihewa"
"arajah@sjshire.wa.gov.au","AU","sjshirewagovau:MCOEV sjshirewagovau:SPE_E3 sjshirewagovau:POWER_BI_STANDARD sjshirewagovau:FLOW_FREE sjshirewagovau:POWER_BI_PRO","Alan Rajah"
"arajah@sjshire.wa.gov.au","AU","sjshirewagovau:MCOPSTNEAU2 sjshirewagovau:MCOEV sjshirewagovau:SPE_E3 sjshirewagovau:POWER_BI_STANDARD sjshirewagovau:FLOW_FREE sjshirewagovau:POWER_BI_PRO","Alan Rajah"
"asealy@sjshire.wa.gov.au","AU","sjshirewagovau:MCOEV sjshirewagovau:SPE_E3 sjshirewagovau:POWER_BI_STANDARD sjshirewagovau:FLOW_FREE","Aimee Sealy"
"asealy@sjshire.wa.gov.au","AU","sjshirewagovau:MCOPSTNEAU2 sjshirewagovau:MCOEV sjshirewagovau:SPE_E3 sjshirewagovau:POWER_BI_STANDARD sjshirewagovau:FLOW_FREE","Aimee Sealy"
"asnary@sjshire.wa.gov.au","AU","sjshirewagovau:MCOEV sjshirewagovau:SPE_E3 sjshirewagovau:POWER_BI_STANDARD","Adrian Snary"
"asnary@sjshire.wa.gov.au","AU","sjshirewagovau:MCOPSTNEAU2 sjshirewagovau:MCOEV sjshirewagovau:SPE_E3 sjshirewagovau:POWER_BI_STANDARD","Adrian Snary"
"atrosic@sjshire.wa.gov.au","AU","sjshirewagovau:MCOPSTNEAU2 sjshirewagovau:MCOEV sjshirewagovau:SPE_E3 sjshirewagovau:POWER_BI_STANDARD","Andrew Trosic"
"atrosic@sjshire.wa.gov.au","AU","sjshirewagovau:MCOPSTNEAU2 sjshirewagovau:MCOEV sjshirewagovau:SPE_E3 sjshirewagovau:POWER_BI_STANDARD","Andrew Trosic"
"avonputtkammer@sjshire.wa.gov.au","AU","sjshirewagovau:MCOPSTNEAU2 sjshirewagovau:MCOEV sjshirewagovau:ENTERPRISEPACK sjshirewagovau:POWER_BI_STANDARD","Anna von Puttkammer"
"avonputtkammer@sjshire.wa.gov.au","AU","sjshirewagovau:MCOPSTNEAU2 sjshirewagovau:MCOEV sjshirewagovau:ENTERPRISEPACK sjshirewagovau:POWER_BI_STANDARD","Anna von Puttkammer"
"bcarrall@sjshire.wa.gov.au","AU","sjshirewagovau:MCOEV sjshirewagovau:SPE_E3 sjshirewagovau:FLOW_FREE sjshirewagovau:POWER_BI_STANDARD","Brenda Carrall"
"bcarrall@sjshire.wa.gov.au","AU","sjshirewagovau:MCOPSTNEAU2 sjshirewagovau:MCOEV sjshirewagovau:SPE_E3 sjshirewagovau:FLOW_FREE sjshirewagovau:POWER_BI_STANDARD","Brenda Carrall"
"bdunkley@sjshire.wa.gov.au","AU","sjshirewagovau:MCOEV sjshirewagovau:SPE_E3 sjshirewagovau:POWER_BI_STANDARD","Belinda Dunkley"
"bdunkley@sjshire.wa.gov.au","AU","sjshirewagovau:MCOPSTNEAU2 sjshirewagovau:MCOEV sjshirewagovau:SPE_E3 sjshirewagovau:POWER_BI_STANDARD","Belinda Dunkley"
"blim@sjshire.wa.gov.au","AU","sjshirewagovau:MCOEV sjshirewagovau:ENTERPRISEPACK sjshirewagovau:POWER_BI_STANDARD","Bing Lim"
"blim@sjshire.wa.gov.au","AU","sjshirewagovau:MCOPSTNEAU2 sjshirewagovau:MCOEV sjshirewagovau:ENTERPRISEPACK sjshirewagovau:POWER_BI_STANDARD","Bing Lim"
"bmajor@sjshire.wa.gov.au","AU","sjshirewagovau:MCOEV sjshirewagovau:ENTERPRISEPACK sjshirewagovau:POWER_BI_STANDARD","Ben Major"
"bmajor@sjshire.wa.gov.au","AU","sjshirewagovau:MCOPSTNEAU2 sjshirewagovau:MCOEV sjshirewagovau:ENTERPRISEPACK sjshirewagovau:POWER_BI_STANDARD","Ben Major"
"boliver@sjshire.wa.gov.au","AU","sjshirewagovau:MCOEV sjshirewagovau:SPE_E3 sjshirewagovau:POWER_BI_STANDARD","Brian Oliver"
"boliver@sjshire.wa.gov.au","AU","sjshirewagovau:MCOPSTNEAU2 sjshirewagovau:MCOEV sjshirewagovau:SPE_E3 sjshirewagovau:POWER_BI_STANDARD","Brian Oliver"
"bowston@sjshire.wa.gov.au","AU","sjshirewagovau:MCOEV sjshirewagovau:SPE_E3 sjshirewagovau:POWER_BI_STANDARD","Brian Owston"
"bowston@sjshire.wa.gov.au","AU","sjshirewagovau:MCOPSTNEAU2 sjshirewagovau:MCOEV sjshirewagovau:SPE_E3 sjshirewagovau:POWER_BI_STANDARD","Brian Owston"
"bpetersen@sjshire.wa.gov.au","AU","sjshirewagovau:MCOEV sjshirewagovau:SPE_E3 sjshirewagovau:POWER_BI_STANDARD","Bonnie Petersen"
"bpetersen@sjshire.wa.gov.au","AU","sjshirewagovau:MCOPSTNEAU2 sjshirewagovau:MCOEV sjshirewagovau:SPE_E3 sjshirewagovau:POWER_BI_STANDARD","Bonnie Petersen"
"bwarner@sjshire.wa.gov.au","AU","sjshirewagovau:MCOEV sjshirewagovau:SPE_E3 sjshirewagovau:POWER_BI_STANDARD","Blake Warner"
"bwarner@sjshire.wa.gov.au","AU","sjshirewagovau:MCOPSTNEAU2 sjshirewagovau:MCOEV sjshirewagovau:SPE_E3 sjshirewagovau:POWER_BI_STANDARD","Blake Warner"
"cdone@sjshire.wa.gov.au","AU","sjshirewagovau:MCOEV sjshirewagovau:SPE_E3 sjshirewagovau:FLOW_FREE sjshirewagovau:POWER_BI_STANDARD","Carl Done"
"cdone@sjshire.wa.gov.au","AU","sjshirewagovau:MCOPSTNEAU2 sjshirewagovau:MCOEV sjshirewagovau:SPE_E3 sjshirewagovau:FLOW_FREE sjshirewagovau:POWER_BI_STANDARD","Carl Done"
"celder@sjshire.wa.gov.au","AU","sjshirewagovau:FLOW_FREE sjshirewagovau:SPE_E3 sjshirewagovau:POWER_BI_STANDARD","Cindy Elder"
"celder@sjshire.wa.gov.au","AU","sjshirewagovau:MCOPSTNEAU2 sjshirewagovau:MCOEV sjshirewagovau:FLOW_FREE sjshirewagovau:SPE_E3 sjshirewagovau:POWER_BI_STANDARD","Cindy Elder"
"cgreen@sjshire.wa.gov.au","AU","sjshirewagovau:MCOEV sjshirewagovau:SPE_E3 sjshirewagovau:POWER_BI_STANDARD","Cherese Green"
"cgreen@sjshire.wa.gov.au","AU","sjshirewagovau:MCOPSTNEAU2 sjshirewagovau:MCOEV sjshirewagovau:SPE_E3 sjshirewagovau:POWER_BI_STANDARD","Cherese Green"
"cmortimer@sjshire.wa.gov.au","AU","sjshirewagovau:SPE_E3 sjshirewagovau:POWER_BI_STANDARD sjshirewagovau:FLOW_FREE","Claire Mortimer"
"cmortimer@sjshire.wa.gov.au","AU","sjshirewagovau:MCOPSTNEAU2 sjshirewagovau:MCOEV sjshirewagovau:SPE_E3 sjshirewagovau:POWER_BI_STANDARD sjshirewagovau:FLOW_FREE","Claire Mortimer"
"cwilliams@sjshire.wa.gov.au","AU","sjshirewagovau:MCOPSTNEAU2 sjshirewagovau:MCOEV sjshirewagovau:FLOW_FREE sjshirewagovau:POWER_BI_STANDARD sjshirewagovau:SPE_E3","Cory Williams"
"cwilliams@sjshire.wa.gov.au","AU","sjshirewagovau:MCOPSTNEAU2 sjshirewagovau:MCOEV sjshirewagovau:FLOW_FREE sjshirewagovau:POWER_BI_STANDARD sjshirewagovau:SPE_E3","Cory Williams"
"dbaker@sjshire.wa.gov.au","AU","sjshirewagovau:MCOEV sjshirewagovau:SPE_E3 sjshirewagovau:POWER_BI_STANDARD","Deirdre Baker"
"dbaker@sjshire.wa.gov.au","AU","sjshirewagovau:MCOPSTNEAU2 sjshirewagovau:MCOEV sjshirewagovau:SPE_E3 sjshirewagovau:POWER_BI_STANDARD","Deirdre Baker"
"dglegg@sjshire.wa.gov.au","AU","sjshirewagovau:SPE_E3 sjshirewagovau:POWER_BI_STANDARD","Demi Glegg"
"dglegg@sjshire.wa.gov.au","AU","sjshirewagovau:MCOPSTNEAU2 sjshirewagovau:MCOEV sjshirewagovau:SPE_E3 sjshirewagovau:POWER_BI_STANDARD","Demi Glegg"
"dkane@sjshire.wa.gov.au","AU","sjshirewagovau:SPE_E3 sjshirewagovau:FLOW_FREE sjshirewagovau:POWER_BI_STANDARD sjshirewagovau:POWER_BI_PRO","Darren Kane"
"dkane@sjshire.wa.gov.au","AU","sjshirewagovau:MCOPSTNEAU2 sjshirewagovau:MCOEV sjshirewagovau:SPE_E3 sjshirewagovau:FLOW_FREE sjshirewagovau:POWER_BI_STANDARD sjshirewagovau:POWER_BI_PRO","Darren Kane"
"dnewcombe@sjshire.wa.gov.au","AU","sjshirewagovau:FLOW_FREE sjshirewagovau:SPE_E3 sjshirewagovau:POWER_BI_STANDARD","Demi Newcombe"
"dnewcombe@sjshire.wa.gov.au","AU","sjshirewagovau:MCOPSTNEAU2 sjshirewagovau:MCOEV sjshirewagovau:FLOW_FREE sjshirewagovau:SPE_E3 sjshirewagovau:POWER_BI_STANDARD","Demi Newcombe"
"dpotter@sjshire.wa.gov.au","AU","sjshirewagovau:ENTERPRISEPACK sjshirewagovau:POWER_BI_STANDARD","Dave Potter"
"dpotter@sjshire.wa.gov.au","AU","sjshirewagovau:MCOPSTNEAU2 sjshirewagovau:MCOEV sjshirewagovau:ENTERPRISEPACK sjshirewagovau:POWER_BI_STANDARD","Dave Potter"
"dryan@sjshire.wa.gov.au","AU","sjshirewagovau:SPE_E3 sjshirewagovau:POWER_BI_STANDARD","Dennis Ryan"
"dryan@sjshire.wa.gov.au","AU","sjshirewagovau:MCOPSTNEAU2 sjshirewagovau:MCOEV sjshirewagovau:SPE_E3 sjshirewagovau:POWER_BI_STANDARD","Dennis Ryan"
"dvanderlinde@sjshire.wa.gov.au","AU","sjshirewagovau:SPE_E3 sjshirewagovau:FLOW_FREE sjshirewagovau:POWER_BI_STANDARD","Deon van der Linde"
"dvanderlinde@sjshire.wa.gov.au","AU","sjshirewagovau:MCOPSTNEAU2 sjshirewagovau:MCOEV sjshirewagovau:SPE_E3 sjshirewagovau:FLOW_FREE sjshirewagovau:POWER_BI_STANDARD","Deon van der Linde"
"estrijdom@sjshire.wa.gov.au","AU","sjshirewagovau:FLOW_FREE sjshirewagovau:SPE_E3 sjshirewagovau:POWER_BI_STANDARD","Elba Strijdom"
"estrijdom@sjshire.wa.gov.au","AU","sjshirewagovau:MCOPSTNEAU2 sjshirewagovau:MCOEV sjshirewagovau:FLOW_FREE sjshirewagovau:SPE_E3 sjshirewagovau:POWER_BI_STANDARD","Elba Strijdom"
"fsullivan@sjshire.wa.gov.au","AU","sjshirewagovau:SPE_E3 sjshirewagovau:POWER_BI_STANDARD","Frazer Sullivan"
"fsullivan@sjshire.wa.gov.au","AU","sjshirewagovau:MCOPSTNEAU2 sjshirewagovau:MCOEV sjshirewagovau:SPE_E3 sjshirewagovau:POWER_BI_STANDARD","Frazer Sullivan"
"gfrench@sjshire.wa.gov.au","AU","sjshirewagovau:SPE_E3 sjshirewagovau:POWER_BI_STANDARD","Gillian French"
"gfrench@sjshire.wa.gov.au","AU","sjshirewagovau:MCOPSTNEAU2 sjshirewagovau:MCOEV sjshirewagovau:SPE_E3 sjshirewagovau:POWER_BI_STANDARD","Gillian French"
"gling@sjshire.wa.gov.au","AU","sjshirewagovau:SPE_E3 sjshirewagovau:POWER_BI_STANDARD","George Ling"
"gling@sjshire.wa.gov.au","AU","sjshirewagovau:MCOPSTNEAU2 sjshirewagovau:MCOEV sjshirewagovau:SPE_E3 sjshirewagovau:POWER_BI_STANDARD","George Ling"
"gworboys@sjshire.wa.gov.au","AU","sjshirewagovau:SPE_E3 sjshirewagovau:POWER_BI_STANDARD sjshirewagovau:FLOW_FREE","Gemma Worboys"
"gworboys@sjshire.wa.gov.au","AU","sjshirewagovau:MCOPSTNEAU2 sjshirewagovau:MCOEV sjshirewagovau:SPE_E3 sjshirewagovau:POWER_BI_STANDARD sjshirewagovau:FLOW_FREE","Gemma Worboys"
"hball@sjshire.wa.gov.au","AU","sjshirewagovau:MCOEV sjshirewagovau:SPE_E3 sjshirewagovau:POWER_BI_STANDARD","Helen Ball"
"hball@sjshire.wa.gov.au","AU","sjshirewagovau:MCOPSTNEAU2 sjshirewagovau:MCOEV sjshirewagovau:SPE_E3 sjshirewagovau:POWER_BI_STANDARD","Helen Ball"
"hmaruta@sjshire.wa.gov.au","AU","sjshirewagovau:SPE_E3 sjshirewagovau:POWER_BI_STANDARD","Helen Maruta"
"hmaruta@sjshire.wa.gov.au","AU","sjshirewagovau:MCOPSTNEAU2 sjshirewagovau:MCOEV sjshirewagovau:SPE_E3 sjshirewagovau:POWER_BI_STANDARD","Helen Maruta"
"hross@sjshire.wa.gov.au","AU","sjshirewagovau:SPE_E3 sjshirewagovau:POWER_BI_STANDARD","Hayley Ross"
"hross@sjshire.wa.gov.au","AU","sjshirewagovau:MCOPSTNEAU2 sjshirewagovau:MCOEV sjshirewagovau:SPE_E3 sjshirewagovau:POWER_BI_STANDARD","Hayley Ross"
"hruse@sjshire.wa.gov.au","AU","sjshirewagovau:SPE_E3 sjshirewagovau:POWER_BI_STANDARD","Haydn Ruse"
"hruse@sjshire.wa.gov.au","AU","sjshirewagovau:MCOPSTNEAU2 sjshirewagovau:MCOEV sjshirewagovau:SPE_E3 sjshirewagovau:POWER_BI_STANDARD","Haydn Ruse"
"jdunn@sjshire.wa.gov.au","AU","sjshirewagovau:SPE_E3 sjshirewagovau:POWER_BI_STANDARD","John Dunn"
"jdunn@sjshire.wa.gov.au","AU","sjshirewagovau:MCOPSTNEAU2 sjshirewagovau:MCOEV sjshirewagovau:SPE_E3 sjshirewagovau:POWER_BI_STANDARD","John Dunn"
"jfarley@sjshire.wa.gov.au","AU","sjshirewagovau:MCOEV sjshirewagovau:MCOPSTNEAU2 sjshirewagovau:SPE_E3 sjshirewagovau:POWER_BI_STANDARD","Julie Farley"
"jfarley@sjshire.wa.gov.au","AU","sjshirewagovau:MCOEV sjshirewagovau:MCOPSTNEAU2 sjshirewagovau:SPE_E3 sjshirewagovau:POWER_BI_STANDARD","Julie Farley"
"jferguson@sjshire.wa.gov.au","AU","sjshirewagovau:SPE_E3 sjshirewagovau:POWER_BI_STANDARD","Janice Ferguson"
"jferguson@sjshire.wa.gov.au","AU","sjshirewagovau:MCOPSTNEAU2 sjshirewagovau:MCOEV sjshirewagovau:SPE_E3 sjshirewagovau:POWER_BI_STANDARD","Janice Ferguson"
"jgault@sjshire.wa.gov.au","AU","sjshirewagovau:SPE_E3 sjshirewagovau:POWER_BI_STANDARD","John Gault"
"jgault@sjshire.wa.gov.au","AU","sjshirewagovau:MCOPSTNEAU2 sjshirewagovau:MCOEV sjshirewagovau:SPE_E3 sjshirewagovau:POWER_BI_STANDARD","John Gault"
"jhardy@sjshire.wa.gov.au","AU","sjshirewagovau:SPE_E3 sjshirewagovau:POWER_BI_STANDARD","John Hardy"
"jhardy@sjshire.wa.gov.au","AU","sjshirewagovau:SPE_E3 sjshirewagovau:POWER_BI_STANDARD","John Hardy"
"jlee@sjshire.wa.gov.au","AU","sjshirewagovau:SPE_E3 sjshirewagovau:POWER_BI_STANDARD","Jacqueline Lee"
"jlee@sjshire.wa.gov.au","AU","sjshirewagovau:MCOPSTNEAU2 sjshirewagovau:MCOEV sjshirewagovau:SPE_E3 sjshirewagovau:POWER_BI_STANDARD","Jacqueline Lee"
"jleeden@sjshire.wa.gov.au","AU","sjshirewagovau:ENTERPRISEPACK sjshirewagovau:POWER_BI_STANDARD","John Leeden"
"jleeden@sjshire.wa.gov.au","AU","sjshirewagovau:MCOPSTNEAU2 sjshirewagovau:MCOEV sjshirewagovau:ENTERPRISEPACK sjshirewagovau:POWER_BI_STANDARD","John Leeden"
"jlongman@sjshire.wa.gov.au","AU","sjshirewagovau:ENTERPRISEPACK sjshirewagovau:POWER_BI_STANDARD","Jennifer Longman"
"jlongman@sjshire.wa.gov.au","AU","sjshirewagovau:MCOPSTNEAU2 sjshirewagovau:MCOEV sjshirewagovau:ENTERPRISEPACK sjshirewagovau:POWER_BI_STANDARD","Jennifer Longman"
"jluckins@sjshire.wa.gov.au","AU","sjshirewagovau:MCOEV sjshirewagovau:MCOPSTNEAU2 sjshirewagovau:SPE_E3 sjshirewagovau:POWER_BI_STANDARD","Justine Luckins"
"jluckins@sjshire.wa.gov.au","AU","sjshirewagovau:MCOEV sjshirewagovau:MCOPSTNEAU2 sjshirewagovau:SPE_E3 sjshirewagovau:POWER_BI_STANDARD","Justine Luckins"
"JMartin@sjshire.wa.gov.au","AU","sjshirewagovau:SPE_E3 sjshirewagovau:POWER_BI_STANDARD","Jessica Martin"
"JMartin@sjshire.wa.gov.au","AU","sjshirewagovau:MCOPSTNEAU2 sjshirewagovau:MCOEV sjshirewagovau:SPE_E3 sjshirewagovau:POWER_BI_STANDARD","Jessica Martin"
"jmoss@sjshire.wa.gov.au","AU","sjshirewagovau:SPE_E3 sjshirewagovau:FLOW_FREE sjshirewagovau:POWER_BI_STANDARD","Jessica Moss"
"jmoss@sjshire.wa.gov.au","AU","sjshirewagovau:MCOPSTNEAU2 sjshirewagovau:MCOEV sjshirewagovau:SPE_E3 sjshirewagovau:FLOW_FREE sjshirewagovau:POWER_BI_STANDARD","Jessica Moss"
"joneill@sjshire.wa.gov.au","AU","sjshirewagovau:SPE_E3 sjshirewagovau:POWER_BI_STANDARD","John O'Neill"
"joneill@sjshire.wa.gov.au","AU","sjshirewagovau:MCOPSTNEAU2 sjshirewagovau:MCOEV sjshirewagovau:SPE_E3 sjshirewagovau:POWER_BI_STANDARD","John O'Neill"
"jparker@sjshire.wa.gov.au","AU","sjshirewagovau:SPE_E3 sjshirewagovau:POWER_BI_STANDARD","Jason Parker"
"jparker@sjshire.wa.gov.au","AU","sjshirewagovau:MCOPSTNEAU2 sjshirewagovau:MCOEV sjshirewagovau:SPE_E3 sjshirewagovau:POWER_BI_STANDARD","Jason Parker"
"jparrish@sjshire.wa.gov.au","AU","sjshirewagovau:SPE_E3 sjshirewagovau:POWER_BI_STANDARD","Jessie Parrish"
"jparrish@sjshire.wa.gov.au","AU","sjshirewagovau:MCOPSTNEAU2 sjshirewagovau:MCOEV sjshirewagovau:SPE_E3 sjshirewagovau:POWER_BI_STANDARD","Jessie Parrish"
"jrake@sjshire.wa.gov.au","AU","sjshirewagovau:SPE_E3 sjshirewagovau:POWER_BI_STANDARD","Justin Rake"
"jrake@sjshire.wa.gov.au","AU","sjshirewagovau:MCOPSTNEAU2 sjshirewagovau:MCOEV sjshirewagovau:SPE_E3 sjshirewagovau:POWER_BI_STANDARD","Justin Rake"
"jredmond@sjshire.wa.gov.au","AU","sjshirewagovau:MCOEV sjshirewagovau:MCOPSTNEAU2 sjshirewagovau:ENTERPRISEPACK sjshirewagovau:POWER_BI_STANDARD","Jodie Redmond"
"jredmond@sjshire.wa.gov.au","AU","sjshirewagovau:MCOEV sjshirewagovau:MCOPSTNEAU2 sjshirewagovau:ENTERPRISEPACK sjshirewagovau:POWER_BI_STANDARD","Jodie Redmond"
"jrichards@sjshire.wa.gov.au","AU","sjshirewagovau:SPE_E3 sjshirewagovau:POWER_BI_STANDARD","Julie Richards"
"jrichards@sjshire.wa.gov.au","AU","sjshirewagovau:MCOPSTNEAU2 sjshirewagovau:MCOEV sjshirewagovau:SPE_E3 sjshirewagovau:POWER_BI_STANDARD","Julie Richards"
"jrichards@sjshire.wa.gov.au","AU","sjshirewagovau:MCOPSTNEAU2 sjshirewagovau:MCOEV sjshirewagovau:SPE_E3 sjshirewagovau:POWER_BI_STANDARD","Julie Richards"
"jrichards@sjshire.wa.gov.au","AU","sjshirewagovau:MCOPSTNEAU2 sjshirewagovau:MCOEV sjshirewagovau:SPE_E3 sjshirewagovau:POWER_BI_STANDARD","Julie Richards"
"jsansom@sjshire.wa.gov.au","AU","sjshirewagovau:FLOW_FREE sjshirewagovau:SPE_E3 sjshirewagovau:POWER_BI_STANDARD","Julie Sansom"
"jsansom@sjshire.wa.gov.au","AU","sjshirewagovau:MCOPSTNEAU2 sjshirewagovau:MCOEV sjshirewagovau:FLOW_FREE sjshirewagovau:SPE_E3 sjshirewagovau:POWER_BI_STANDARD","Julie Sansom"
"jsmith@sjshire.wa.gov.au","AU","sjshirewagovau:SPE_E3 sjshirewagovau:POWER_BI_STANDARD","Jason Smith"
"jsmith@sjshire.wa.gov.au","AU","sjshirewagovau:MCOPSTNEAU2 sjshirewagovau:MCOEV sjshirewagovau:SPE_E3 sjshirewagovau:POWER_BI_STANDARD","Jason Smith"
"jspiteri@sjshire.wa.gov.au","AU","sjshirewagovau:SPE_E3 sjshirewagovau:POWER_BI_STANDARD","Jake Spiteri"
"jspiteri@sjshire.wa.gov.au","AU","sjshirewagovau:MCOPSTNEAU2 sjshirewagovau:MCOEV sjshirewagovau:SPE_E3 sjshirewagovau:POWER_BI_STANDARD","Jake Spiteri"
"jstill@sjshire.wa.gov.au","AU","sjshirewagovau:FLOW_FREE sjshirewagovau:SPE_E3 sjshirewagovau:POWER_BI_STANDARD","Jamie Still"
"jstill@sjshire.wa.gov.au","AU","sjshirewagovau:MCOPSTNEAU2 sjshirewagovau:MCOEV sjshirewagovau:FLOW_FREE sjshirewagovau:SPE_E3 sjshirewagovau:POWER_BI_STANDARD","Jamie Still"
"kbarclay@sjshire.wa.gov.au","AU","sjshirewagovau:MCOPSTNEAU2 sjshirewagovau:MCOEV sjshirewagovau:SPE_E3 sjshirewagovau:POWER_BI_STANDARD","Kiriana Barclay"
"kbarclay@sjshire.wa.gov.au","AU","sjshirewagovau:MCOPSTNEAU2 sjshirewagovau:MCOEV sjshirewagovau:SPE_E3 sjshirewagovau:POWER_BI_STANDARD","Kiriana Barclay"
"kcaine@sjshire.wa.gov.au","AU","sjshirewagovau:SPE_E3 sjshirewagovau:MCOPSTNEAU2 sjshirewagovau:MCOEV sjshirewagovau:SMB_APPS sjshirewagovau:DYN365_AI_SERVICE_INSIGHTS sjshirewagovau:FLOW_FREE sjshirewagovau:POWER_BI_STANDARD","Kevin Caine"
"kcaine@sjshire.wa.gov.au","AU","sjshirewagovau:SPE_E3 sjshirewagovau:MCOPSTNEAU2 sjshirewagovau:MCOEV sjshirewagovau:SMB_APPS sjshirewagovau:DYN365_AI_SERVICE_INSIGHTS sjshirewagovau:FLOW_FREE sjshirewagovau:POWER_BI_STANDARD","Kevin Caine"
"kgossage@sjshire.wa.gov.au","AU","sjshirewagovau:ENTERPRISEPACK sjshirewagovau:POWER_BI_STANDARD","Katelyn Gossage"
"kgossage@sjshire.wa.gov.au","AU","sjshirewagovau:MCOPSTNEAU2 sjshirewagovau:MCOEV sjshirewagovau:ENTERPRISEPACK sjshirewagovau:POWER_BI_STANDARD","Katelyn Gossage"
"kleftwich@sjshire.wa.gov.au","AU","sjshirewagovau:SPE_E3 sjshirewagovau:POWER_BI_STANDARD sjshirewagovau:FLOW_FREE","Kay Leftwich"
"kleftwich@sjshire.wa.gov.au","AU","sjshirewagovau:MCOPSTNEAU2 sjshirewagovau:MCOEV sjshirewagovau:SPE_E3 sjshirewagovau:POWER_BI_STANDARD sjshirewagovau:FLOW_FREE","Kay Leftwich"
"kmccumstie@sjshire.wa.gov.au","AU","sjshirewagovau:MCOPSTNEAU2 sjshirewagovau:MCOEV sjshirewagovau:FLOW_FREE sjshirewagovau:POWER_BI_STANDARD sjshirewagovau:SPE_E3","Karen McCumstie"
"kmccumstie@sjshire.wa.gov.au","AU","sjshirewagovau:MCOPSTNEAU2 sjshirewagovau:MCOEV sjshirewagovau:FLOW_FREE sjshirewagovau:POWER_BI_STANDARD sjshirewagovau:SPE_E3","Karen McCumstie"
"kmorrislocke@sjshire.wa.gov.au","AU","sjshirewagovau:SPE_E3 sjshirewagovau:POWER_BI_STANDARD","Kelly Morris-Locke"
"kmorrislocke@sjshire.wa.gov.au","AU","sjshirewagovau:MCOPSTNEAU2 sjshirewagovau:MCOEV sjshirewagovau:SPE_E3 sjshirewagovau:POWER_BI_STANDARD","Kelly Morris-Locke"
"kmurphy@sjshire.wa.gov.au","AU","sjshirewagovau:ENTERPRISEPACK sjshirewagovau:POWER_BI_STANDARD","Kaitlin Murphy"
"kmurphy@sjshire.wa.gov.au","AU","sjshirewagovau:MCOPSTNEAU2 sjshirewagovau:MCOEV sjshirewagovau:ENTERPRISEPACK sjshirewagovau:POWER_BI_STANDARD","Kaitlin Murphy"
"kparker@sjshire.wa.gov.au","AU","sjshirewagovau:SPE_E3 sjshirewagovau:POWER_BI_STANDARD","Kenneth Parker"
"kparker@sjshire.wa.gov.au","AU","sjshirewagovau:MCOPSTNEAU2 sjshirewagovau:MCOEV sjshirewagovau:SPE_E3 sjshirewagovau:POWER_BI_STANDARD","Kenneth Parker"
"kpeddie@sjshire.wa.gov.au","AU","sjshirewagovau:SPE_E3 sjshirewagovau:POWER_BI_STANDARD","Kirsty Peddie"
"kpeddie@sjshire.wa.gov.au","AU","sjshirewagovau:MCOPSTNEAU2 sjshirewagovau:MCOEV sjshirewagovau:SPE_E3 sjshirewagovau:POWER_BI_STANDARD","Kirsty Peddie"
"kshailer@sjshire.wa.gov.au","AU","sjshirewagovau:SPE_E3 sjshirewagovau:POWER_BI_STANDARD","Kylie Shailer"
"kshailer@sjshire.wa.gov.au","AU","sjshirewagovau:MCOPSTNEAU2 sjshirewagovau:MCOEV sjshirewagovau:SPE_E3 sjshirewagovau:POWER_BI_STANDARD","Kylie Shailer"
"kwiseman@sjshire.wa.gov.au","AU","sjshirewagovau:SMB_APPS sjshirewagovau:MCOEV sjshirewagovau:MCOPSTNEAU2 sjshirewagovau:SPE_E3 sjshirewagovau:POWER_BI_STANDARD","Ken Wiseman"
"kwiseman@sjshire.wa.gov.au","AU","sjshirewagovau:SMB_APPS sjshirewagovau:MCOEV sjshirewagovau:MCOPSTNEAU2 sjshirewagovau:SPE_E3 sjshirewagovau:POWER_BI_STANDARD","Ken Wiseman"
"ldujmovic@sjshire.wa.gov.au","AU","sjshirewagovau:SPE_E3 sjshirewagovau:FLOW_FREE sjshirewagovau:POWER_BI_STANDARD","Lauren Dujmovic"
"ldujmovic@sjshire.wa.gov.au","AU","sjshirewagovau:MCOPSTNEAU2 sjshirewagovau:MCOEV sjshirewagovau:SPE_E3 sjshirewagovau:FLOW_FREE sjshirewagovau:POWER_BI_STANDARD","Lauren Dujmovic"
"lferguson@sjshire.wa.gov.au","AU","sjshirewagovau:SPE_E3 sjshirewagovau:POWER_BI_STANDARD","Lauren Ferguson"
"lferguson@sjshire.wa.gov.au","AU","sjshirewagovau:MCOPSTNEAU2 sjshirewagovau:MCOEV sjshirewagovau:SPE_E3 sjshirewagovau:POWER_BI_STANDARD","Lauren Ferguson"
"lfitzgerald@sjshire.wa.gov.au","AU","sjshirewagovau:MCOEV sjshirewagovau:MCOPSTNEAU2 sjshirewagovau:SPE_E3 sjshirewagovau:ENTERPRISEPACK sjshirewagovau:POWER_BI_STANDARD","Lauren Fitzgerald"
"lfitzgerald@sjshire.wa.gov.au","AU","sjshirewagovau:MCOEV sjshirewagovau:MCOPSTNEAU2 sjshirewagovau:SPE_E3 sjshirewagovau:ENTERPRISEPACK sjshirewagovau:POWER_BI_STANDARD","Lauren Fitzgerald"
"lhesford@sjshire.wa.gov.au","AU","sjshirewagovau:SPE_E3 sjshirewagovau:POWER_BI_STANDARD","Lisa Hesford"
"lhesford@sjshire.wa.gov.au","AU","sjshirewagovau:MCOPSTNEAU2 sjshirewagovau:MCOEV sjshirewagovau:SPE_E3 sjshirewagovau:POWER_BI_STANDARD","Lisa Hesford"
"lingram@sjshire.wa.gov.au","AU","sjshirewagovau:SPE_E3 sjshirewagovau:POWER_BI_STANDARD","Lisa Ingram"
"lingram@sjshire.wa.gov.au","AU","sjshirewagovau:MCOPSTNEAU2 sjshirewagovau:MCOEV sjshirewagovau:SPE_E3 sjshirewagovau:POWER_BI_STANDARD","Lisa Ingram"
"lkeys@sjshire.wa.gov.au","AU","sjshirewagovau:SPE_E3 sjshirewagovau:POWER_BI_STANDARD","Lisa Keys"
"lkeys@sjshire.wa.gov.au","AU","sjshirewagovau:MCOPSTNEAU2 sjshirewagovau:MCOEV sjshirewagovau:SPE_E3 sjshirewagovau:POWER_BI_STANDARD","Lisa Keys"
"lmcclelland@sjshire.wa.gov.au","AU","sjshirewagovau:SPE_E3 sjshirewagovau:POWER_BI_STANDARD","Louise McClelland"
"lmcclelland@sjshire.wa.gov.au","AU","sjshirewagovau:MCOPSTNEAU2 sjshirewagovau:MCOEV sjshirewagovau:SPE_E3 sjshirewagovau:POWER_BI_STANDARD","Louise McClelland"
"mangeloni@sjshire.wa.gov.au","AU","sjshirewagovau:MCOEV sjshirewagovau:MCOPSTNEAU2 sjshirewagovau:ENTERPRISEPACK sjshirewagovau:POWER_BI_STANDARD","Mark Angeloni"
"mangeloni@sjshire.wa.gov.au","AU","sjshirewagovau:MCOEV sjshirewagovau:MCOPSTNEAU2 sjshirewagovau:ENTERPRISEPACK sjshirewagovau:POWER_BI_STANDARD","Mark Angeloni"
"mgibson@sjshire.wa.gov.au","AU","sjshirewagovau:SPE_E3 sjshirewagovau:FLOW_FREE sjshirewagovau:POWER_BI_STANDARD","Mandie Gibson"
"mgibson@sjshire.wa.gov.au","AU","sjshirewagovau:MCOPSTNEAU2 sjshirewagovau:MCOEV sjshirewagovau:SPE_E3 sjshirewagovau:FLOW_FREE sjshirewagovau:POWER_BI_STANDARD","Mandie Gibson"
"mglenny@sjshire.wa.gov.au","AU","sjshirewagovau:SPE_E3 sjshirewagovau:POWER_BI_STANDARD","Mark Glenny"
"mglenny@sjshire.wa.gov.au","AU","sjshirewagovau:MCOPSTNEAU2 sjshirewagovau:MCOEV sjshirewagovau:SPE_E3 sjshirewagovau:POWER_BI_STANDARD","Mark Glenny"
"mmateljan@sjshire.wa.gov.au","AU","sjshirewagovau:SPE_E3 sjshirewagovau:POWER_BI_STANDARD","Megan Mateljan"
"mmateljan@sjshire.wa.gov.au","AU","sjshirewagovau:MCOPSTNEAU2 sjshirewagovau:MCOEV sjshirewagovau:SPE_E3 sjshirewagovau:POWER_BI_STANDARD","Megan Mateljan"
"mpeirce@sjshire.wa.gov.au","AU","sjshirewagovau:SPE_E3 sjshirewagovau:POWER_BI_STANDARD","Matthew Peirce"
"mpeirce@sjshire.wa.gov.au","AU","sjshirewagovau:MCOPSTNEAU2 sjshirewagovau:MCOEV sjshirewagovau:SPE_E3 sjshirewagovau:POWER_BI_STANDARD","Matthew Peirce"
"mpennington@sjshire.wa.gov.au","AU","sjshirewagovau:SPE_E3 sjshirewagovau:POWER_BI_STANDARD","Mathew Pennington"
"mpennington@sjshire.wa.gov.au","AU","sjshirewagovau:MCOPSTNEAU2 sjshirewagovau:MCOEV sjshirewagovau:SPE_E3 sjshirewagovau:POWER_BI_STANDARD","Mathew Pennington"
"mrich@sjshire.wa.gov.au","AU","sjshirewagovau:ENTERPRISEPACK sjshirewagovau:POWER_BI_STANDARD","Councillor Michelle Rich"
"mrich@sjshire.wa.gov.au","AU","sjshirewagovau:MCOPSTNEAU2 sjshirewagovau:MCOEV sjshirewagovau:ENTERPRISEPACK sjshirewagovau:POWER_BI_STANDARD","Councillor Michelle Rich"
"msargeson@sjshire.wa.gov.au","AU","sjshirewagovau:SPE_E3 sjshirewagovau:POWER_BI_STANDARD","Matt Sargeson"
"msargeson@sjshire.wa.gov.au","AU","sjshirewagovau:MCOPSTNEAU2 sjshirewagovau:MCOEV sjshirewagovau:SPE_E3 sjshirewagovau:POWER_BI_STANDARD","Matt Sargeson"
"mtaylor@sjshire.wa.gov.au","AU","sjshirewagovau:SPE_E3 sjshirewagovau:POWER_BI_STANDARD","Mitchell Taylor"
"mtaylor@sjshire.wa.gov.au","AU","sjshirewagovau:MCOPSTNEAU2 sjshirewagovau:MCOEV sjshirewagovau:SPE_E3 sjshirewagovau:POWER_BI_STANDARD","Mitchell Taylor"
"mupton@sjshire.wa.gov.au","AU","sjshirewagovau:SPE_E3 sjshirewagovau:POWER_BI_STANDARD","Michael Upton"
"mupton@sjshire.wa.gov.au","AU","sjshirewagovau:MCOPSTNEAU2 sjshirewagovau:MCOEV sjshirewagovau:SPE_E3 sjshirewagovau:POWER_BI_STANDARD","Michael Upton"
"myounger@sjshire.wa.gov.au","AU","sjshirewagovau:SPE_E3 sjshirewagovau:POWER_BI_PRO sjshirewagovau:MCOPSTNEAU2 sjshirewagovau:MCOEV sjshirewagovau:FLOW_FREE sjshirewagovau:RIGHTSMANAGEMENT_ADHOC sjshirewagovau:DYN365_AI_SERVICE_INSIGHTS sjshirewagovau:POWER_BI_STANDARD sjshirewagovau:EMS sjshirewagovau:SMB_APPS","Matthew Younger"
"myounger@sjshire.wa.gov.au","AU","sjshirewagovau:SPE_E3 sjshirewagovau:POWER_BI_PRO sjshirewagovau:MCOPSTNEAU2 sjshirewagovau:MCOEV sjshirewagovau:FLOW_FREE sjshirewagovau:RIGHTSMANAGEMENT_ADHOC sjshirewagovau:DYN365_AI_SERVICE_INSIGHTS sjshirewagovau:POWER_BI_STANDARD sjshirewagovau:EMS sjshirewagovau:SMB_APPS","Matthew Younger"
"ngrant@sjshire.wa.gov.au","AU","sjshirewagovau:SPE_E3 sjshirewagovau:POWER_BI_STANDARD","Nick Grant"
"ngrant@sjshire.wa.gov.au","AU","sjshirewagovau:MCOPSTNEAU2 sjshirewagovau:MCOEV sjshirewagovau:SPE_E3 sjshirewagovau:POWER_BI_STANDARD","Nick Grant"
"nneufeld@sjshire.wa.gov.au","AU","sjshirewagovau:FLOW_FREE sjshirewagovau:POWER_BI_STANDARD sjshirewagovau:SPE_E3","Nate Neufeld"
"nneufeld@sjshire.wa.gov.au","AU","sjshirewagovau:MCOPSTNEAU2 sjshirewagovau:MCOEV sjshirewagovau:FLOW_FREE sjshirewagovau:POWER_BI_STANDARD sjshirewagovau:SPE_E3","Nate Neufeld"
"nrahman@sjshire.wa.gov.au","AU","sjshirewagovau:SPE_E3 sjshirewagovau:POWER_BI_STANDARD","Nadiya Rahman"
"nrahman@sjshire.wa.gov.au","AU","sjshirewagovau:MCOPSTNEAU2 sjshirewagovau:MCOEV sjshirewagovau:SPE_E3 sjshirewagovau:POWER_BI_STANDARD","Nadiya Rahman"
"nstevens@sjshire.wa.gov.au","AU","sjshirewagovau:SPE_E3 sjshirewagovau:POWER_BI_STANDARD","Nicole Stevens"
"nstevens@sjshire.wa.gov.au","AU","sjshirewagovau:MCOPSTNEAU2 sjshirewagovau:MCOEV sjshirewagovau:SPE_E3 sjshirewagovau:POWER_BI_STANDARD","Nicole Stevens"
"pbennington@sjshire.wa.gov.au","AU","sjshirewagovau:MCOEV sjshirewagovau:SPE_E3 sjshirewagovau:POWER_BI_STANDARD","Peter Bennington"
"pbennington@sjshire.wa.gov.au","AU","sjshirewagovau:MCOPSTNEAU2 sjshirewagovau:MCOEV sjshirewagovau:SPE_E3 sjshirewagovau:POWER_BI_STANDARD","Peter Bennington"
"pchristie@sjshire.wa.gov.au","AU","sjshirewagovau:SPE_E3 sjshirewagovau:FLOW_FREE sjshirewagovau:POWER_BI_STANDARD","Pina Christie"
"pchristie@sjshire.wa.gov.au","AU","sjshirewagovau:MCOPSTNEAU2 sjshirewagovau:MCOEV sjshirewagovau:SPE_E3 sjshirewagovau:FLOW_FREE sjshirewagovau:POWER_BI_STANDARD","Pina Christie"
"phollick@sjshire.wa.gov.au","AU","sjshirewagovau:SPE_E3 sjshirewagovau:POWER_BI_STANDARD","Dr. Penny Hollick"
"phollick@sjshire.wa.gov.au","AU","sjshirewagovau:MCOPSTNEAU2 sjshirewagovau:MCOEV sjshirewagovau:SPE_E3 sjshirewagovau:POWER_BI_STANDARD","Dr. Penny Hollick"
"pmaha@sjshire.wa.gov.au","AU","sjshirewagovau:SPE_E3 sjshirewagovau:POWER_BI_STANDARD","Prad Maha"
"pmaha@sjshire.wa.gov.au","AU","sjshirewagovau:MCOPSTNEAU2 sjshirewagovau:MCOEV sjshirewagovau:SPE_E3 sjshirewagovau:POWER_BI_STANDARD","Prad Maha"
"pmartin@sjshire.wa.gov.au","AU","sjshirewagovau:POWER_BI_STANDARD sjshirewagovau:ENTERPRISEPACK sjshirewagovau:SPE_E3","Paul Martin"
"pmartin@sjshire.wa.gov.au","AU","sjshirewagovau:MCOPSTNEAU2 sjshirewagovau:MCOEV sjshirewagovau:POWER_BI_STANDARD sjshirewagovau:ENTERPRISEPACK sjshirewagovau:SPE_E3","Paul Martin"
"prawlings@sjshire.wa.gov.au","AU","sjshirewagovau:SPE_E3 sjshirewagovau:POWER_BI_STANDARD","Paul Rawlings"
"prawlings@sjshire.wa.gov.au","AU","sjshirewagovau:MCOPSTNEAU2 sjshirewagovau:MCOEV sjshirewagovau:SPE_E3 sjshirewagovau:POWER_BI_STANDARD","Paul Rawlings"
"pstrother@sjshire.wa.gov.au","AU","sjshirewagovau:ENTERPRISEPACK sjshirewagovau:POWER_BI_STANDARD","Paul Strother"
"pstrother@sjshire.wa.gov.au","AU","sjshirewagovau:MCOPSTNEAU2 sjshirewagovau:MCOEV sjshirewagovau:ENTERPRISEPACK sjshirewagovau:POWER_BI_STANDARD","Paul Strother"
"rdebruin@sjshire.wa.gov.au","AU","sjshirewagovau:SPE_E3 sjshirewagovau:POWER_BI_STANDARD","Rose De Bruin"
"rdebruin@sjshire.wa.gov.au","AU","sjshirewagovau:MCOPSTNEAU2 sjshirewagovau:MCOEV sjshirewagovau:SPE_E3 sjshirewagovau:POWER_BI_STANDARD","Rose De Bruin"
"rfleming@sjshire.wa.gov.au","AU","sjshirewagovau:SPE_E3 sjshirewagovau:POWER_BI_STANDARD","Ryan Fleming"
"rfleming@sjshire.wa.gov.au","AU","sjshirewagovau:MCOPSTNEAU2 sjshirewagovau:MCOEV sjshirewagovau:SPE_E3 sjshirewagovau:POWER_BI_STANDARD","Ryan Fleming"
"rjasper@sjshire.wa.gov.au","AU","sjshirewagovau:SPE_E3 sjshirewagovau:STREAM sjshirewagovau:POWER_BI_STANDARD sjshirewagovau:FLOW_FREE","Rosemary Jasper"
"rjasper@sjshire.wa.gov.au","AU","sjshirewagovau:MCOPSTNEAU2 sjshirewagovau:MCOEV sjshirewagovau:SPE_E3 sjshirewagovau:STREAM sjshirewagovau:POWER_BI_STANDARD sjshirewagovau:FLOW_FREE","Rosemary Jasper"
"rsafaei@sjshire.wa.gov.au","AU","sjshirewagovau:SPE_E3 sjshirewagovau:POWER_BI_STANDARD","Reza Safaei"
"rsafaei@sjshire.wa.gov.au","AU","sjshirewagovau:MCOPSTNEAU2 sjshirewagovau:MCOEV sjshirewagovau:SPE_E3 sjshirewagovau:POWER_BI_STANDARD","Reza Safaei"
"rsouthgate@sjshire.wa.gov.au","AU","sjshirewagovau:SPE_E3 sjshirewagovau:POWER_BI_STANDARD","Ricky Southgate"
"rsouthgate@sjshire.wa.gov.au","AU","sjshirewagovau:MCOPSTNEAU2 sjshirewagovau:MCOEV sjshirewagovau:SPE_E3 sjshirewagovau:POWER_BI_STANDARD","Ricky Southgate"
"rsteinki@sjshire.wa.gov.au","AU","sjshirewagovau:SPE_E3 sjshirewagovau:POWER_BI_STANDARD","Rebecca Steinki"
"rsteinki@sjshire.wa.gov.au","AU","sjshirewagovau:MCOPSTNEAU2 sjshirewagovau:MCOEV sjshirewagovau:SPE_E3 sjshirewagovau:POWER_BI_STANDARD","Rebecca Steinki"
"rtyler@sjshire.wa.gov.au","AU","sjshirewagovau:SPE_E3 sjshirewagovau:POWER_BI_STANDARD","Renee Tyler"
"rtyler@sjshire.wa.gov.au","AU","sjshirewagovau:MCOPSTNEAU2 sjshirewagovau:MCOEV sjshirewagovau:SPE_E3 sjshirewagovau:POWER_BI_STANDARD","Renee Tyler"
"sfarrance@sjshire.wa.gov.au","AU","sjshirewagovau:SPE_E3 sjshirewagovau:POWER_BI_STANDARD","Sarah Farrance"
"sfarrance@sjshire.wa.gov.au","AU","sjshirewagovau:MCOPSTNEAU2 sjshirewagovau:MCOEV sjshirewagovau:SPE_E3 sjshirewagovau:POWER_BI_STANDARD","Sarah Farrance"
"sgrosveld@sjshire.wa.gov.au","AU","sjshirewagovau:SPE_E3 sjshirewagovau:POWER_BI_STANDARD","Sharna Grosveld"
"sgrosveld@sjshire.wa.gov.au","AU","sjshirewagovau:MCOPSTNEAU2 sjshirewagovau:MCOEV sjshirewagovau:SPE_E3 sjshirewagovau:POWER_BI_STANDARD","Sharna Grosveld"
"sharding@sjshire.wa.gov.au","AU","sjshirewagovau:FLOW_FREE sjshirewagovau:SPE_E3 sjshirewagovau:POWER_BI_STANDARD","Steven Harding"
"sharding@sjshire.wa.gov.au","AU","sjshirewagovau:MCOPSTNEAU2 sjshirewagovau:MCOEV sjshirewagovau:FLOW_FREE sjshirewagovau:SPE_E3 sjshirewagovau:POWER_BI_STANDARD","Steven Harding"
"shutchins@sjshire.wa.gov.au","AU","sjshirewagovau:MCOPSTNEAU2 sjshirewagovau:MCOEV sjshirewagovau:SPE_E3 sjshirewagovau:POWER_BI_STANDARD","Sarah Hutchins"
"shutchins@sjshire.wa.gov.au","AU","sjshirewagovau:MCOPSTNEAU2 sjshirewagovau:MCOEV sjshirewagovau:SPE_E3 sjshirewagovau:POWER_BI_STANDARD","Sarah Hutchins"
"slamichhane@sjshire.wa.gov.au","AU","sjshirewagovau:SPE_E3 sjshirewagovau:POWER_BI_STANDARD","Shanti Lamichhane Bhandari"
"slamichhane@sjshire.wa.gov.au","AU","sjshirewagovau:MCOPSTNEAU2 sjshirewagovau:MCOEV sjshirewagovau:SPE_E3 sjshirewagovau:POWER_BI_STANDARD","Shanti Lamichhane Bhandari"
"smurphy@sjshire.wa.gov.au","AU","sjshirewagovau:SPE_E3 sjshirewagovau:POWER_BI_STANDARD sjshirewagovau:FLOW_FREE","Sally Murphy"
"smurphy@sjshire.wa.gov.au","AU","sjshirewagovau:MCOPSTNEAU2 sjshirewagovau:MCOEV sjshirewagovau:SPE_E3 sjshirewagovau:POWER_BI_STANDARD sjshirewagovau:FLOW_FREE","Sally Murphy"
"snarayan@sjshire.wa.gov.au","AU","sjshirewagovau:ENTERPRISEPACK sjshirewagovau:POWER_BI_STANDARD","Sudha Narayan"
"snarayan@sjshire.wa.gov.au","AU","sjshirewagovau:MCOPSTNEAU2 sjshirewagovau:MCOEV sjshirewagovau:ENTERPRISEPACK sjshirewagovau:POWER_BI_STANDARD","Sudha Narayan"
"snossiter@sjshire.wa.gov.au","AU","sjshirewagovau:SPE_E3 sjshirewagovau:POWER_BI_STANDARD","Shelley Nossiter"
"snossiter@sjshire.wa.gov.au","AU","sjshirewagovau:MCOPSTNEAU2 sjshirewagovau:MCOEV sjshirewagovau:SPE_E3 sjshirewagovau:POWER_BI_STANDARD","Shelley Nossiter"
"sshaw@sjshire.wa.gov.au","AU","sjshirewagovau:MCOEV sjshirewagovau:MCOPSTNEAU2 sjshirewagovau:POWER_BI_STANDARD sjshirewagovau:SPE_E3","Scott Shaw"
"sshaw@sjshire.wa.gov.au","AU","sjshirewagovau:MCOEV sjshirewagovau:MCOPSTNEAU2 sjshirewagovau:POWER_BI_STANDARD sjshirewagovau:SPE_E3","Scott Shaw"
"SSiaw@sjshire.wa.gov.au","AU","sjshirewagovau:SPE_E3 sjshirewagovau:POWER_BI_STANDARD","Stephen Siaw"
"SSiaw@sjshire.wa.gov.au","AU","sjshirewagovau:MCOPSTNEAU2 sjshirewagovau:MCOEV sjshirewagovau:SPE_E3 sjshirewagovau:POWER_BI_STANDARD","Stephen Siaw"
"sward@sjshire.wa.gov.au","AU","sjshirewagovau:SPE_E3 sjshirewagovau:POWER_BI_STANDARD","Sarah Ward"
"sward@sjshire.wa.gov.au","AU","sjshirewagovau:MCOPSTNEAU2 sjshirewagovau:MCOEV sjshirewagovau:SPE_E3 sjshirewagovau:POWER_BI_STANDARD","Sarah Ward"
"swenban@sjshire.wa.gov.au","AU","sjshirewagovau:SPE_E3 sjshirewagovau:POWER_BI_STANDARD","Samantha Wenban"
"swenban@sjshire.wa.gov.au","AU","sjshirewagovau:MCOPSTNEAU2 sjshirewagovau:MCOEV sjshirewagovau:SPE_E3 sjshirewagovau:POWER_BI_STANDARD","Samantha Wenban"
"tjesuthasan@sjshire.wa.gov.au","AU","sjshirewagovau:SPE_E3 sjshirewagovau:POWER_BI_STANDARD","Theres Jesuthasan"
"tjesuthasan@sjshire.wa.gov.au","AU","sjshirewagovau:MCOPSTNEAU2 sjshirewagovau:MCOEV sjshirewagovau:SPE_E3 sjshirewagovau:POWER_BI_STANDARD","Theres Jesuthasan"
"tmallon@sjshire.wa.gov.au","AU","sjshirewagovau:ENTERPRISEPACK sjshirewagovau:POWER_BI_STANDARD","Terry Mallon"
"tmallon@sjshire.wa.gov.au","AU","sjshirewagovau:MCOPSTNEAU2 sjshirewagovau:MCOEV sjshirewagovau:ENTERPRISEPACK sjshirewagovau:POWER_BI_STANDARD","Terry Mallon"
"tmears@sjshire.wa.gov.au","AU","sjshirewagovau:SPE_E3 sjshirewagovau:POWER_BI_STANDARD","Terry Mears"
"tmears@sjshire.wa.gov.au","AU","sjshirewagovau:MCOPSTNEAU2 sjshirewagovau:MCOEV sjshirewagovau:SPE_E3 sjshirewagovau:POWER_BI_STANDARD","Terry Mears"
"tvassallo@sjshire.wa.gov.au","AU","sjshirewagovau:SPE_E3 sjshirewagovau:POWER_BI_STANDARD","Thomas Vassallo"
"tvassallo@sjshire.wa.gov.au","AU","sjshirewagovau:MCOPSTNEAU2 sjshirewagovau:MCOEV sjshirewagovau:SPE_E3 sjshirewagovau:POWER_BI_STANDARD","Thomas Vassallo"
"tvicini@sjshire.wa.gov.au","AU","sjshirewagovau:SPE_E3 sjshirewagovau:POWER_BI_STANDARD","Tamara Vicini"
"tvicini@sjshire.wa.gov.au","AU","sjshirewagovau:MCOPSTNEAU2 sjshirewagovau:MCOEV sjshirewagovau:SPE_E3 sjshirewagovau:POWER_BI_STANDARD","Tamara Vicini"
"vslater@sjshire.wa.gov.au","AU","sjshirewagovau:SPE_E3 sjshirewagovau:POWER_BI_STANDARD","Vanessa Slater"
"vslater@sjshire.wa.gov.au","AU","sjshirewagovau:MCOPSTNEAU2 sjshirewagovau:MCOEV sjshirewagovau:SPE_E3 sjshirewagovau:POWER_BI_STANDARD","Vanessa Slater"
"vwoods@sjshire.wa.gov.au","AU","sjshirewagovau:SPE_E3 sjshirewagovau:POWER_BI_STANDARD","Vicki Woods"
"vwoods@sjshire.wa.gov.au","AU","sjshirewagovau:MCOPSTNEAU2 sjshirewagovau:MCOEV sjshirewagovau:SPE_E3 sjshirewagovau:POWER_BI_STANDARD","Vicki Woods"
"wgarner@sjshire.wa.gov.au","AU","sjshirewagovau:SPE_E3 sjshirewagovau:FLOW_FREE sjshirewagovau:POWER_BI_STANDARD","Wendy Garner"
"wgarner@sjshire.wa.gov.au","AU","sjshirewagovau:MCOPSTNEAU2 sjshirewagovau:MCOEV sjshirewagovau:SPE_E3 sjshirewagovau:FLOW_FREE sjshirewagovau:POWER_BI_STANDARD","Wendy Garner"
"wjoy@sjshire.wa.gov.au","AU","sjshirewagovau:SPE_E3 sjshirewagovau:POWER_BI_STANDARD","Wendy Joy"
"wjoy@sjshire.wa.gov.au","AU","sjshirewagovau:MCOPSTNEAU2 sjshirewagovau:MCOEV sjshirewagovau:SPE_E3 sjshirewagovau:POWER_BI_STANDARD","Wendy Joy"
"wliau@sjshire.wa.gov.au","AU","sjshirewagovau:ENTERPRISEPACK sjshirewagovau:POWER_BI_STANDARD","William Liau"
"wliau@sjshire.wa.gov.au","AU","sjshirewagovau:MCOPSTNEAU2 sjshirewagovau:MCOEV sjshirewagovau:ENTERPRISEPACK sjshirewagovau:POWER_BI_STANDARD","William Liau"
"wrockley@sjshire.wa.gov.au","AU","sjshirewagovau:MCOPSTNEAU2 sjshirewagovau:MCOEV sjshirewagovau:FLOW_FREE sjshirewagovau:POWER_BI_STANDARD sjshirewagovau:SPE_E3","Warren Rockley"
"wrockley@sjshire.wa.gov.au","AU","sjshirewagovau:MCOPSTNEAU2 sjshirewagovau:MCOEV sjshirewagovau:FLOW_FREE sjshirewagovau:POWER_BI_STANDARD sjshirewagovau:SPE_E3","Warren Rockley"
"afreeman@sjshire.wa.gov.au","AU","sjshirewagovau:ENTERPRISEPACK sjshirewagovau:POWER_BI_STANDARD","Adam Freeman"
"afreeman@sjshire.wa.gov.au","AU","sjshirewagovau:MCOPSTNEAU2 sjshirewagovau:MCOEV sjshirewagovau:ENTERPRISEPACK sjshirewagovau:POWER_BI_STANDARD","Adam Freeman"
"mkhan@sjshire.wa.gov.au","AU","sjshirewagovau:ENTERPRISEPACK sjshirewagovau:POWER_BI_STANDARD","Mushfiqur Khan"
"mkhan@sjshire.wa.gov.au","AU","sjshirewagovau:MCOPSTNEAU2 sjshirewagovau:MCOEV sjshirewagovau:ENTERPRISEPACK sjshirewagovau:POWER_BI_STANDARD","Mushfiqur Khan"
"tleson@sjshire.wa.gov.au","AU","sjshirewagovau:SPE_E3 sjshirewagovau:POWER_BI_STANDARD","Trung Le Son"
"tleson@sjshire.wa.gov.au","AU","sjshirewagovau:MCOPSTNEAU2 sjshirewagovau:MCOEV sjshirewagovau:SPE_E3 sjshirewagovau:POWER_BI_STANDARD","Trung Le Son"
"sgokelamin@sjshire.wa.gov.au","AU","sjshirewagovau:ENTERPRISEPACK sjshirewagovau:POWER_BI_STANDARD","Semra Gok-Elamin"
"sgokelamin@sjshire.wa.gov.au","AU","sjshirewagovau:MCOPSTNEAU2 sjshirewagovau:MCOEV sjshirewagovau:ENTERPRISEPACK sjshirewagovau:POWER_BI_STANDARD","Semra Gok-Elamin"
"jvogel@sjshire.wa.gov.au","AU","sjshirewagovau:ENTERPRISEPACK sjshirewagovau:POWER_BI_STANDARD","Jason Vogel"
"jvogel@sjshire.wa.gov.au","AU","sjshirewagovau:MCOPSTNEAU2 sjshirewagovau:MCOEV sjshirewagovau:ENTERPRISEPACK sjshirewagovau:POWER_BI_STANDARD","Jason Vogel"
"tmallon@sjshire.wa.gov.au","AU","sjshirewagovau:MCOPSTNEAU2 sjshirewagovau:MCOEV sjshirewagovau:ENTERPRISEPACK sjshirewagovau:POWER_BI_STANDARD","Terry Mallon"
"tmallon@sjshire.wa.gov.au","AU","sjshirewagovau:MCOPSTNEAU2 sjshirewagovau:MCOEV sjshirewagovau:ENTERPRISEPACK sjshirewagovau:POWER_BI_STANDARD","Terry Mallon"
"rsafaei@sjshire.wa.gov.au","AU","sjshirewagovau:MCOPSTNEAU2 sjshirewagovau:MCOEV sjshirewagovau:SPE_E3 sjshirewagovau:POWER_BI_STANDARD","Reza Safaei"
"rsafaei@sjshire.wa.gov.au","AU","sjshirewagovau:MCOPSTNEAU2 sjshirewagovau:MCOEV sjshirewagovau:SPE_E3 sjshirewagovau:POWER_BI_STANDARD","Reza Safaei"
"asutherland@sjshire.wa.gov.au","AU","sjshirewagovau:MCOEV sjshirewagovau:ENTERPRISEPACK sjshirewagovau:POWER_BI_STANDARD","Adam Sutherland"
"asutherland@sjshire.wa.gov.au","AU","sjshirewagovau:MCOPSTNEAU2 sjshirewagovau:MCOEV sjshirewagovau:ENTERPRISEPACK sjshirewagovau:POWER_BI_STANDARD","Adam Sutherland"
