﻿UPN,Number
Damien.Hicks@tshopbiz.com.au,61754090366
Kelly.Dakin@entag.com.au,61754090367
Jacqaomi.Evans@tshopbiz.com.au,61754090368
Kevin.Staib@tshopbiz.com.au,61754090369
David.Porter@tshopbiz.com.au,61754090370
Michelle.Lowe@tshopbiz.com.au,61754090371
Cindy.White@entag.com.au,61754090372
Sasha.Baldwin@tshopbiz.com.au,61754090373
Ashleigh.Hazell@entag.com.au,61754090374
Alex.Moody@tshopbiz.com.au,61754090375
Lexie.Edwards@tshopbiz.com.au,61754090376
Lachlan.Kennedy@entag.com.au,61754090377
Matt.Storer@tshopbiz.com.au,61754090378
suni.rajapakse@entag.com.au,61754090388
Jackson.Curro@tshopbiz.com.au,61754090380
Pascal.Stussi@tshopbiz.com.au,61754090381
Melissa.Whitfield@tshopbiz.com.au,61754090382
Pratik.Pokharel@entag.com.au,61754090383
Anita.Piers@tshopbiz.com.au,61754090384
Emily.Smith@tshopbiz.com.au,61754090385
Trish.Brown@tbtcqldcentralsunshinecoast.com.au,61754090386
Dan.Bolland@tbtcqldcentralsunshinecoast.com.au,61754090387
