Date,Holiday Name,Information,More Information,Jurisdiction
20220101,New Year's Day,New Year's Day is the first day of the calendar year and is celebrated each January 1st,https://www.cmtedd.act.gov.au/communication/holidays,act
20220103,New Year's Day (additional day),"As 1 January 2022 falls on a Saturday in 2022, the following Monday is observed as an additional public holiday.",https://www.cmtedd.act.gov.au/communication/holidays,act
20220126,Australia Day,Always celebrated on 26 January,https://www.cmtedd.act.gov.au/communication/holidays,act
20220314,Canberra Day,Held on the second Monday of March each year in Canberra to celebrate the naming ceremony of Australia's capital which took place on 12 March 1913.,https://www.cmtedd.act.gov.au/communication/holidays,act
20220415,Good Friday,Easter is celebrated with Good Friday and Easter Monday creating a 4 day long weekend.,https://www.cmtedd.act.gov.au/communication/holidays,act
20220416,Easter Saturday,Easter Saturday is between Good Friday and Easter Sunday in Australia.,https://www.cmtedd.act.gov.au/communication/holidays,act
20220417,Easter Sunday,Public Holiday as part of Easter.,https://www.cmtedd.act.gov.au/communication/holidays,act
20220418,Easter Monday,Public Holiday as part of Easter.,https://www.cmtedd.act.gov.au/communication/holidays,act
20220425,Anzac Day,Celebrated on the 25 April each year.,https://www.cmtedd.act.gov.au/communication/holidays,act
20220530,Reconciliation Day,Takes place on the first Monday on or after 27 May each year the anniversary of the 1967 referendum,https://www.cmtedd.act.gov.au/communication/holidays,act
20220613,Queen's Birthday,Celebrated on second Monday in June except in Western Australia and Queensland.,https://www.cmtedd.act.gov.au/communication/holidays,act
20221003,Labour Day,Always on a Monday creating a long weekend. It celebrates the eight-hour working day a victory for workers in the mid-late 19th century.,https://www.cmtedd.act.gov.au/communication/holidays,act
20221225,Christmas Day ,Christmas Day is an annual holiday which celebrates the birth of Jesus Christ over 2000 years ago.,https://www.cmtedd.act.gov.au/communication/holidays,act
20221226,Boxing Day,Boxing Day occurs the day after Christmas. Sydney-to-Hobart yacht race and Boxing Day Test Match (Cricket) start on this day.,https://www.cmtedd.act.gov.au/communication/holidays,act
20221227,Christmas (additional day),"As 25 December (Christmas Day) falls on a Sunday in 2022, there is an additional public holiday on the Tuesday.",https://www.cmtedd.act.gov.au/communication/holidays,act
20220101,New Year's Day,New Year's Day is the first day of the calendar year and is celebrated each January 1st,https://www.industrialrelations.nsw.gov.au/public-holidays/public-holidays-in-nsw/#3,nsw
20220103,New Year's Day (additional day),New Year's Day is the first day of the calendar year and is celebrated each January 1st,https://www.industrialrelations.nsw.gov.au/public-holidays/public-holidays-in-nsw/#3,nsw
20220126,Australia Day,Always celebrated on 26 January,https://www.industrialrelations.nsw.gov.au/public-holidays/public-holidays-in-nsw/#3,nsw
20220415,Good Friday,Easter is celebrated with Good Friday and Easter Monday creating a 4 day long weekend.,https://www.industrialrelations.nsw.gov.au/public-holidays/public-holidays-in-nsw/#3,nsw
20220416,Easter Saturday - the Saturday following Good Friday,Easter Saturday is between Good Friday and Easter Sunday in Australia.,https://www.industrialrelations.nsw.gov.au/public-holidays/public-holidays-in-nsw/#3,nsw
20220417,Easter Sunday,Public Holiday as part of Easter.,https://www.industrialrelations.nsw.gov.au/public-holidays/public-holidays-in-nsw/#3,nsw
20220418,Easter Monday,Public Holiday as part of Easter.,https://www.industrialrelations.nsw.gov.au/public-holidays/public-holidays-in-nsw/#3,nsw
20220425,Anzac Day,Celebrated on the 25 April each year.,https://www.industrialrelations.nsw.gov.au/public-holidays/public-holidays-in-nsw/#3,nsw
20220613,Queen's Birthday,Celebrated on second Monday in June except in Western Australia and Queensland.,https://www.industrialrelations.nsw.gov.au/public-holidays/public-holidays-in-nsw/#3,nsw
20220801,Bank Holiday,"Applies to banks and certain financial institutions, per the Retail Trading Act 2008",https://www.industrialrelations.nsw.gov.au/public-holidays/public-holidays-in-nsw/#3,nsw
20221003,Labour Day,"Always on a Monday, creating a long weekend. It celebrates the eight-hour working day, a victory for workers in the mid-late 19th century.",https://www.industrialrelations.nsw.gov.au/public-holidays/public-holidays-in-nsw/#3,nsw
20221225,Christmas Day ,Christmas Day is an annual holiday which celebrates the birth of Jesus Christ over 2000 years ago.,https://www.industrialrelations.nsw.gov.au/public-holidays/public-holidays-in-nsw/#3,nsw
20221226,Boxing Day,Boxing Day occurs the day after Christmas. Sydney-to-Hobart yacht race and Boxing Day Test Match (Cricket) start on this day.,https://www.industrialrelations.nsw.gov.au/public-holidays/public-holidays-in-nsw/#3,nsw
20221227,Christmas (additional day),As 25 December (Christmas Day) falls on a Sunday in 2022 there is an additional public holiday on the Tuesday.,https://www.industrialrelations.nsw.gov.au/public-holidays/public-holidays-in-nsw/#3,nsw
20220103,New Year's Day,New Year's Day is the first day of the calendar year and is celebrated each January 1st,https://nt.gov.au/nt-public-holidays,nt
20220126,Australia Day,Always celebrated on 26 January,https://nt.gov.au/nt-public-holidays,nt
20220415,Good Friday,Easter is celebrated with Good Friday and Easter Monday creating a 4 day long weekend.,https://nt.gov.au/nt-public-holidays,nt
20220416,Easter Saturday,Easter Saturday is between Good Friday and Easter Sunday in Australia.,https://nt.gov.au/nt-public-holidays,nt
20220418,Easter Monday,Public Holiday as part of Easter.,https://nt.gov.au/nt-public-holidays,nt
20220425,Anzac Day,Celebrated on the 25 April each year.,https://nt.gov.au/nt-public-holidays,nt
20220502,May Day,"Always on a Monday, creating a long weekend. It celebrates the eight-hour working day, a victory for workers in the mid-late 19th century.",https://nt.gov.au/nt-public-holidays,nt
20220613,Queen's Birthday,Celebrated on second Monday in June except in Western Australia and Queensland.,https://nt.gov.au/nt-public-holidays,nt
20220801,Picnic Day,"Observed on the first Monday of August each year and is clebrated with a horse race, railway picnic and other social outings",https://nt.gov.au/nt-public-holidays,nt
20221224,Christmas Eve 7pm - midnight,Part-day public holiday from 7pm-12 midnight,https://nt.gov.au/nt-public-holidays,nt
20221225,Christmas Day ,Christmas Day is an annual holiday which celebrates the birth of Jesus Christ over 2000 years ago.,https://nt.gov.au/nt-public-holidays,nt
20221226,Boxing Day,Boxing Day occurs the day after Christmas. Sydney-to-Hobart yacht race and Boxing Day Test Match (Cricket) start on this day.,https://nt.gov.au/nt-public-holidays,nt
20221227,Christmas (additional day),"As 25 December (Christmas Day) falls on a Sunday in 2022, there is an additional public holiday on the Tuesday.",https://nt.gov.au/nt-public-holidays,nt
20221231,New Year's Eve 7pm - midnight,Part-day public holiday from 7pm-12 midnight,https://nt.gov.au/nt-public-holidays,nt
20220101,New Year's Day,New Year's Day is the first day of the calendar year and is celebrated each January 1st,https://www.qld.gov.au/recreation/travel/holidays/public,qld
20220103,New Year's Day (additional day),"As 1 January 2022 falls on a Saturday in 2022, the following Monday is observed as an additional public holiday.",https://www.qld.gov.au/recreation/travel/holidays/public,qld
20220126,Australia Day,Always celebrated on 26 January,https://www.qld.gov.au/recreation/travel/holidays/public,qld
20220415,Good Friday,Easter is celebrated with Good Friday and Easter Monday creating a 4 day long weekend.,https://www.qld.gov.au/recreation/travel/holidays/public,qld
20220416,The day after Good Friday,Easter Saturday is between Good Friday and Easter Sunday in Australia.,https://www.qld.gov.au/recreation/travel/holidays/public,qld
20220417,Easter Sunday,Public Holiday as part of Easter.,https://www.qld.gov.au/recreation/travel/holidays/public,qld
20220418,Easter Monday,Public Holiday as part of Easter.,https://www.qld.gov.au/recreation/travel/holidays/public,qld
20220425,Anzac Day,Celebrated on the 25 April each year.,https://www.qld.gov.au/recreation/travel/holidays/public,qld
20220502,Labour Day,"Always on a Monday, creating a long weekend. It celebrates the eight-hour working day, a victory for workers in the mid-late 19th century.",https://www.qld.gov.au/recreation/travel/holidays/public,qld
20221003,Queen's Birthday,Celebrated on second Monday in June except in Western Australia and Queensland.,https://www.qld.gov.au/recreation/travel/holidays/public,qld
20221224,Christmas Eve 6pm - Midnight,Part day public holiday from 6pm to midnight,https://www.qld.gov.au/recreation/travel/holidays/public,qld
20221225,Christmas Day ,Christmas Day is an annual holiday which celebrates the birth of Jesus Christ over 2000 years ago.,https://www.qld.gov.au/recreation/travel/holidays/public,qld
20221226,Boxing Day,Boxing Day occurs the day after Christmas. Sydney-to-Hobart yacht race and Boxing Day Test Match (Cricket) start on this day.,https://www.qld.gov.au/recreation/travel/holidays/public,qld
20221227,Christmas (additional day),"As 25 December (Christmas Day) falls on a Sunday in 2022, there is an additional public holiday on the Tuesday.",https://www.qld.gov.au/recreation/travel/holidays/public,qld
20220103,New Year's Day,New Year's Day is the first day of the calendar year and is celebrated each January 1st,https://www.safework.sa.gov.au/resources/public-holidays,sa
20220126,Australia Day,Always celebrated on 26 January,https://www.safework.sa.gov.au/resources/public-holidays,sa
20220314,Adelaide Cup Day,The Holidays Act 1910 provides for the third Monday in May to be a public holiday. ch through the issuing of a special Proclamation by the Governor.,https://www.safework.sa.gov.au/resources/public-holidays,sa
20220415,Good Friday,Easter is celebrated with Good Friday and Easter Monday creating a 4 day long weekend.,https://www.safework.sa.gov.au/resources/public-holidays,sa
20220416,Easter Saturday,Easter Saturday is between Good Friday and Easter Sunday in Australia.,https://www.safework.sa.gov.au/resources/public-holidays,sa
20220418,Easter Monday,Public Holiday as part of Easter.,https://www.safework.sa.gov.au/resources/public-holidays,sa
20220425,Anzac Day,Celebrated on the 25 April each year.,https://www.safework.sa.gov.au/resources/public-holidays,sa
20220613,Queen's Birthday / Volunteer's Day,Celebrated on second Monday in June except in Western Australia and Queensland.,https://www.safework.sa.gov.au/resources/public-holidays,sa
20221003,Labour Day,"Always on a Monday, creating a long weekend. It celebrates the eight-hour working day, a victory for workers in the mid-late 19th century.",https://www.safework.sa.gov.au/resources/public-holidays,sa
20221224,Christmas Eve 7pm - midnight,Part-day public holiday from 7pm-12 midnight,https://www.safework.sa.gov.au/resources/public-holidays,sa
20221225,Christmas Day ,Christmas Day is an annual holiday which celebrates the birth of Jesus Christ over 2000 years ago.,https://www.safework.sa.gov.au/resources/public-holidays,sa
20221226,Boxing Day / Proclamation Day,Proclamation/Boxing Day occurs the day after Christmas. Sydney-to-Hobart yacht race and Boxing Day Test Match (Cricket) start on this day.,https://www.safework.sa.gov.au/resources/public-holidays,sa
20221227,Christmas (additional day),"As 25 December (Christmas Day) falls on a Sunday in 2022, there is an additional public holiday on the Tuesday.",https://www.safework.sa.gov.au/resources/public-holidays,sa
20221231,New Year's Eve 7pm  - midnight,Part-day public holiday from 7pm-12 midnight,https://www.safework.sa.gov.au/resources/public-holidays,sa
20220103,New Year's Day,New Year's Day is the first day of the calendar year and is celebrated each January 1st,https://worksafe.tas.gov.au/topics/laws-and-compliance/public-holidays,tas
20220126,Australia Day,Always celebrated on 26 January,https://worksafe.tas.gov.au/topics/laws-and-compliance/public-holidays,tas
20220314,Eight Hours Day,"Always on a Monday, creating a long weekend. It celebrates the eight-hour working day, a victory for workers in the mid-late 19th century.",https://worksafe.tas.gov.au/topics/laws-and-compliance/public-holidays,tas
20220415,Good Friday,Easter is celebrated with Good Friday and Easter Monday creating a 4 day long weekend.,https://worksafe.tas.gov.au/topics/laws-and-compliance/public-holidays,tas
20220418,Easter Monday,Public Holiday as part of Easter.,https://worksafe.tas.gov.au/topics/laws-and-compliance/public-holidays,tas
20220419,Easter Tuesday,Public Holiday currently observed by certain awards/agreements and the State Public Service,https://worksafe.tas.gov.au/topics/laws-and-compliance/public-holidays,tas
20220425,Anzac Day,Celebrated on the 25 April each year.,https://worksafe.tas.gov.au/topics/laws-and-compliance/public-holidays,tas
20220613,Queen's Birthday,Celebrated on second Monday in June except in Western Australia and Queensland.,https://worksafe.tas.gov.au/topics/laws-and-compliance/public-holidays,tas
20221225,Christmas Day,Christmas Day is an annual holiday which celebrates the birth of Jesus Christ over 2000 years ago.,https://worksafe.tas.gov.au/topics/laws-and-compliance/public-holidays,tas
20221226,Boxing Day,Boxing Day occurs the day after Christmas. Sydney-to-Hobart yacht race and Boxing Day Test Match (Cricket) start on this day.,https://worksafe.tas.gov.au/topics/laws-and-compliance/public-holidays,tas
20221227,Christmas (additional day),"As 25 December (Christmas Day) falls on a Sunday in 2022, there is an additional public holiday on the Tuesday.",https://worksafe.tas.gov.au/topics/laws-and-compliance/public-holidays,tas
20220101,New Year's Day,New Year's Day is the first day of the calendar year and is celebrated each January 1st,https://www.business.vic.gov.au/victorian-public-holidays-and-daylight-saving/victorian-public-holidays-2022,vic
20220103,New Year's Day (additional day),"As 1 January 2022 falls on a Saturday in 2022, the following Monday is observed as an additional public holiday.",https://www.business.vic.gov.au/victorian-public-holidays-and-daylight-saving/victorian-public-holidays-2022,vic
20220126,Australia Day,Always celebrated on 26 January,https://www.business.vic.gov.au/victorian-public-holidays-and-daylight-saving/victorian-public-holidays-2022,vic
20220314,Labour Day,"Always on a Monday, creating a long weekend. It celebrates the eight-hour working day, a victory for workers in the mid-late 19th century.",https://www.business.vic.gov.au/victorian-public-holidays-and-daylight-saving/victorian-public-holidays-2022,vic
20220415,Good Friday,Easter is celebrated with Good Friday and Easter Monday creating a 4 day long weekend.,https://www.business.vic.gov.au/victorian-public-holidays-and-daylight-saving/victorian-public-holidays-2022,vic
20220416,Saturday before Easter Sunday,Easter Saturday is between Good Friday and Easter Sunday in Australia.,https://www.business.vic.gov.au/victorian-public-holidays-and-daylight-saving/victorian-public-holidays-2022,vic
20220417,Easter Sunday,Public Holiday as part of Easter.,https://www.business.vic.gov.au/victorian-public-holidays-and-daylight-saving/victorian-public-holidays-2022,vic
20220418,Easter Monday,Public Holiday as part of Easter.,https://www.business.vic.gov.au/victorian-public-holidays-and-daylight-saving/victorian-public-holidays-2022,vic
20220425,Anzac Day,Celebrated on the 25 April each year.,https://www.business.vic.gov.au/victorian-public-holidays-and-daylight-saving/victorian-public-holidays-2022,vic
20220613,Queen's Birthday,Celebrated on second Monday in June except in Western Australia and Queensland.,https://www.business.vic.gov.au/victorian-public-holidays-and-daylight-saving/victorian-public-holidays-2022,vic
20221101,Melbourne Cup,All of Victoria unless alternate local holiday has been arranged by non-metro council.,https://www.business.vic.gov.au/victorian-public-holidays-and-daylight-saving/victorian-public-holidays-2022,vic
20221225,Christmas Day,Christmas Day is an annual holiday which celebrates the birth of Jesus Christ over 2000 years ago.,https://www.business.vic.gov.au/victorian-public-holidays-and-daylight-saving/victorian-public-holidays-2022,vic
20221226,Boxing Day,Boxing Day occurs the day after Christmas. Sydney-to-Hobart yacht race and Boxing Day Test Match (Cricket) start on this day.,https://www.business.vic.gov.au/victorian-public-holidays-and-daylight-saving/victorian-public-holidays-2022,vic
20221227,Christmas (additional day),"As 25 December (Christmas Day) falls on a Sunday in 2022, there is an additional public holiday on the Tuesday.",https://www.business.vic.gov.au/victorian-public-holidays-and-daylight-saving/victorian-public-holidays-2022,vic
20220101,New Year's Day,New Year's Day is the first day of the calendar year and is celebrated each January 1st,https://www.commerce.wa.gov.au/labour-relations/public-holidays-western-australia,wa
20220103,New Year's Day (additional day),"As 1 January 2022 falls on a Saturday in 2022, the following Monday is observed as an additional public holiday.",https://www.commerce.wa.gov.au/labour-relations/public-holidays-western-australia,wa
20220126,Australia Day,Always celebrated on 26 January,https://www.commerce.wa.gov.au/labour-relations/public-holidays-western-australia,wa
20220307,Labour Day,"Always on a Monday, creating a long weekend. It celebrates the eight-hour working day, a victory for workers in the mid-late 19th century.",https://www.commerce.wa.gov.au/labour-relations/public-holidays-western-australia,wa
20220415,Good Friday,Easter is celebrated with Good Friday and Easter Monday creating a 4 day long weekend.,https://www.commerce.wa.gov.au/labour-relations/public-holidays-western-australia,wa
20220418,Easter Monday,Public Holiday as part of Easter.,https://www.commerce.wa.gov.au/labour-relations/public-holidays-western-australia,wa
20220425,Anzac Day,Celebrated on the 25 April each year.,https://www.commerce.wa.gov.au/labour-relations/public-holidays-western-australia,wa
20220606,Western Australia Day,Held on the first Monday in June each year and is a state holiday only.,https://www.commerce.wa.gov.au/labour-relations/public-holidays-western-australia,wa
20220926,Queen's Birthday,Celebrated on second Monday in June except in Western Australia and Queensland.,https://www.commerce.wa.gov.au/labour-relations/public-holidays-western-australia,wa
20221225,Christmas Day ,Christmas Day is an annual holiday which celebrates the birth of Jesus Christ over 2000 years ago.,https://www.commerce.wa.gov.au/labour-relations/public-holidays-western-australia,wa
20221226,Boxing Day,Boxing Day occurs the day after Christmas. Sydney-to-Hobart yacht race and Boxing Day Test Match (Cricket) start on this day.,https://www.commerce.wa.gov.au/labour-relations/public-holidays-western-australia,wa
20221227,Christmas (additional day),"As 25 December (Christmas Day) falls on a Saturday in 2022, there is an additional public holiday on the Monday.",https://www.commerce.wa.gov.au/labour-relations/public-holidays-western-australia,wa
