"DisplayName","UserPrincipalName","LineURI","EnterpriseVoiceEnabled","HostedVoiceMail"
"Louise Thompson","Louise.Thompson@sunshinecoast.qld.gov.au","tel:+61754581569","True","True"
"Jemma Slater","Jemma.Slater@sunshinecoast.qld.gov.au","tel:+61754581570","True","True"
"Kate Coulter","Kate.Coulter@sunshinecoast.qld.gov.au","tel:+61754581571","True","True"
"Brendan Rudduck","Brendan.Rudduck@sunshinecoast.qld.gov.au","tel:+61754581572","True","True"
"Tiffany Hasted","tiffany.hasted@sunshinecoast.qld.gov.au","tel:+61754581573","True","True"
"Ulrike Mehrle","Ulrike.Mehrle@sunshinecoast.qld.gov.au","tel:+61754581574","True","True"
"Gabrielle Cherry","gabrielle.cherry@sunshinecoast.qld.gov.au","tel:+61754581575","True","True"
"Karen Coombes","Karen.Coombes@sunshinecoast.qld.gov.au","tel:+61754581576","True","True"
"Cooper Collins","cooper.collins@sunshinecoast.qld.gov.au","tel:+61754581577","True","True"
"Malcolm Prendeville","malcolm.prendeville@sunshinecoast.qld.gov.au","tel:+61754581578","True","True"
"Wendy Crow","Wendy.Crow@sunshinecoast.qld.gov.au","tel:+61754581579","True","True"
