DisplayName,UserPrincipalName,LineURI,EnterpriseVoiceEnabled,HostedVoiceMail
Jamie Wilson,Jamie.Wilson@sunshinecoast.qld.gov.au,61754581580,TRUE,TRUE
Jake Hudson,Jake.Hudson@sunshinecoast.qld.gov.au,61754581581,TRUE,TRUE
Paul Rosen,Paul.Rosen@sunshinecoast.qld.gov.au,61754581582,TRUE,TRUE
Mark Reynolds,Mark.Reynolds@sunshinecoast.qld.gov.au,61754581583,TRUE,TRUE
Ossie Wilson,Ossie.Wilson@sunshinecoast.qld.gov.au,61754581584,TRUE,TRUE
Erin Engel,Erin.Engel@sunshinecoast.qld.gov.au,61754581585,TRUE,TRUE
