"DisplayName","UserPrincipalName","LineURI","EnterpriseVoiceEnabled","HostedVoiceMail"
"Jamie Wilson","Jamie.Wilson@sunshinecoast.qld.gov.au","","True","True"
"Jake Hudson","Jake.Hudson@sunshinecoast.qld.gov.au","","True","True"
"Paul Rosen","Paul.Rosen@sunshinecoast.qld.gov.au","","True","True"
"Mark Reynolds","Mark.Reynolds@sunshinecoast.qld.gov.au","","True","True"
"Ossie Wilson","Ossie.Wilson@sunshinecoast.qld.gov.au","","True","True"
"Erin Engel","Erin.Engel@sunshinecoast.qld.gov.au","","True","True"
