"DisplayName","UserPrincipalName","LineURI","EnterpriseVoiceEnabled","HostedVoiceMail"
"Joanne Curraey","joanne.curraey@sunshinecoast.qld.gov.au","","True","True"
"Matthew Davenport","matthew.davenport@sunshinecoast.qld.gov.au","","True","True"
"Angela De Villiers","angela.devilliers@sunshinecoast.qld.gov.au","","True","True"
"Leonard Daws","Leonard.Daws@sunshinecoast.qld.gov.au","","True","True"
"Linda Bain","linda.bain@sunshinecoast.qld.gov.au","","True","True"
"Michelle Meyer","Michelle.Meyer@sunshinecoast.qld.gov.au","","True","True"
"Billie Marriott","Billie.Marriott@sunshinecoast.qld.gov.au","","True","True"
"Noah Luby","Noah.Luby@sunshinecoast.qld.gov.au","","True","True"
